Command line invocation:
    /Applications/Xcode.app/Contents/Developer/usr/bin/xcodebuild -project "/Users/doubleshy0n/.codex/worktrees/paired-rollout-preflight/Universe Keyboard/Universe Keyboard.xcodeproj" -scheme "Universe Keyboard" -configuration Debug -destination "platform=iOS Simulator,id=405D994F-28CB-4F89-BB22-B64AD81C05A2" -derivedDataPath /private/tmp/ukey-wake-c2-20261001/DerivedData -parallel-testing-enabled NO -maximum-concurrent-test-simulator-destinations 1 -disableAutomaticPackageResolution -skipPackageUpdates -collect-test-diagnostics never CODE_SIGNING_ALLOWED=NO SWIFT_VERSION=6.0 SWIFT_STRICT_CONCURRENCY=complete SWIFT_SUPPRESS_WARNINGS=NO SWIFT_TREAT_WARNINGS_AS_ERRORS=YES -resultBundlePath /private/tmp/ukey-wake-c2-20261001/app-keyboard-01.xcresult test

Build settings from command line:
    CODE_SIGNING_ALLOWED = NO
    SWIFT_STRICT_CONCURRENCY = complete
    SWIFT_SUPPRESS_WARNINGS = NO
    SWIFT_TREAT_WARNINGS_AS_ERRORS = YES
    SWIFT_VERSION = 6.0

Resolve Package Graph


Resolved source packages:
  RimeBridge: /Users/doubleshy0n/.codex/worktrees/paired-rollout-preflight/Universe Keyboard/Packages/RimeBridge @ local
  KeyboardCore: /Users/doubleshy0n/.codex/worktrees/paired-rollout-preflight/Universe Keyboard/Packages/KeyboardCore @ local

Writing result bundle at path:
	/private/tmp/ukey-wake-c2-20261001/app-keyboard-01.xcresult

ComputePackagePrebuildTargetDependencyGraph

Prepare packages

CreateBuildRequest

SendProjectDescription

CreateBuildOperation

ComputeTargetDependencyGraph
note: Building targets in dependency order
note: Target dependency graph (10 targets)
    Target 'KeyboardTests' in project 'Universe Keyboard'
        ➜ Explicit dependency on target 'KeyboardCore-product' in project 'KeyboardCore'
    Target 'UniverseKeyboardTests' in project 'Universe Keyboard'
        ➜ Explicit dependency on target 'Universe Keyboard' in project 'Universe Keyboard'
        ➜ Explicit dependency on target 'RimeBridge-product' in project 'RimeBridge'
        ➜ Explicit dependency on target 'KeyboardCore-product' in project 'KeyboardCore'
    Target 'Universe Keyboard' in project 'Universe Keyboard'
        ➜ Explicit dependency on target 'Keyboard' in project 'Universe Keyboard'
        ➜ Explicit dependency on target 'KeyboardCore-product' in project 'KeyboardCore'
        ➜ Explicit dependency on target 'RimeBridge-product' in project 'RimeBridge'
    Target 'Keyboard' in project 'Universe Keyboard'
        ➜ Explicit dependency on target 'KeyboardCore-product' in project 'KeyboardCore'
        ➜ Explicit dependency on target 'RimeBridge-product' in project 'RimeBridge'
    Target 'RimeBridge-product' in project 'RimeBridge'
        ➜ Explicit dependency on target 'RimeBridge' in project 'RimeBridge'
        ➜ Explicit dependency on target 'RimeBridgeObjC' in project 'RimeBridge'
        ➜ Explicit dependency on target 'KeyboardCore-product' in project 'KeyboardCore'
    Target 'RimeBridge' in project 'RimeBridge'
        ➜ Explicit dependency on target 'RimeBridgeObjC' in project 'RimeBridge'
        ➜ Explicit dependency on target 'KeyboardCore-product' in project 'KeyboardCore'
    Target 'RimeBridgeObjC' in project 'RimeBridge' (no dependencies)
    Target 'KeyboardCore-product' in project 'KeyboardCore'
        ➜ Explicit dependency on target 'KeyboardCore' in project 'KeyboardCore'
        ➜ Explicit dependency on target 'KeyboardCore_KeyboardCore' in project 'KeyboardCore'
    Target 'KeyboardCore' in project 'KeyboardCore'
        ➜ Explicit dependency on target 'KeyboardCore_KeyboardCore' in project 'KeyboardCore'
    Target 'KeyboardCore_KeyboardCore' in project 'KeyboardCore' (no dependencies)

GatherProvisioningInputs

CreateBuildDescription

ClangStatCache /Applications/Xcode.app/Contents/Developer/Toolchains/XcodeDefault.xctoolchain/usr/bin/clang-stat-cache /Applications/Xcode.app/Contents/Developer/Platforms/iPhoneSimulator.platform/Developer/SDKs/iPhoneSimulator27.0.sdk /tmp/ukey-wake-c2-20261001/DerivedData/SDKStatCaches.noindex/iphonesimulator27.0-24A430-8dc58220667be655e1bcc261a7455254.sdkstatcache
    cd /Users/doubleshy0n/.codex/worktrees/paired-rollout-preflight/Universe\ Keyboard/Universe\ Keyboard.xcodeproj
    /Applications/Xcode.app/Contents/Developer/Toolchains/XcodeDefault.xctoolchain/usr/bin/clang-stat-cache /Applications/Xcode.app/Contents/Developer/Platforms/iPhoneSimulator.platform/Developer/SDKs/iPhoneSimulator27.0.sdk -o /tmp/ukey-wake-c2-20261001/DerivedData/SDKStatCaches.noindex/iphonesimulator27.0-24A430-8dc58220667be655e1bcc261a7455254.sdkstatcache

CpResource /tmp/ukey-wake-c2-20261001/DerivedData/Build/Products/Debug-iphonesimulator/PackageFrameworks/KeyboardCore_-8730D61D9395D3A_PackageProduct.framework/KeyboardCore_KeyboardCore.bundle /tmp/ukey-wake-c2-20261001/DerivedData/Build/Products/Debug-iphonesimulator/KeyboardCore_KeyboardCore.bundle (in target 'KeyboardCoredynamic-product' from project 'KeyboardCore')
    cd /Users/doubleshy0n/.codex/worktrees/paired-rollout-preflight/Universe\ Keyboard/Packages/KeyboardCore
    builtin-copy -exclude .DS_Store -exclude CVS -exclude .svn -exclude .git -exclude .hg -resolve-src-symlinks /tmp/ukey-wake-c2-20261001/DerivedData/Build/Products/Debug-iphonesimulator/KeyboardCore_KeyboardCore.bundle /tmp/ukey-wake-c2-20261001/DerivedData/Build/Products/Debug-iphonesimulator/PackageFrameworks/KeyboardCore_-8730D61D9395D3A_PackageProduct.framework

Copy /tmp/ukey-wake-c2-20261001/DerivedData/Build/Products/Debug-iphonesimulator/Keyboard.appex/KeyboardCore_KeyboardCore.bundle /tmp/ukey-wake-c2-20261001/DerivedData/Build/Products/Debug-iphonesimulator/KeyboardCore_KeyboardCore.bundle (in target 'Keyboard' from project 'Universe Keyboard')
    cd /Users/doubleshy0n/.codex/worktrees/paired-rollout-preflight/Universe\ Keyboard
    builtin-copy -exclude .DS_Store -exclude CVS -exclude .svn -exclude .git -exclude .hg -resolve-src-symlinks /tmp/ukey-wake-c2-20261001/DerivedData/Build/Products/Debug-iphonesimulator/KeyboardCore_KeyboardCore.bundle /tmp/ukey-wake-c2-20261001/DerivedData/Build/Products/Debug-iphonesimulator/Keyboard.appex

ProcessInfoPlistFile /tmp/ukey-wake-c2-20261001/DerivedData/Build/Products/Debug-iphonesimulator/Keyboard.appex/Info.plist /Users/doubleshy0n/.codex/worktrees/paired-rollout-preflight/Universe\ Keyboard/Keyboard/Info.plist (in target 'Keyboard' from project 'Universe Keyboard')
    cd /Users/doubleshy0n/.codex/worktrees/paired-rollout-preflight/Universe\ Keyboard
    builtin-infoPlistUtility /Users/doubleshy0n/.codex/worktrees/paired-rollout-preflight/Universe\ Keyboard/Keyboard/Info.plist -producttype com.apple.product-type.app-extension -expandbuildsettings -format binary -platform iphonesimulator -scanforprivacyfile /tmp/ukey-wake-c2-20261001/DerivedData/Build/Products/Debug-iphonesimulator/Keyboard.appex/KeyboardCore_KeyboardCore.bundle -o /tmp/ukey-wake-c2-20261001/DerivedData/Build/Products/Debug-iphonesimulator/Keyboard.appex/Info.plist

Copy /tmp/ukey-wake-c2-20261001/DerivedData/Build/Products/Debug-iphonesimulator/Universe\ Keyboard.app/PlugIns/Keyboard.appex /tmp/ukey-wake-c2-20261001/DerivedData/Build/Products/Debug-iphonesimulator/Keyboard.appex (in target 'Universe Keyboard' from project 'Universe Keyboard')
    cd /Users/doubleshy0n/.codex/worktrees/paired-rollout-preflight/Universe\ Keyboard
    builtin-copy -exclude .DS_Store -exclude CVS -exclude .svn -exclude .git -exclude .hg -exclude Headers -exclude PrivateHeaders -exclude Modules -exclude \*.tbd -resolve-src-symlinks -remove-static-executable /tmp/ukey-wake-c2-20261001/DerivedData/Build/Products/Debug-iphonesimulator/Keyboard.appex /tmp/ukey-wake-c2-20261001/DerivedData/Build/Products/Debug-iphonesimulator/Universe\ Keyboard.app/PlugIns

Copy /tmp/ukey-wake-c2-20261001/DerivedData/Build/Products/Debug-iphonesimulator/Universe\ Keyboard.app/Frameworks/KeyboardCore_-8730D61D9395D3A_PackageProduct.framework /tmp/ukey-wake-c2-20261001/DerivedData/Build/Products/Debug-iphonesimulator/PackageFrameworks/KeyboardCore_-8730D61D9395D3A_PackageProduct.framework (in target 'Universe Keyboard' from project 'Universe Keyboard')
    cd /Users/doubleshy0n/.codex/worktrees/paired-rollout-preflight/Universe\ Keyboard
    builtin-copy -exclude .DS_Store -exclude CVS -exclude .svn -exclude .git -exclude .hg -resolve-src-symlinks -remove-static-executable /tmp/ukey-wake-c2-20261001/DerivedData/Build/Products/Debug-iphonesimulator/PackageFrameworks/KeyboardCore_-8730D61D9395D3A_PackageProduct.framework /tmp/ukey-wake-c2-20261001/DerivedData/Build/Products/Debug-iphonesimulator/Universe\ Keyboard.app/Frameworks

Copy /tmp/ukey-wake-c2-20261001/DerivedData/Build/Products/Debug-iphonesimulator/Universe\ Keyboard.app/KeyboardCore_KeyboardCore.bundle /tmp/ukey-wake-c2-20261001/DerivedData/Build/Products/Debug-iphonesimulator/KeyboardCore_KeyboardCore.bundle (in target 'Universe Keyboard' from project 'Universe Keyboard')
    cd /Users/doubleshy0n/.codex/worktrees/paired-rollout-preflight/Universe\ Keyboard
    builtin-copy -exclude .DS_Store -exclude CVS -exclude .svn -exclude .git -exclude .hg -resolve-src-symlinks /tmp/ukey-wake-c2-20261001/DerivedData/Build/Products/Debug-iphonesimulator/KeyboardCore_KeyboardCore.bundle /tmp/ukey-wake-c2-20261001/DerivedData/Build/Products/Debug-iphonesimulator/Universe\ Keyboard.app

Copy /tmp/ukey-wake-c2-20261001/DerivedData/Build/Products/Debug-iphonesimulator/Universe\ Keyboard.app/Frameworks/RimeBridge_57276DBF982DF6E4_PackageProduct.framework /tmp/ukey-wake-c2-20261001/DerivedData/Build/Products/Debug-iphonesimulator/PackageFrameworks/RimeBridge_57276DBF982DF6E4_PackageProduct.framework (in target 'Universe Keyboard' from project 'Universe Keyboard')
    cd /Users/doubleshy0n/.codex/worktrees/paired-rollout-preflight/Universe\ Keyboard
    builtin-copy -exclude .DS_Store -exclude CVS -exclude .svn -exclude .git -exclude .hg -resolve-src-symlinks -remove-static-executable /tmp/ukey-wake-c2-20261001/DerivedData/Build/Products/Debug-iphonesimulator/PackageFrameworks/RimeBridge_57276DBF982DF6E4_PackageProduct.framework /tmp/ukey-wake-c2-20261001/DerivedData/Build/Products/Debug-iphonesimulator/Universe\ Keyboard.app/Frameworks

ProcessInfoPlistFile /tmp/ukey-wake-c2-20261001/DerivedData/Build/Products/Debug-iphonesimulator/Universe\ Keyboard.app/Info.plist /Users/doubleshy0n/.codex/worktrees/paired-rollout-preflight/Universe\ Keyboard/config/Info.plist (in target 'Universe Keyboard' from project 'Universe Keyboard')
    cd /Users/doubleshy0n/.codex/worktrees/paired-rollout-preflight/Universe\ Keyboard
    builtin-infoPlistUtility /Users/doubleshy0n/.codex/worktrees/paired-rollout-preflight/Universe\ Keyboard/config/Info.plist -producttype com.apple.product-type.application -genpkginfo /tmp/ukey-wake-c2-20261001/DerivedData/Build/Products/Debug-iphonesimulator/Universe\ Keyboard.app/PkgInfo -expandbuildsettings -format binary -platform iphonesimulator -additionalcontentfile /tmp/ukey-wake-c2-20261001/DerivedData/Build/Intermediates.noindex/Universe\ Keyboard.build/Debug-iphonesimulator/Universe\ Keyboard.build/assetcatalog_generated_info.plist -scanforprivacyfile /tmp/ukey-wake-c2-20261001/DerivedData/Build/Products/Debug-iphonesimulator/Universe\ Keyboard.app/Frameworks/KeyboardCore_-8730D61D9395D3A_PackageProduct.framework -scanforprivacyfile /tmp/ukey-wake-c2-20261001/DerivedData/Build/Products/Debug-iphonesimulator/Universe\ Keyboard.app/Frameworks/RimeBridge_57276DBF982DF6E4_PackageProduct.framework -scanforprivacyfile /tmp/ukey-wake-c2-20261001/DerivedData/Build/Products/Debug-iphonesimulator/Universe\ Keyboard.app/KeyboardCore_KeyboardCore.bundle -scanforprivacyfile /tmp/ukey-wake-c2-20261001/DerivedData/Build/Products/Debug-iphonesimulator/Universe\ Keyboard.app/PlugIns/Keyboard.appex -o /tmp/ukey-wake-c2-20261001/DerivedData/Build/Products/Debug-iphonesimulator/Universe\ Keyboard.app/Info.plist

CopySwiftLibs /tmp/ukey-wake-c2-20261001/DerivedData/Build/Products/Debug-iphonesimulator/Universe\ Keyboard.app (in target 'Universe Keyboard' from project 'Universe Keyboard')
    cd /Users/doubleshy0n/.codex/worktrees/paired-rollout-preflight/Universe\ Keyboard
    builtin-swiftStdLibTool --copy --verbose --scan-executable /tmp/ukey-wake-c2-20261001/DerivedData/Build/Products/Debug-iphonesimulator/Universe\ Keyboard.app/Universe\ Keyboard.debug.dylib --scan-folder /tmp/ukey-wake-c2-20261001/DerivedData/Build/Products/Debug-iphonesimulator/Universe\ Keyboard.app/Frameworks --scan-folder /tmp/ukey-wake-c2-20261001/DerivedData/Build/Products/Debug-iphonesimulator/Universe\ Keyboard.app/PlugIns --scan-folder /tmp/ukey-wake-c2-20261001/DerivedData/Build/Products/Debug-iphonesimulator/Universe\ Keyboard.app/SystemExtensions --scan-folder /tmp/ukey-wake-c2-20261001/DerivedData/Build/Products/Debug-iphonesimulator/Universe\ Keyboard.app/Extensions --scan-folder /tmp/ukey-wake-c2-20261001/DerivedData/Build/Products/Debug-iphonesimulator/PackageFrameworks/KeyboardCore_-8730D61D9395D3A_PackageProduct.framework --scan-folder /tmp/ukey-wake-c2-20261001/DerivedData/Build/Products/Debug-iphonesimulator/PackageFrameworks/RimeBridge_57276DBF982DF6E4_PackageProduct.framework --platform iphonesimulator --toolchain /Applications/Xcode.app/Contents/Developer/Toolchains/XcodeDefault.xctoolchain --destination /tmp/ukey-wake-c2-20261001/DerivedData/Build/Products/Debug-iphonesimulator/Universe\ Keyboard.app/Frameworks --strip-bitcode --strip-bitcode-tool /Applications/Xcode.app/Contents/Developer/Toolchains/XcodeDefault.xctoolchain/usr/bin/bitcode_strip --emit-dependency-info /tmp/ukey-wake-c2-20261001/DerivedData/Build/Intermediates.noindex/Universe\ Keyboard.build/Debug-iphonesimulator/Universe\ Keyboard.build/SwiftStdLibToolInputDependencies.dep --filter-for-swift-os
Ignoring --strip-bitcode because --sign was not passed

Copy /tmp/ukey-wake-c2-20261001/DerivedData/Build/Products/Debug-iphonesimulator/KeyboardTests.xctest/Frameworks/KeyboardCore_-8730D61D9395D3A_PackageProduct.framework /tmp/ukey-wake-c2-20261001/DerivedData/Build/Products/Debug-iphonesimulator/PackageFrameworks/KeyboardCore_-8730D61D9395D3A_PackageProduct.framework (in target 'KeyboardTests' from project 'Universe Keyboard')
    cd /Users/doubleshy0n/.codex/worktrees/paired-rollout-preflight/Universe\ Keyboard
    builtin-copy -exclude .DS_Store -exclude CVS -exclude .svn -exclude .git -exclude .hg -resolve-src-symlinks -remove-static-executable /tmp/ukey-wake-c2-20261001/DerivedData/Build/Products/Debug-iphonesimulator/PackageFrameworks/KeyboardCore_-8730D61D9395D3A_PackageProduct.framework /tmp/ukey-wake-c2-20261001/DerivedData/Build/Products/Debug-iphonesimulator/KeyboardTests.xctest/Frameworks

Copy /tmp/ukey-wake-c2-20261001/DerivedData/Build/Products/Debug-iphonesimulator/KeyboardTests.xctest/KeyboardCore_KeyboardCore.bundle /tmp/ukey-wake-c2-20261001/DerivedData/Build/Products/Debug-iphonesimulator/KeyboardCore_KeyboardCore.bundle (in target 'KeyboardTests' from project 'Universe Keyboard')
    cd /Users/doubleshy0n/.codex/worktrees/paired-rollout-preflight/Universe\ Keyboard
    builtin-copy -exclude .DS_Store -exclude CVS -exclude .svn -exclude .git -exclude .hg -resolve-src-symlinks /tmp/ukey-wake-c2-20261001/DerivedData/Build/Products/Debug-iphonesimulator/KeyboardCore_KeyboardCore.bundle /tmp/ukey-wake-c2-20261001/DerivedData/Build/Products/Debug-iphonesimulator/KeyboardTests.xctest

Copy /tmp/ukey-wake-c2-20261001/DerivedData/Build/Products/Debug-iphonesimulator/Universe\ Keyboard.app/PlugIns/UniverseKeyboardTests.xctest/Frameworks/RimeBridge_57276DBF982DF6E4_PackageProduct.framework /tmp/ukey-wake-c2-20261001/DerivedData/Build/Products/Debug-iphonesimulator/PackageFrameworks/RimeBridge_57276DBF982DF6E4_PackageProduct.framework (in target 'UniverseKeyboardTests' from project 'Universe Keyboard')
    cd /Users/doubleshy0n/.codex/worktrees/paired-rollout-preflight/Universe\ Keyboard
    builtin-copy -exclude .DS_Store -exclude CVS -exclude .svn -exclude .git -exclude .hg -resolve-src-symlinks -remove-static-executable /tmp/ukey-wake-c2-20261001/DerivedData/Build/Products/Debug-iphonesimulator/PackageFrameworks/RimeBridge_57276DBF982DF6E4_PackageProduct.framework /tmp/ukey-wake-c2-20261001/DerivedData/Build/Products/Debug-iphonesimulator/Universe\ Keyboard.app/PlugIns/UniverseKeyboardTests.xctest/Frameworks

Copy /tmp/ukey-wake-c2-20261001/DerivedData/Build/Products/Debug-iphonesimulator/Universe\ Keyboard.app/PlugIns/UniverseKeyboardTests.xctest/Frameworks/KeyboardCore_-8730D61D9395D3A_PackageProduct.framework /tmp/ukey-wake-c2-20261001/DerivedData/Build/Products/Debug-iphonesimulator/PackageFrameworks/KeyboardCore_-8730D61D9395D3A_PackageProduct.framework (in target 'UniverseKeyboardTests' from project 'Universe Keyboard')
    cd /Users/doubleshy0n/.codex/worktrees/paired-rollout-preflight/Universe\ Keyboard
    builtin-copy -exclude .DS_Store -exclude CVS -exclude .svn -exclude .git -exclude .hg -resolve-src-symlinks -remove-static-executable /tmp/ukey-wake-c2-20261001/DerivedData/Build/Products/Debug-iphonesimulator/PackageFrameworks/KeyboardCore_-8730D61D9395D3A_PackageProduct.framework /tmp/ukey-wake-c2-20261001/DerivedData/Build/Products/Debug-iphonesimulator/Universe\ Keyboard.app/PlugIns/UniverseKeyboardTests.xctest/Frameworks

Copy /tmp/ukey-wake-c2-20261001/DerivedData/Build/Products/Debug-iphonesimulator/Universe\ Keyboard.app/PlugIns/UniverseKeyboardTests.xctest/KeyboardCore_KeyboardCore.bundle /tmp/ukey-wake-c2-20261001/DerivedData/Build/Products/Debug-iphonesimulator/KeyboardCore_KeyboardCore.bundle (in target 'UniverseKeyboardTests' from project 'Universe Keyboard')
    cd /Users/doubleshy0n/.codex/worktrees/paired-rollout-preflight/Universe\ Keyboard
    builtin-copy -exclude .DS_Store -exclude CVS -exclude .svn -exclude .git -exclude .hg -resolve-src-symlinks /tmp/ukey-wake-c2-20261001/DerivedData/Build/Products/Debug-iphonesimulator/KeyboardCore_KeyboardCore.bundle /tmp/ukey-wake-c2-20261001/DerivedData/Build/Products/Debug-iphonesimulator/Universe\ Keyboard.app/PlugIns/UniverseKeyboardTests.xctest

ValidateEmbeddedBinary /tmp/ukey-wake-c2-20261001/DerivedData/Build/Products/Debug-iphonesimulator/Universe\ Keyboard.app/PlugIns/Keyboard.appex (in target 'Universe Keyboard' from project 'Universe Keyboard')
    cd /Users/doubleshy0n/.codex/worktrees/paired-rollout-preflight/Universe\ Keyboard
    /Applications/Xcode.app/Contents/Developer/usr/bin/embeddedBinaryValidationUtility /tmp/ukey-wake-c2-20261001/DerivedData/Build/Products/Debug-iphonesimulator/Universe\ Keyboard.app/PlugIns/Keyboard.appex -info-plist-path /tmp/ukey-wake-c2-20261001/DerivedData/Build/Products/Debug-iphonesimulator/Universe\ Keyboard.app/Info.plist

ProcessInfoPlistFile /tmp/ukey-wake-c2-20261001/DerivedData/Build/Products/Debug-iphonesimulator/Universe\ Keyboard.app/PlugIns/UniverseKeyboardTests.xctest/Info.plist /tmp/ukey-wake-c2-20261001/DerivedData/Build/Intermediates.noindex/Universe\ Keyboard.build/Debug-iphonesimulator/UniverseKeyboardTests.build/empty-UniverseKeyboardTests.plist (in target 'UniverseKeyboardTests' from project 'Universe Keyboard')
    cd /Users/doubleshy0n/.codex/worktrees/paired-rollout-preflight/Universe\ Keyboard
    builtin-infoPlistUtility /tmp/ukey-wake-c2-20261001/DerivedData/Build/Intermediates.noindex/Universe\ Keyboard.build/Debug-iphonesimulator/UniverseKeyboardTests.build/empty-UniverseKeyboardTests.plist -producttype com.apple.product-type.bundle.unit-test -expandbuildsettings -format binary -platform iphonesimulator -scanforprivacyfile /tmp/ukey-wake-c2-20261001/DerivedData/Build/Products/Debug-iphonesimulator/Universe\ Keyboard.app/PlugIns/UniverseKeyboardTests.xctest/KeyboardCore_KeyboardCore.bundle -o /tmp/ukey-wake-c2-20261001/DerivedData/Build/Products/Debug-iphonesimulator/Universe\ Keyboard.app/PlugIns/UniverseKeyboardTests.xctest/Info.plist

ProcessInfoPlistFile /tmp/ukey-wake-c2-20261001/DerivedData/Build/Products/Debug-iphonesimulator/KeyboardTests.xctest/Info.plist /tmp/ukey-wake-c2-20261001/DerivedData/Build/Intermediates.noindex/Universe\ Keyboard.build/Debug-iphonesimulator/KeyboardTests.build/empty-KeyboardTests.plist (in target 'KeyboardTests' from project 'Universe Keyboard')
    cd /Users/doubleshy0n/.codex/worktrees/paired-rollout-preflight/Universe\ Keyboard
    builtin-infoPlistUtility /tmp/ukey-wake-c2-20261001/DerivedData/Build/Intermediates.noindex/Universe\ Keyboard.build/Debug-iphonesimulator/KeyboardTests.build/empty-KeyboardTests.plist -producttype com.apple.product-type.bundle.unit-test -expandbuildsettings -format binary -platform iphonesimulator -scanforprivacyfile /tmp/ukey-wake-c2-20261001/DerivedData/Build/Products/Debug-iphonesimulator/KeyboardTests.xctest/KeyboardCore_KeyboardCore.bundle -o /tmp/ukey-wake-c2-20261001/DerivedData/Build/Products/Debug-iphonesimulator/KeyboardTests.xctest/Info.plist

Validate /tmp/ukey-wake-c2-20261001/DerivedData/Build/Products/Debug-iphonesimulator/Universe\ Keyboard.app (in target 'Universe Keyboard' from project 'Universe Keyboard')
    cd /Users/doubleshy0n/.codex/worktrees/paired-rollout-preflight/Universe\ Keyboard
    builtin-validationUtility /tmp/ukey-wake-c2-20261001/DerivedData/Build/Products/Debug-iphonesimulator/Universe\ Keyboard.app -shallow-bundle -infoplist-subpath Info.plist

PruneExplicitPrecompiledModules /tmp/ukey-wake-c2-20261001/DerivedData/SDKExplicitPrecompiledModules

PruneExplicitPrecompiledModules /tmp/ukey-wake-c2-20261001/DerivedData/Build/Intermediates.noindex/ExplicitPrecompiledModules

PruneExplicitPrecompiledModules /tmp/ukey-wake-c2-20261001/DerivedData/Build/Intermediates.noindex/SwiftExplicitPrecompiledModules

2026-10-01 00:29:29.117674+0800 Universe Keyboard[12320:34535385] [unspecified] container_create_or_lookup_app_group_path_by_app_group_identifier: client is not entitled
2026-10-01 00:29:29.434869+0800 Universe Keyboard[12320:34534778] [loading] Error loading /System/Library/Extensions/IOHIDFamily.kext/Contents/PlugIns/IOHIDLib.plugin/Contents/MacOS/IOHIDLib (100):  dlopen(/System/Library/Extensions/IOHIDFamily.kext/Contents/PlugIns/IOHIDLib.plugin/Contents/MacOS/IOHIDLib, 0x0106): tried: '/tmp/ukey-wake-c2-20261001/DerivedData/Build/Products/Debug-iphonesimulator/IOHIDLib' (no such file), '/Applications/Xcode.app/Contents/Developer/Platforms/iPhoneSimulator.platform/Developer/usr/lib/IOHIDLib' (no such file), '/private/var/run/com.apple.security.cryptexd/mnt/com.apple.iPhoneOS.SimulatorRuntime-v24.1.434.0.pL3kPh/Library/Developer/CoreSimulator/Profiles/Runtimes/iOS 27.0.simruntime/Contents/Resources/RuntimeRoot/System/Library/Extensions/IOHIDFamily.kext/Contents/PlugIns/IOHIDLib.plugin/Contents/MacOS/IOHIDLib' (no such file), '/System/Library/Extensions/IOHIDFamily.kext/Contents/PlugIns/IOHIDLib.plugin/Contents/MacOS/IOHIDLib' (fat file, but missing compatible architecture (have 'x86_64,arm64e,arm64e.x1', need 'arm64, arm64'))
2026-10-01 00:29:29.435300+0800 Universe Keyboard[12320:34534778] [plugin] Cannot find function pointer IOHIDLibFactory for factory <CFUUID 0x106fd9740> 13AA9C44-6F1B-11D4-907C-0005028F18D5 in CFBundle/CFPlugIn 0x106d59a40 </System/Library/Extensions/IOHIDFamily.kext/Contents/PlugIns/IOHIDLib.plugin> (bundle, not loaded)
2026-10-01 00:29:29.435789+0800 Universe Keyboard[12320:34534778] [default] failed to create instance for plugin for <CFUUID 0x106fd9500> 7DDEECA8-A7B4-11DA-8A0E-0014519758EF
2026-10-01 00:29:29.435964+0800 Universe Keyboard[12320:34534778] [default] IOCreatePlugInInterfaceForService:0xe00002be for serviceID:0x100001491
2026-10-01 00:29:29.440277+0800 Universe Keyboard[12320:34534778] [loading] Error loading /System/Library/Extensions/IOHIDFamily.kext/Contents/PlugIns/IOHIDLib.plugin/Contents/MacOS/IOHIDLib (100):  dlopen(/System/Library/Extensions/IOHIDFamily.kext/Contents/PlugIns/IOHIDLib.plugin/Contents/MacOS/IOHIDLib, 0x0106): tried: '/tmp/ukey-wake-c2-20261001/DerivedData/Build/Products/Debug-iphonesimulator/IOHIDLib' (no such file), '/Applications/Xcode.app/Contents/Developer/Platforms/iPhoneSimulator.platform/Developer/usr/lib/IOHIDLib' (no such file), '/private/var/run/com.apple.security.cryptexd/mnt/com.apple.iPhoneOS.SimulatorRuntime-v24.1.434.0.pL3kPh/Library/Developer/CoreSimulator/Profiles/Runtimes/iOS 27.0.simruntime/Contents/Resources/RuntimeRoot/System/Library/Extensions/IOHIDFamily.kext/Contents/PlugIns/IOHIDLib.plugin/Contents/MacOS/IOHIDLib' (no such file), '/System/Library/Extensions/IOHIDFamily.kext/Contents/PlugIns/IOHIDLib.plugin/Contents/MacOS/IOHIDLib' (fat file, but missing compatible architecture (have 'x86_64,arm64e,arm64e.x1', need 'arm64, arm64'))
2026-10-01 00:29:29.440720+0800 Universe Keyboard[12320:34534778] [plugin] Cannot find function pointer IOHIDLibFactory for factory <CFUUID 0x106fd9740> 13AA9C44-6F1B-11D4-907C-0005028F18D5 in CFBundle/CFPlugIn 0x106d59a40 </System/Library/Extensions/IOHIDFamily.kext/Contents/PlugIns/IOHIDLib.plugin> (bundle, not loaded)
2026-10-01 00:29:29.440827+0800 Universe Keyboard[12320:34534778] [default] failed to create instance for plugin for <CFUUID 0x106fd9500> 7DDEECA8-A7B4-11DA-8A0E-0014519758EF
2026-10-01 00:29:29.440907+0800 Universe Keyboard[12320:34534778] [default] IOCreatePlugInInterfaceForService:0xe00002be for serviceID:0x100001490
2026-10-01 00:29:31.665778+0800 Universe Keyboard[12320:34534778] [XPCErrors] non-launching port is incompatible with service identifier "com.apple.PointerUI.pointeruid.default-service"
2026-10-01 00:29:31.680830+0800 Universe Keyboard[12320:34534778] [API] cannot add handler to 0 from 0 - dropping
2026-10-01 00:29:31.683688+0800 Universe Keyboard[12320:34534778] [API] cannot add handler to 0 from 0 - dropping
2026-10-01 00:29:31.833087+0800 Universe Keyboard[12320:34534778] [API] cannot add handler to 0 from 0 - dropping
2026-10-01 00:29:31.833270+0800 Universe Keyboard[12320:34534778] [API] cannot add handler to 0 from 0 - dropping
2026-10-01 00:29:31.963434+0800 Universe Keyboard[12320:34535381] [unspecified] container_create_or_lookup_app_group_path_by_app_group_identifier: client is not entitled
2026-10-01 00:29:32.253067+0800 Universe Keyboard[12320:34535392] [unspecified] container_create_or_lookup_app_group_path_by_app_group_identifier: client is not entitled
2026-10-01 00:29:33.323678+0800 Universe Keyboard[12320:34534778] [loading] Error loading /System/Library/Extensions/IOHIDFamily.kext/Contents/PlugIns/IOHIDLib.plugin/Contents/MacOS/IOHIDLib (100):  dlopen(/System/Library/Extensions/IOHIDFamily.kext/Contents/PlugIns/IOHIDLib.plugin/Contents/MacOS/IOHIDLib, 0x0106): tried: '/tmp/ukey-wake-c2-20261001/DerivedData/Build/Products/Debug-iphonesimulator/IOHIDLib' (no such file), '/Applications/Xcode.app/Contents/Developer/Platforms/iPhoneSimulator.platform/Developer/usr/lib/IOHIDLib' (no such file), '/private/var/run/com.apple.security.cryptexd/mnt/com.apple.iPhoneOS.SimulatorRuntime-v24.1.434.0.pL3kPh/Library/Developer/CoreSimulator/Profiles/Runtimes/iOS 27.0.simruntime/Contents/Resources/RuntimeRoot/System/Library/Extensions/IOHIDFamily.kext/Contents/PlugIns/IOHIDLib.plugin/Contents/MacOS/IOHIDLib' (no such file), '/System/Library/Extensions/IOHIDFamily.kext/Contents/PlugIns/IOHIDLib.plugin/Contents/MacOS/IOHIDLib' (fat file, but missing compatible architecture (have 'x86_64,arm64e,arm64e.x1', need 'arm64, arm64'))
2026-10-01 00:29:33.325833+0800 Universe Keyboard[12320:34534778] [plugin] Cannot find function pointer IOHIDLibFactory for factory <CFUUID 0x106fd9740> 13AA9C44-6F1B-11D4-907C-0005028F18D5 in CFBundle/CFPlugIn 0x106d59a40 </System/Library/Extensions/IOHIDFamily.kext/Contents/PlugIns/IOHIDLib.plugin> (bundle, not loaded)
2026-10-01 00:29:33.325963+0800 Universe Keyboard[12320:34534778] [default] failed to create instance for plugin for <CFUUID 0x106fd9500> 7DDEECA8-A7B4-11DA-8A0E-0014519758EF
2026-10-01 00:29:33.326043+0800 Universe Keyboard[12320:34534778] [default] IOCreatePlugInInterfaceForService:0xe00002be for serviceID:0x100001491
2026-10-01 00:29:33.330252+0800 Universe Keyboard[12320:34534778] [loading] Error loading /System/Library/Extensions/IOHIDFamily.kext/Contents/PlugIns/IOHIDLib.plugin/Contents/MacOS/IOHIDLib (100):  dlopen(/System/Library/Extensions/IOHIDFamily.kext/Contents/PlugIns/IOHIDLib.plugin/Contents/MacOS/IOHIDLib, 0x0106): tried: '/tmp/ukey-wake-c2-20261001/DerivedData/Build/Products/Debug-iphonesimulator/IOHIDLib' (no such file), '/Applications/Xcode.app/Contents/Developer/Platforms/iPhoneSimulator.platform/Developer/usr/lib/IOHIDLib' (no such file), '/private/var/run/com.apple.security.cryptexd/mnt/com.apple.iPhoneOS.SimulatorRuntime-v24.1.434.0.pL3kPh/Library/Developer/CoreSimulator/Profiles/Runtimes/iOS 27.0.simruntime/Contents/Resources/RuntimeRoot/System/Library/Extensions/IOHIDFamily.kext/Contents/PlugIns/IOHIDLib.plugin/Contents/MacOS/IOHIDLib' (no such file), '/System/Library/Extensions/IOHIDFamily.kext/Contents/PlugIns/IOHIDLib.plugin/Contents/MacOS/IOHIDLib' (fat file, but missing compatible architecture (have 'x86_64,arm64e,arm64e.x1', need 'arm64, arm64'))
2026-10-01 00:29:33.346090+0800 Universe Keyboard[12320:34534778] [plugin] Cannot find function pointer IOHIDLibFactory for factory <CFUUID 0x106fd9740> 13AA9C44-6F1B-11D4-907C-0005028F18D5 in CFBundle/CFPlugIn 0x106d59a40 </System/Library/Extensions/IOHIDFamily.kext/Contents/PlugIns/IOHIDLib.plugin> (bundle, not loaded)
2026-10-01 00:29:33.346591+0800 Universe Keyboard[12320:34534778] [default] failed to create instance for plugin for <CFUUID 0x106fd9500> 7DDEECA8-A7B4-11DA-8A0E-0014519758EF
2026-10-01 00:29:33.346663+0800 Universe Keyboard[12320:34534778] [default] IOCreatePlugInInterfaceForService:0xe00002be for serviceID:0x100001490
Test Suite 'All tests' started at 2026-10-01 00:29:33.414.
Test Suite 'UniverseKeyboardTests.xctest' started at 2026-10-01 00:29:33.418.
Test Suite 'ActivationChecklistStateTests' started at 2026-10-01 00:29:33.418.
Test Case '-[UniverseKeyboardTests.ActivationChecklistStateTests testCanonicalCopyBoundariesRemainNonEmpty]' started.
Test Case '-[UniverseKeyboardTests.ActivationChecklistStateTests testCanonicalCopyBoundariesRemainNonEmpty]' passed (0.003 seconds).
Test Case '-[UniverseKeyboardTests.ActivationChecklistStateTests testDeferredFullAccessYieldsToResourcesAndFirstInputThenReturns]' started.
Test Case '-[UniverseKeyboardTests.ActivationChecklistStateTests testDeferredFullAccessYieldsToResourcesAndFirstInputThenReturns]' passed (0.001 seconds).
Test Case '-[UniverseKeyboardTests.ActivationChecklistStateTests testDeploymentInProgressIsNotReady]' started.
Test Case '-[UniverseKeyboardTests.ActivationChecklistStateTests testDeploymentInProgressIsNotReady]' passed (0.001 seconds).
Test Case '-[UniverseKeyboardTests.ActivationChecklistStateTests testFirstInputCopyAllowsAnyContentInSheet]' started.
Test Case '-[UniverseKeyboardTests.ActivationChecklistStateTests testFirstInputCopyAllowsAnyContentInSheet]' passed (0.001 seconds).
Test Case '-[UniverseKeyboardTests.ActivationChecklistStateTests testHelpMarkerHiddenWhenFullyActivatedAndHealthy]' started.
Test Case '-[UniverseKeyboardTests.ActivationChecklistStateTests testHelpMarkerHiddenWhenFullyActivatedAndHealthy]' passed (0.001 seconds).
Test Case '-[UniverseKeyboardTests.ActivationChecklistStateTests testHelpMarkerReturnsWhenDeploymentFailed]' started.
Test Case '-[UniverseKeyboardTests.ActivationChecklistStateTests testHelpMarkerReturnsWhenDeploymentFailed]' passed (0.001 seconds).
Test Case '-[UniverseKeyboardTests.ActivationChecklistStateTests testHelpMarkerReturnsWhenSharedDataUnavailable]' started.
Test Case '-[UniverseKeyboardTests.ActivationChecklistStateTests testHelpMarkerReturnsWhenSharedDataUnavailable]' passed (0.001 seconds).
Test Case '-[UniverseKeyboardTests.ActivationChecklistStateTests testHelpMarkerVisibleWhileActivationIncomplete]' started.
Test Case '-[UniverseKeyboardTests.ActivationChecklistStateTests testHelpMarkerVisibleWhileActivationIncomplete]' passed (0.001 seconds).
Test Case '-[UniverseKeyboardTests.ActivationChecklistStateTests testHelpSettingsEntryCopyDoesNotImplyProgressReset]' started.
Test Case '-[UniverseKeyboardTests.ActivationChecklistStateTests testHelpSettingsEntryCopyDoesNotImplyProgressReset]' passed (0.018 seconds).
Test Case '-[UniverseKeyboardTests.ActivationChecklistStateTests testJ3CopyPointsToInlinePrepareNotOnlySettings]' started.
Test Case '-[UniverseKeyboardTests.ActivationChecklistStateTests testJ3CopyPointsToInlinePrepareNotOnlySettings]' passed (0.001 seconds).
Test Case '-[UniverseKeyboardTests.ActivationChecklistStateTests testNextStepStartsAtAddKeyboard]' started.
Test Case '-[UniverseKeyboardTests.ActivationChecklistStateTests testNextStepStartsAtAddKeyboard]' passed (0.001 seconds).
Test Case '-[UniverseKeyboardTests.ActivationChecklistStateTests testProgressesThroughFullAccessAndResources]' started.
Test Case '-[UniverseKeyboardTests.ActivationChecklistStateTests testProgressesThroughFullAccessAndResources]' passed (0.000 seconds).
Test Case '-[UniverseKeyboardTests.ActivationChecklistStateTests testResourcesRequireInstalledActiveSchemaAndDeploy]' started.
Test Case '-[UniverseKeyboardTests.ActivationChecklistStateTests testResourcesRequireInstalledActiveSchemaAndDeploy]' passed (0.001 seconds).
Test Case '-[UniverseKeyboardTests.ActivationChecklistStateTests testSettingsSearchCatalogMatchesKeywords]' started.
Test Case '-[UniverseKeyboardTests.ActivationChecklistStateTests testSettingsSearchCatalogMatchesKeywords]' passed (0.010 seconds).
Test Case '-[UniverseKeyboardTests.ActivationChecklistStateTests testSharedDataFailureOverridesFullAccessDeferral]' started.
Test Case '-[UniverseKeyboardTests.ActivationChecklistStateTests testSharedDataFailureOverridesFullAccessDeferral]' passed (0.001 seconds).
Test Case '-[UniverseKeyboardTests.ActivationChecklistStateTests testSharedDataUnavailableBlocksFullAccessProgress]' started.
Test Case '-[UniverseKeyboardTests.ActivationChecklistStateTests testSharedDataUnavailableBlocksFullAccessProgress]' passed (0.001 seconds).
Test Case '-[UniverseKeyboardTests.ActivationChecklistStateTests testTipCopyDoesNotEmbedFullPrivacyPolicyOrFAHardRequirement]' started.
Test Case '-[UniverseKeyboardTests.ActivationChecklistStateTests testTipCopyDoesNotEmbedFullPrivacyPolicyOrFAHardRequirement]' passed (0.001 seconds).
Test Case '-[UniverseKeyboardTests.ActivationChecklistStateTests testTipInvalidationFlagsTrackChecklistSteps]' started.
Test Case '-[UniverseKeyboardTests.ActivationChecklistStateTests testTipInvalidationFlagsTrackChecklistSteps]' passed (0.001 seconds).
Test Case '-[UniverseKeyboardTests.ActivationChecklistStateTests testUserAffirmedFullAccessIsWeakButProgressable]' started.
Test Case '-[UniverseKeyboardTests.ActivationChecklistStateTests testUserAffirmedFullAccessIsWeakButProgressable]' passed (0.001 seconds).
Test Case '-[UniverseKeyboardTests.ActivationChecklistStateTests testWelcomePresentationKeysAndCopyAreBound]' started.
Test Case '-[UniverseKeyboardTests.ActivationChecklistStateTests testWelcomePresentationKeysAndCopyAreBound]' passed (0.001 seconds).
Test Suite 'ActivationChecklistStateTests' passed at 2026-10-01 00:29:33.469.
	 Executed 20 tests, with 0 failures (0 unexpected) in 0.042 (0.051) seconds
Test Suite 'AppAboutContactTests' started at 2026-10-01 00:29:33.477.
Test Case '-[UniverseKeyboardTests.AppAboutContactTests testFeedbackMailSubjectIncludesVersionAndBuild]' started.
Test Case '-[UniverseKeyboardTests.AppAboutContactTests testFeedbackMailSubjectIncludesVersionAndBuild]' passed (0.001 seconds).
Test Case '-[UniverseKeyboardTests.AppAboutContactTests testFeedbackMailtoUsesLockedAddressAndPrefillsSubject]' started.
Test Case '-[UniverseKeyboardTests.AppAboutContactTests testFeedbackMailtoUsesLockedAddressAndPrefillsSubject]' passed (0.003 seconds).
Test Case '-[UniverseKeyboardTests.AppAboutContactTests testXiaohongshuURLMatchesTheLockedShortLink]' started.
Test Case '-[UniverseKeyboardTests.AppAboutContactTests testXiaohongshuURLMatchesTheLockedShortLink]' passed (0.001 seconds).
Test Suite 'AppAboutContactTests' passed at 2026-10-01 00:29:33.483.
	 Executed 3 tests, with 0 failures (0 unexpected) in 0.004 (0.006) seconds
Test Suite 'AppActionButtonChromeTests' started at 2026-10-01 00:29:33.483.
Test Case '-[UniverseKeyboardTests.AppActionButtonChromeTests testDestructiveGlassTintIsStrongerInDarkMode]' started.
Test Case '-[UniverseKeyboardTests.AppActionButtonChromeTests testDestructiveGlassTintIsStrongerInDarkMode]' passed (0.001 seconds).
Test Case '-[UniverseKeyboardTests.AppActionButtonChromeTests testDestructiveStaysRed]' started.
Test Case '-[UniverseKeyboardTests.AppActionButtonChromeTests testDestructiveStaysRed]' passed (0.003 seconds).
Test Case '-[UniverseKeyboardTests.AppActionButtonChromeTests testDisabledKeepsTheSamePairAndFadesTheControl]' started.
Test Case '-[UniverseKeyboardTests.AppActionButtonChromeTests testDisabledKeepsTheSamePairAndFadesTheControl]' passed (0.001 seconds).
Test Case '-[UniverseKeyboardTests.AppActionButtonChromeTests testGlassIsUsedUnlessReduceTransparencyIsOn]' started.
Test Case '-[UniverseKeyboardTests.AppActionButtonChromeTests testGlassIsUsedUnlessReduceTransparencyIsOn]' passed (0.001 seconds).
Test Case '-[UniverseKeyboardTests.AppActionButtonChromeTests testHitFillShapeMatchesTheVisibleCapsule]' started.
Test Case '-[UniverseKeyboardTests.AppActionButtonChromeTests testHitFillShapeMatchesTheVisibleCapsule]' passed (0.000 seconds).
Test Case '-[UniverseKeyboardTests.AppActionButtonChromeTests testPrimaryGlassTintStaysNearlyOpaque]' started.
Test Case '-[UniverseKeyboardTests.AppActionButtonChromeTests testPrimaryGlassTintStaysNearlyOpaque]' passed (0.000 seconds).
Test Case '-[UniverseKeyboardTests.AppActionButtonChromeTests testPrimaryLabelIsSystemBackgroundInBothAppearances]' started.
Test Case '-[UniverseKeyboardTests.AppActionButtonChromeTests testPrimaryLabelIsSystemBackgroundInBothAppearances]' passed (0.001 seconds).
Test Case '-[UniverseKeyboardTests.AppActionButtonChromeTests testPrimarySolidFillFollowsLabel]' started.
Test Case '-[UniverseKeyboardTests.AppActionButtonChromeTests testPrimarySolidFillFollowsLabel]' passed (0.001 seconds).
Test Case '-[UniverseKeyboardTests.AppActionButtonChromeTests testSecondaryUsesLabelTextAndGroupedFill]' started.
Test Case '-[UniverseKeyboardTests.AppActionButtonChromeTests testSecondaryUsesLabelTextAndGroupedFill]' passed (0.000 seconds).
Test Suite 'AppActionButtonChromeTests' passed at 2026-10-01 00:29:33.493.
	 Executed 9 tests, with 0 failures (0 unexpected) in 0.007 (0.010) seconds
Test Suite 'AppNotificationSettingsTests' started at 2026-10-01 00:29:33.493.
Test Case '-[UniverseKeyboardTests.AppNotificationSettingsTests testClosingLastCategoryAlsoClosesMasterAndBothEntrypointsShareState]' started.
Test Case '-[UniverseKeyboardTests.AppNotificationSettingsTests testClosingLastCategoryAlsoClosesMasterAndBothEntrypointsShareState]' passed (0.015 seconds).
Test Case '-[UniverseKeyboardTests.AppNotificationSettingsTests testDeniedPermissionTurnsMasterOffButPreservesCategorySelection]' started.
Test Case '-[UniverseKeyboardTests.AppNotificationSettingsTests testDeniedPermissionTurnsMasterOffButPreservesCategorySelection]' passed (0.020 seconds).
Test Case '-[UniverseKeyboardTests.AppNotificationSettingsTests testDiagnosticsExpiryReminderIsDefaultOffAndUsesOnePendingRequest]' started.
Test Case '-[UniverseKeyboardTests.AppNotificationSettingsTests testDiagnosticsExpiryReminderIsDefaultOffAndUsesOnePendingRequest]' passed (0.088 seconds).
Test Case '-[UniverseKeyboardTests.AppNotificationSettingsTests testDisablingDiagnosticsExpiryReminderCancelsPendingRequest]' started.
Test Case '-[UniverseKeyboardTests.AppNotificationSettingsTests testDisablingDiagnosticsExpiryReminderCancelsPendingRequest]' passed (0.011 seconds).
Test Case '-[UniverseKeyboardTests.AppNotificationSettingsTests testEnablingMasterRequestsPermissionAndSelectsDefaultCategory]' started.
Test Case '-[UniverseKeyboardTests.AppNotificationSettingsTests testEnablingMasterRequestsPermissionAndSelectsDefaultCategory]' passed (0.018 seconds).
Test Case '-[UniverseKeyboardTests.AppNotificationSettingsTests testForegroundToastPrioritySuppressesBannerAndSoundOnlyForKnownEvents]' started.
Test Case '-[UniverseKeyboardTests.AppNotificationSettingsTests testForegroundToastPrioritySuppressesBannerAndSoundOnlyForKnownEvents]' passed (0.001 seconds).
Test Case '-[UniverseKeyboardTests.AppNotificationSettingsTests testLegacyRimeSelectionMigratesMasterOnlyWhenSystemCanDeliver]' started.
Test Case '-[UniverseKeyboardTests.AppNotificationSettingsTests testLegacyRimeSelectionMigratesMasterOnlyWhenSystemCanDeliver]' passed (0.009 seconds).
Test Case '-[UniverseKeyboardTests.AppNotificationSettingsTests testMasterOffPreservesCategoryAndReauthorizationDoesNotEnableItAgain]' started.
Test Case '-[UniverseKeyboardTests.AppNotificationSettingsTests testMasterOffPreservesCategoryAndReauthorizationDoesNotEnableItAgain]' passed (0.008 seconds).
Test Case '-[UniverseKeyboardTests.AppNotificationSettingsTests testNewUserDefaultsToNotificationsOffAndOperationToastsOn]' started.
Test Case '-[UniverseKeyboardTests.AppNotificationSettingsTests testNewUserDefaultsToNotificationsOffAndOperationToastsOn]' passed (0.002 seconds).
Test Case '-[UniverseKeyboardTests.AppNotificationSettingsTests testNotificationServiceGatesDeliveryAndUsesToastPreferenceAsMetadata]' started.
Test Case '-[UniverseKeyboardTests.AppNotificationSettingsTests testNotificationServiceGatesDeliveryAndUsesToastPreferenceAsMetadata]' passed (0.020 seconds).
Test Case '-[UniverseKeyboardTests.AppNotificationSettingsTests testNotificationServiceSkipsUnselectedRimeScope]' started.
Test Case '-[UniverseKeyboardTests.AppNotificationSettingsTests testNotificationServiceSkipsUnselectedRimeScope]' passed (0.006 seconds).
Test Case '-[UniverseKeyboardTests.AppNotificationSettingsTests testProvisionalAndEphemeralAuthorizationCanDeliver]' started.
Test Case '-[UniverseKeyboardTests.AppNotificationSettingsTests testProvisionalAndEphemeralAuthorizationCanDeliver]' passed (0.027 seconds).
Test Case '-[UniverseKeyboardTests.AppNotificationSettingsTests testRimeNotificationScopesAreIndependentAndLastScopeClosesParent]' started.
Test Case '-[UniverseKeyboardTests.AppNotificationSettingsTests testRimeNotificationScopesAreIndependentAndLastScopeClosesParent]' passed (0.026 seconds).
Test Case '-[UniverseKeyboardTests.AppNotificationSettingsTests testToastTogglePersistsWithoutReplayingAnyPreviousState]' started.
2026-10-01 00:29:33.752011+0800 Universe Keyboard[12320:34535392] [unspecified] container_create_or_lookup_app_group_path_by_app_group_identifier: client is not entitled
Test Case '-[UniverseKeyboardTests.AppNotificationSettingsTests testToastTogglePersistsWithoutReplayingAnyPreviousState]' passed (0.003 seconds).
Test Suite 'AppNotificationSettingsTests' passed at 2026-10-01 00:29:33.754.
	 Executed 14 tests, with 0 failures (0 unexpected) in 0.255 (0.261) seconds
Test Suite 'AppSwitchChromeTests' started at 2026-10-01 00:29:33.754.
Test Case '-[UniverseKeyboardTests.AppSwitchChromeTests testDarkModeOffThumbStaysWhite]' started.
Test Case '-[UniverseKeyboardTests.AppSwitchChromeTests testDarkModeOffThumbStaysWhite]' passed (0.001 seconds).
Test Case '-[UniverseKeyboardTests.AppSwitchChromeTests testDarkModeOnThumbIsBlack]' started.
Test Case '-[UniverseKeyboardTests.AppSwitchChromeTests testDarkModeOnThumbIsBlack]' passed (0.001 seconds).
Test Case '-[UniverseKeyboardTests.AppSwitchChromeTests testLightModeThumbStaysWhiteWhetherOnOrOff]' started.
Test Case '-[UniverseKeyboardTests.AppSwitchChromeTests testLightModeThumbStaysWhiteWhetherOnOrOff]' passed (0.000 seconds).
Test Case '-[UniverseKeyboardTests.AppSwitchChromeTests testOnTintFollowsLabelInBothAppearances]' started.
Test Case '-[UniverseKeyboardTests.AppSwitchChromeTests testOnTintFollowsLabelInBothAppearances]' passed (0.001 seconds).
Test Suite 'AppSwitchChromeTests' passed at 2026-10-01 00:29:33.758.
	 Executed 4 tests, with 0 failures (0 unexpected) in 0.002 (0.004) seconds
Test Suite 'DiagnosticsJournalRetentionCoordinatorTests' started at 2026-10-01 00:29:33.759.
Test Case '-[UniverseKeyboardTests.DiagnosticsJournalRetentionCoordinatorTests testExpiredLeaseIsTombstonedSealedAndRevoked]' started.
Test Case '-[UniverseKeyboardTests.DiagnosticsJournalRetentionCoordinatorTests testExpiredLeaseIsTombstonedSealedAndRevoked]' passed (0.053 seconds).
Test Case '-[UniverseKeyboardTests.DiagnosticsJournalRetentionCoordinatorTests testRetentionCapacityDoesNotDeleteActiveOpenSegment]' started.
Test Case '-[UniverseKeyboardTests.DiagnosticsJournalRetentionCoordinatorTests testRetentionCapacityDoesNotDeleteActiveOpenSegment]' passed (0.005 seconds).
Test Case '-[UniverseKeyboardTests.DiagnosticsJournalRetentionCoordinatorTests testRetentionDeletesOnlySealedSegmentsOlderThanPolicy]' started.
Test Case '-[UniverseKeyboardTests.DiagnosticsJournalRetentionCoordinatorTests testRetentionDeletesOnlySealedSegmentsOlderThanPolicy]' passed (0.009 seconds).
Test Case '-[UniverseKeyboardTests.DiagnosticsJournalRetentionCoordinatorTests testRetentionSkipsExpiredLeaseWhenWriterLockIsBusy]' started.
Test Case '-[UniverseKeyboardTests.DiagnosticsJournalRetentionCoordinatorTests testRetentionSkipsExpiredLeaseWhenWriterLockIsBusy]' passed (0.007 seconds).
Test Suite 'DiagnosticsJournalRetentionCoordinatorTests' passed at 2026-10-01 00:29:33.835.
	 Executed 4 tests, with 0 failures (0 unexpected) in 0.075 (0.076) seconds
Test Suite 'DiagnosticsJournalRetentionSchedulerTests' started at 2026-10-01 00:29:33.835.
Test Case '-[UniverseKeyboardTests.DiagnosticsJournalRetentionSchedulerTests testSchedulerCoalescesRequestsInsideMinimumInterval]' started.
Test Case '-[UniverseKeyboardTests.DiagnosticsJournalRetentionSchedulerTests testSchedulerCoalescesRequestsInsideMinimumInterval]' passed (0.010 seconds).
Test Case '-[UniverseKeyboardTests.DiagnosticsJournalRetentionSchedulerTests testSchedulerReturnsBeforeRunningReclaimAndCoalescesConcurrentRequests]' started.
Test Case '-[UniverseKeyboardTests.DiagnosticsJournalRetentionSchedulerTests testSchedulerReturnsBeforeRunningReclaimAndCoalescesConcurrentRequests]' passed (0.001 seconds).
Test Suite 'DiagnosticsJournalRetentionSchedulerTests' passed at 2026-10-01 00:29:33.847.
	 Executed 2 tests, with 0 failures (0 unexpected) in 0.011 (0.012) seconds
Test Suite 'DiagnosticsLogSourceTests' started at 2026-10-01 00:29:33.847.
Test Case '-[UniverseKeyboardTests.DiagnosticsLogSourceTests testCandidateTouchEventsDisplayCoarseBandAndCorrelationSequence]' started.
Test Case '-[UniverseKeyboardTests.DiagnosticsLogSourceTests testCandidateTouchEventsDisplayCoarseBandAndCorrelationSequence]' passed (0.026 seconds).
Test Case '-[UniverseKeyboardTests.DiagnosticsLogSourceTests testClearAdvancesGenerationAndReportsSuccess]' started.
Test Case '-[UniverseKeyboardTests.DiagnosticsLogSourceTests testClearAdvancesGenerationAndReportsSuccess]' passed (0.004 seconds).
Test Case '-[UniverseKeyboardTests.DiagnosticsLogSourceTests testClearReportsFailureWhenJournalRootIsUnavailable]' started.
Test Case '-[UniverseKeyboardTests.DiagnosticsLogSourceTests testClearReportsFailureWhenJournalRootIsUnavailable]' passed (0.001 seconds).
Test Case '-[UniverseKeyboardTests.DiagnosticsLogSourceTests testCompleteEmptyV1AllowsLegacyFallback]' started.
Test Case '-[UniverseKeyboardTests.DiagnosticsLogSourceTests testCompleteEmptyV1AllowsLegacyFallback]' passed (0.006 seconds).
Test Case '-[UniverseKeyboardTests.DiagnosticsLogSourceTests testIncompleteEmptyV1SuppressesLegacyFallback]' started.
Test Case '-[UniverseKeyboardTests.DiagnosticsLogSourceTests testIncompleteEmptyV1SuppressesLegacyFallback]' passed (0.011 seconds).
Test Case '-[UniverseKeyboardTests.DiagnosticsLogSourceTests testMissingV1RootStaysInV1WithControlledUnavailableNotice]' started.
Test Case '-[UniverseKeyboardTests.DiagnosticsLogSourceTests testMissingV1RootStaysInV1WithControlledUnavailableNotice]' passed (0.001 seconds).
Test Case '-[UniverseKeyboardTests.DiagnosticsLogSourceTests testOversizedJournalReturnsBoundedRecentPreviewInsteadOfBlankScreen]' started.
Test Case '-[UniverseKeyboardTests.DiagnosticsLogSourceTests testOversizedJournalReturnsBoundedRecentPreviewInsteadOfBlankScreen]' passed (1.125 seconds).
Test Case '-[UniverseKeyboardTests.DiagnosticsLogSourceTests testRimeSyncEventsDisplayFiniteCorrelatedContext]' started.
Test Case '-[UniverseKeyboardTests.DiagnosticsLogSourceTests testRimeSyncEventsDisplayFiniteCorrelatedContext]' passed (0.020 seconds).
Test Case '-[UniverseKeyboardTests.DiagnosticsLogSourceTests testV1ReadFailureStaysInV1WithControlledUnavailableNotice]' started.
Test Case '-[UniverseKeyboardTests.DiagnosticsLogSourceTests testV1ReadFailureStaysInV1WithControlledUnavailableNotice]' passed (0.001 seconds).
Test Case '-[UniverseKeyboardTests.DiagnosticsLogSourceTests testV6HistoriesPropagateCompletenessThroughCompositeQuery]' started.
Test Case '-[UniverseKeyboardTests.DiagnosticsLogSourceTests testV6HistoriesPropagateCompletenessThroughCompositeQuery]' passed (0.042 seconds).
Test Suite 'DiagnosticsLogSourceTests' passed at 2026-10-01 00:29:35.087.
	 Executed 10 tests, with 0 failures (0 unexpected) in 1.237 (1.240) seconds
Test Suite 'DiagnosticsRuntimeRouteDisplayTests' started at 2026-10-01 00:29:35.087.
Test Case '-[UniverseKeyboardTests.DiagnosticsRuntimeRouteDisplayTests testRuntimeRouteLineExposesFiniteFieldsWithoutUserContent]' started.
Test Case '-[UniverseKeyboardTests.DiagnosticsRuntimeRouteDisplayTests testRuntimeRouteLineExposesFiniteFieldsWithoutUserContent]' passed (0.001 seconds).
Test Case '-[UniverseKeyboardTests.DiagnosticsRuntimeRouteDisplayTests testTypoRecallQueryLineDisplaysFinitePayloadWithoutUserContent]' started.
Test Case '-[UniverseKeyboardTests.DiagnosticsRuntimeRouteDisplayTests testTypoRecallQueryLineDisplaysFinitePayloadWithoutUserContent]' passed (0.001 seconds).
Test Suite 'DiagnosticsRuntimeRouteDisplayTests' passed at 2026-10-01 00:29:35.090.
	 Executed 2 tests, with 0 failures (0 unexpected) in 0.002 (0.003) seconds
Test Suite 'DiagnosticsStoreTests' started at 2026-10-01 00:29:35.090.
Test Case '-[UniverseKeyboardTests.DiagnosticsStoreTests testClearInvalidatesAnOlderLoadThatFinishesLater]' started.
Test Case '-[UniverseKeyboardTests.DiagnosticsStoreTests testClearInvalidatesAnOlderLoadThatFinishesLater]' passed (0.304 seconds).
Test Case '-[UniverseKeyboardTests.DiagnosticsStoreTests testClosingSearchRejectsAStalePageThatFinishesLater]' started.
Test Case '-[UniverseKeyboardTests.DiagnosticsStoreTests testClosingSearchRejectsAStalePageThatFinishesLater]' passed (0.004 seconds).
Test Case '-[UniverseKeyboardTests.DiagnosticsStoreTests testColorForLineMapsSeverityAndCategoryMarkers]' started.
Test Case '-[UniverseKeyboardTests.DiagnosticsStoreTests testColorForLineMapsSeverityAndCategoryMarkers]' passed (0.000 seconds).
Test Case '-[UniverseKeyboardTests.DiagnosticsStoreTests testDateBrowserDefaultsToNewestDayAndReloadsSelectedDay]' started.
Test Case '-[UniverseKeyboardTests.DiagnosticsStoreTests testDateBrowserDefaultsToNewestDayAndReloadsSelectedDay]' passed (0.003 seconds).
Test Case '-[UniverseKeyboardTests.DiagnosticsStoreTests testExportRequiresNarrowerFilterWhenResultExceedsRecordLimit]' started.
Test Case '-[UniverseKeyboardTests.DiagnosticsStoreTests testExportRequiresNarrowerFilterWhenResultExceedsRecordLimit]' passed (0.001 seconds).
Test Case '-[UniverseKeyboardTests.DiagnosticsStoreTests testFailedClearKeepsRecoveryActionAndReportsFailure]' started.
Test Case '-[UniverseKeyboardTests.DiagnosticsStoreTests testFailedClearKeepsRecoveryActionAndReportsFailure]' passed (0.301 seconds).
Test Case '-[UniverseKeyboardTests.DiagnosticsStoreTests testLiveRefreshFollowsNewestDayWhenFirstEventArrivesAfterMidnight]' started.
Test Case '-[UniverseKeyboardTests.DiagnosticsStoreTests testLiveRefreshFollowsNewestDayWhenFirstEventArrivesAfterMidnight]' passed (0.003 seconds).
Test Case '-[UniverseKeyboardTests.DiagnosticsStoreTests testLiveRefreshReloadsWhenIdentityAdvancesDuringLoad]' started.
Test Case '-[UniverseKeyboardTests.DiagnosticsStoreTests testLiveRefreshReloadsWhenIdentityAdvancesDuringLoad]' passed (0.003 seconds).
Test Case '-[UniverseKeyboardTests.DiagnosticsStoreTests testLiveRefreshReloadsWhenIdentityChanges]' started.
Test Case '-[UniverseKeyboardTests.DiagnosticsStoreTests testLiveRefreshReloadsWhenIdentityChanges]' passed (0.001 seconds).
Test Case '-[UniverseKeyboardTests.DiagnosticsStoreTests testLiveRefreshSkipsRootLoadWhenIdentityIsUnchanged]' started.
Test Case '-[UniverseKeyboardTests.DiagnosticsStoreTests testLiveRefreshSkipsRootLoadWhenIdentityIsUnchanged]' passed (0.001 seconds).
Test Case '-[UniverseKeyboardTests.DiagnosticsStoreTests testLiveRefreshSkipsWhenIdentityPeekFailsAfterASuccessfulBind]' started.
Test Case '-[UniverseKeyboardTests.DiagnosticsStoreTests testLiveRefreshSkipsWhenIdentityPeekFailsAfterASuccessfulBind]' passed (0.001 seconds).
Test Case '-[UniverseKeyboardTests.DiagnosticsStoreTests testLiveRootRefreshPreventsOlderPageFromStartingWhileCatalogIsInFlight]' started.
Test Case '-[UniverseKeyboardTests.DiagnosticsStoreTests testLiveRootRefreshPreventsOlderPageFromStartingWhileCatalogIsInFlight]' passed (0.001 seconds).
Test Case '-[UniverseKeyboardTests.DiagnosticsStoreTests testLoadLogSkipsWhenCachedIdentityIsUnchanged]' started.
Test Case '-[UniverseKeyboardTests.DiagnosticsStoreTests testLoadLogSkipsWhenCachedIdentityIsUnchanged]' passed (0.001 seconds).
Test Case '-[UniverseKeyboardTests.DiagnosticsStoreTests testOversizedSnapshotNoticeKeepsClearActionAvailable]' started.
Test Case '-[UniverseKeyboardTests.DiagnosticsStoreTests testOversizedSnapshotNoticeKeepsClearActionAvailable]' passed (0.003 seconds).
Test Case '-[UniverseKeyboardTests.DiagnosticsStoreTests testPartialWindowCanBeEmptyWithoutLookingLikeNoLogsExist]' started.
Test Case '-[UniverseKeyboardTests.DiagnosticsStoreTests testPartialWindowCanBeEmptyWithoutLookingLikeNoLogsExist]' passed (0.001 seconds).
Test Case '-[UniverseKeyboardTests.DiagnosticsStoreTests testRootLoadMarksRefreshingBeforeSourceReturns]' started.
Test Case '-[UniverseKeyboardTests.DiagnosticsStoreTests testRootLoadMarksRefreshingBeforeSourceReturns]' passed (0.002 seconds).
Test Case '-[UniverseKeyboardTests.DiagnosticsStoreTests testSearchDoesNotSkipAnOversizedRecordAndContinueToAnOlderPage]' started.
Test Case '-[UniverseKeyboardTests.DiagnosticsStoreTests testSearchDoesNotSkipAnOversizedRecordAndContinueToAnOlderPage]' passed (0.003 seconds).
Test Case '-[UniverseKeyboardTests.DiagnosticsStoreTests testSearchFiltersAndExportUseTheSameVisibleResult]' started.
Test Case '-[UniverseKeyboardTests.DiagnosticsStoreTests testSearchFiltersAndExportUseTheSameVisibleResult]' passed (0.000 seconds).
Test Case '-[UniverseKeyboardTests.DiagnosticsStoreTests testSearchPresentationExpandsFrozenPagesAndPausesLiveRefresh]' started.
Test Case '-[UniverseKeyboardTests.DiagnosticsStoreTests testSearchPresentationExpandsFrozenPagesAndPausesLiveRefresh]' passed (0.001 seconds).
Test Case '-[UniverseKeyboardTests.DiagnosticsStoreTests testSearchStopsAtTheRecordBudget]' started.
Test Case '-[UniverseKeyboardTests.DiagnosticsStoreTests testSearchStopsAtTheRecordBudget]' passed (0.001 seconds).
Test Case '-[UniverseKeyboardTests.DiagnosticsStoreTests testSearchStopsBeforeAppendingARecordBeyondTheByteBudget]' started.
Test Case '-[UniverseKeyboardTests.DiagnosticsStoreTests testSearchStopsBeforeAppendingARecordBeyondTheByteBudget]' passed (0.001 seconds).
Test Case '-[UniverseKeyboardTests.DiagnosticsStoreTests testSearchWaitsForManualPaginationBeforeOwningTheCursor]' started.
Test Case '-[UniverseKeyboardTests.DiagnosticsStoreTests testSearchWaitsForManualPaginationBeforeOwningTheCursor]' passed (0.023 seconds).
Test Case '-[UniverseKeyboardTests.DiagnosticsStoreTests testSelectingAnotherDayInvalidatesAnInFlightOlderPage]' started.
Test Case '-[UniverseKeyboardTests.DiagnosticsStoreTests testSelectingAnotherDayInvalidatesAnInFlightOlderPage]' passed (0.001 seconds).
Test Case '-[UniverseKeyboardTests.DiagnosticsStoreTests testSelectingAnotherDayWaitsForInFlightSearchAndRejectsItsStalePage]' started.
Test Case '-[UniverseKeyboardTests.DiagnosticsStoreTests testSelectingAnotherDayWaitsForInFlightSearchAndRejectsItsStalePage]' passed (0.001 seconds).
Test Case '-[UniverseKeyboardTests.DiagnosticsStoreTests testSuccessfulClearResetsVisibleState]' started.
Test Case '-[UniverseKeyboardTests.DiagnosticsStoreTests testSuccessfulClearResetsVisibleState]' passed (0.301 seconds).
Test Case '-[UniverseKeyboardTests.DiagnosticsStoreTests testSummaryAndCategoryFiltersDeriveExpectedLines]' started.
Test Case '-[UniverseKeyboardTests.DiagnosticsStoreTests testSummaryAndCategoryFiltersDeriveExpectedLines]' passed (0.001 seconds).
Test Case '-[UniverseKeyboardTests.DiagnosticsStoreTests testUnavailableDayCatalogPreservesVisibleStateAndDoesNotIssueUnboundedLoad]' started.
Test Case '-[UniverseKeyboardTests.DiagnosticsStoreTests testUnavailableDayCatalogPreservesVisibleStateAndDoesNotIssueUnboundedLoad]' passed (0.001 seconds).
Test Suite 'DiagnosticsStoreTests' passed at 2026-10-01 00:29:36.059.
	 Executed 27 tests, with 0 failures (0 unexpected) in 0.961 (0.969) seconds
Test Suite 'DictionaryIndexServiceTests' started at 2026-10-01 00:29:36.060.
Test Case '-[UniverseKeyboardTests.DictionaryIndexServiceTests testPreviewRejectsPathTraversalOutsideDictionaryRoot]' started.
Test Case '-[UniverseKeyboardTests.DictionaryIndexServiceTests testPreviewRejectsPathTraversalOutsideDictionaryRoot]' passed (0.006 seconds).
Test Case '-[UniverseKeyboardTests.DictionaryIndexServiceTests testScanReadsDictionaryFilesAndFiltersByCode]' started.
Test Case '-[UniverseKeyboardTests.DictionaryIndexServiceTests testScanReadsDictionaryFilesAndFiltersByCode]' passed (0.004 seconds).
Test Suite 'DictionaryIndexServiceTests' passed at 2026-10-01 00:29:36.070.
	 Executed 2 tests, with 0 failures (0 unexpected) in 0.010 (0.011) seconds
Test Suite 'LocalDictionaryModelTests' started at 2026-10-01 00:29:36.071.
Test Case '-[UniverseKeyboardTests.LocalDictionaryModelTests testEntriesFooterUsesDefaultCopyWhenNotSearching]' started.
Test Case '-[UniverseKeyboardTests.LocalDictionaryModelTests testEntriesFooterUsesDefaultCopyWhenNotSearching]' passed (0.001 seconds).
Test Case '-[UniverseKeyboardTests.LocalDictionaryModelTests testEntriesFooterUsesSearchCopyForTruncatedResults]' started.
Test Case '-[UniverseKeyboardTests.LocalDictionaryModelTests testEntriesFooterUsesSearchCopyForTruncatedResults]' passed (0.001 seconds).
Test Case '-[UniverseKeyboardTests.LocalDictionaryModelTests testPreviewModelUsesInjectedServiceAndPreservesResultLimitCopy]' started.
Test Case '-[UniverseKeyboardTests.LocalDictionaryModelTests testPreviewModelUsesInjectedServiceAndPreservesResultLimitCopy]' passed (0.001 seconds).
Test Case '-[UniverseKeyboardTests.LocalDictionaryModelTests testRefreshUsesInjectedIndexServiceSnapshot]' started.
Test Case '-[UniverseKeyboardTests.LocalDictionaryModelTests testRefreshUsesInjectedIndexServiceSnapshot]' passed (0.001 seconds).
Test Suite 'LocalDictionaryModelTests' passed at 2026-10-01 00:29:36.075.
	 Executed 4 tests, with 0 failures (0 unexpected) in 0.003 (0.004) seconds
Test Suite 'NineKeyEnableTransactionTests' started at 2026-10-01 00:29:36.075.
Test Case '-[UniverseKeyboardTests.NineKeyEnableTransactionTests testBeginTransactionForcesTwentySixKeyAndInvalidatesReadiness]' started.
Test Case '-[UniverseKeyboardTests.NineKeyEnableTransactionTests testBeginTransactionForcesTwentySixKeyAndInvalidatesReadiness]' passed (0.007 seconds).
Test Case '-[UniverseKeyboardTests.NineKeyEnableTransactionTests testCancellingDownloadWaitingForNineKeyLeaseCannotCommitAfterRelease]' started.
Test Case '-[UniverseKeyboardTests.NineKeyEnableTransactionTests testCancellingDownloadWaitingForNineKeyLeaseCannotCommitAfterRelease]' passed (0.007 seconds).
Test Case '-[UniverseKeyboardTests.NineKeyEnableTransactionTests testOrchestratorDeployFailureLeavesTwentySixKeyAndUnmatchedReadiness]' started.
Test Case '-[UniverseKeyboardTests.NineKeyEnableTransactionTests testOrchestratorDeployFailureLeavesTwentySixKeyAndUnmatchedReadiness]' passed (0.001 seconds).
Test Case '-[UniverseKeyboardTests.NineKeyEnableTransactionTests testOrchestratorFingerprintFailureLeavesTwentySixKeyAndUnmatchedReadiness]' started.
Test Case '-[UniverseKeyboardTests.NineKeyEnableTransactionTests testOrchestratorFingerprintFailureLeavesTwentySixKeyAndUnmatchedReadiness]' passed (0.001 seconds).
Test Case '-[UniverseKeyboardTests.NineKeyEnableTransactionTests testOrchestratorIceAndDirectoryPreconditionsSkipTransaction]' started.
Test Case '-[UniverseKeyboardTests.NineKeyEnableTransactionTests testOrchestratorIceAndDirectoryPreconditionsSkipTransaction]' passed (0.001 seconds).
Test Case '-[UniverseKeyboardTests.NineKeyEnableTransactionTests testOrchestratorPrepareFailureLeavesTwentySixKeyAndUnmatchedReadiness]' started.
Test Case '-[UniverseKeyboardTests.NineKeyEnableTransactionTests testOrchestratorPrepareFailureLeavesTwentySixKeyAndUnmatchedReadiness]' passed (0.002 seconds).
Test Case '-[UniverseKeyboardTests.NineKeyEnableTransactionTests testOrchestratorSmokeFailureLeavesTwentySixKeyAndUnmatchedReadiness]' started.
Test Case '-[UniverseKeyboardTests.NineKeyEnableTransactionTests testOrchestratorSmokeFailureLeavesTwentySixKeyAndUnmatchedReadiness]' passed (0.001 seconds).
Test Case '-[UniverseKeyboardTests.NineKeyEnableTransactionTests testOrchestratorSuccessWritesReadinessBeforeNineKey]' started.
Test Case '-[UniverseKeyboardTests.NineKeyEnableTransactionTests testOrchestratorSuccessWritesReadinessBeforeNineKey]' passed (0.002 seconds).
Test Case '-[UniverseKeyboardTests.NineKeyEnableTransactionTests testProductionEntryWaitsForCommitLeaseBeforePrepareAndDeploysOnce]' started.
Test Case '-[UniverseKeyboardTests.NineKeyEnableTransactionTests testProductionEntryWaitsForCommitLeaseBeforePrepareAndDeploysOnce]' passed (0.005 seconds).
Test Suite 'NineKeyEnableTransactionTests' passed at 2026-10-01 00:29:36.104.
	 Executed 9 tests, with 0 failures (0 unexpected) in 0.026 (0.029) seconds
Test Suite 'ReleaseEvidenceStoreTests' started at 2026-10-01 00:29:36.104.
Test Case '-[UniverseKeyboardTests.ReleaseEvidenceStoreTests testCorruptArchiveIsQuarantinedBeforeSavingNewRun]' started.
Test Case '-[UniverseKeyboardTests.ReleaseEvidenceStoreTests testCorruptArchiveIsQuarantinedBeforeSavingNewRun]' passed (0.013 seconds).
Test Case '-[UniverseKeyboardTests.ReleaseEvidenceStoreTests testDiagnosticsClearDoesNotDeleteReleaseEvidence]' started.
Test Case '-[UniverseKeyboardTests.ReleaseEvidenceStoreTests testDiagnosticsClearDoesNotDeleteReleaseEvidence]' passed (0.004 seconds).
Test Case '-[UniverseKeyboardTests.ReleaseEvidenceStoreTests testEmptyRunDoesNotReportPass]' started.
Test Case '-[UniverseKeyboardTests.ReleaseEvidenceStoreTests testEmptyRunDoesNotReportPass]' passed (0.001 seconds).
Test Case '-[UniverseKeyboardTests.ReleaseEvidenceStoreTests testEvidenceReuseIsOnlyRequiredForExternalCandidates]' started.
Test Case '-[UniverseKeyboardTests.ReleaseEvidenceStoreTests testEvidenceReuseIsOnlyRequiredForExternalCandidates]' passed (0.001 seconds).
Test Case '-[UniverseKeyboardTests.ReleaseEvidenceStoreTests testLegacyArchiveDecodingBoundsNoteAndMarksMissingBehaviorContractUnknown]' started.
Test Case '-[UniverseKeyboardTests.ReleaseEvidenceStoreTests testLegacyArchiveDecodingBoundsNoteAndMarksMissingBehaviorContractUnknown]' passed (0.001 seconds).
Test Case '-[UniverseKeyboardTests.ReleaseEvidenceStoreTests testPendingExternalRunCannotReportPassEvenIfEveryStepIsMarkedPass]' started.
Test Case '-[UniverseKeyboardTests.ReleaseEvidenceStoreTests testPendingExternalRunCannotReportPassEvenIfEveryStepIsMarkedPass]' passed (0.001 seconds).
Test Case '-[UniverseKeyboardTests.ReleaseEvidenceStoreTests testPromotionKeepsExternalReadinessSeparateFromBetaEvidence]' started.
Test Case '-[UniverseKeyboardTests.ReleaseEvidenceStoreTests testPromotionKeepsExternalReadinessSeparateFromBetaEvidence]' passed (0.020 seconds).
Test Case '-[UniverseKeyboardTests.ReleaseEvidenceStoreTests testRunOutcomeFailsClosedForIncompleteSteps]' started.
Test Case '-[UniverseKeyboardTests.ReleaseEvidenceStoreTests testRunOutcomeFailsClosedForIncompleteSteps]' passed (0.001 seconds).
Test Case '-[UniverseKeyboardTests.ReleaseEvidenceStoreTests testSessionRequiresAStableCandidateIdentifier]' started.
Test Case '-[UniverseKeyboardTests.ReleaseEvidenceStoreTests testSessionRequiresAStableCandidateIdentifier]' passed (0.002 seconds).
Test Case '-[UniverseKeyboardTests.ReleaseEvidenceStoreTests testStepNotesAreBoundedWhenCreated]' started.
Test Case '-[UniverseKeyboardTests.ReleaseEvidenceStoreTests testStepNotesAreBoundedWhenCreated]' passed (0.001 seconds).
Test Case '-[UniverseKeyboardTests.ReleaseEvidenceStoreTests testStoreKeepsOnlyTheNewestFiftyRuns]' started.
Test Case '-[UniverseKeyboardTests.ReleaseEvidenceStoreTests testStoreKeepsOnlyTheNewestFiftyRuns]' passed (0.083 seconds).
Test Case '-[UniverseKeyboardTests.ReleaseEvidenceStoreTests testStoreRoundTripsAReleaseEvidenceRun]' started.
Test Case '-[UniverseKeyboardTests.ReleaseEvidenceStoreTests testStoreRoundTripsAReleaseEvidenceRun]' passed (0.002 seconds).
Test Suite 'ReleaseEvidenceStoreTests' passed at 2026-10-01 00:29:36.237.
	 Executed 12 tests, with 0 failures (0 unexpected) in 0.129 (0.133) seconds
Test Suite 'RimeAutomaticSyncPolicyTests' started at 2026-10-01 00:29:36.237.
Test Case '-[UniverseKeyboardTests.RimeAutomaticSyncPolicyTests testBackgroundOwnerSuppressesConcurrentBackgroundAutomaticEntry]' started.
Test Case '-[UniverseKeyboardTests.RimeAutomaticSyncPolicyTests testBackgroundOwnerSuppressesConcurrentBackgroundAutomaticEntry]' passed (0.094 seconds).
Test Case '-[UniverseKeyboardTests.RimeAutomaticSyncPolicyTests testConcurrentExpirationAndOperationReturnHaveExactlyOneTerminalOwner]' started.
Test Case '-[UniverseKeyboardTests.RimeAutomaticSyncPolicyTests testConcurrentExpirationAndOperationReturnHaveExactlyOneTerminalOwner]' passed (0.001 seconds).
Test Case '-[UniverseKeyboardTests.RimeAutomaticSyncPolicyTests testDailyCadenceIsDueAfterOneDay]' started.
Test Case '-[UniverseKeyboardTests.RimeAutomaticSyncPolicyTests testDailyCadenceIsDueAfterOneDay]' passed (0.001 seconds).
Test Case '-[UniverseKeyboardTests.RimeAutomaticSyncPolicyTests testExpirationSeamCompletesImmediatelyAndSuppressesLateSuccess]' started.
Test Case '-[UniverseKeyboardTests.RimeAutomaticSyncPolicyTests testExpirationSeamCompletesImmediatelyAndSuppressesLateSuccess]' passed (0.001 seconds).
Test Case '-[UniverseKeyboardTests.RimeAutomaticSyncPolicyTests testFailedOperationSeamCompletesAsFailureWithoutNotification]' started.
Test Case '-[UniverseKeyboardTests.RimeAutomaticSyncPolicyTests testFailedOperationSeamCompletesAsFailureWithoutNotification]' passed (0.001 seconds).
Test Case '-[UniverseKeyboardTests.RimeAutomaticSyncPolicyTests testFirstAutomaticSyncHasNoCooldown]' started.
Test Case '-[UniverseKeyboardTests.RimeAutomaticSyncPolicyTests testFirstAutomaticSyncHasNoCooldown]' passed (0.001 seconds).
Test Case '-[UniverseKeyboardTests.RimeAutomaticSyncPolicyTests testKeyboardActiveRetryDefersAnOtherwisePastEligibleDate]' started.
Test Case '-[UniverseKeyboardTests.RimeAutomaticSyncPolicyTests testKeyboardActiveRetryDefersAnOtherwisePastEligibleDate]' passed (0.001 seconds).
Test Case '-[UniverseKeyboardTests.RimeAutomaticSyncPolicyTests testLaunchHandlerQueueMatchesMainActorIsolation]' started.
Test Case '-[UniverseKeyboardTests.RimeAutomaticSyncPolicyTests testLaunchHandlerQueueMatchesMainActorIsolation]' passed (0.001 seconds).
Test Case '-[UniverseKeyboardTests.RimeAutomaticSyncPolicyTests testLifecycleCompletesOnlyOnceAfterSuccessfulOperation]' started.
Test Case '-[UniverseKeyboardTests.RimeAutomaticSyncPolicyTests testLifecycleCompletesOnlyOnceAfterSuccessfulOperation]' passed (0.001 seconds).
Test Case '-[UniverseKeyboardTests.RimeAutomaticSyncPolicyTests testLifecycleReportsExpirationAsFailureAndCompletesOnlyOnce]' started.
Test Case '-[UniverseKeyboardTests.RimeAutomaticSyncPolicyTests testLifecycleReportsExpirationAsFailureAndCompletesOnlyOnce]' passed (0.000 seconds).
Test Case '-[UniverseKeyboardTests.RimeAutomaticSyncPolicyTests testMissingAttemptAndRetryFloorDoesNotSchedule]' started.
Test Case '-[UniverseKeyboardTests.RimeAutomaticSyncPolicyTests testMissingAttemptAndRetryFloorDoesNotSchedule]' passed (0.000 seconds).
Test Case '-[UniverseKeyboardTests.RimeAutomaticSyncPolicyTests testNextEligibleDateUsesChosenCadence]' started.
Test Case '-[UniverseKeyboardTests.RimeAutomaticSyncPolicyTests testNextEligibleDateUsesChosenCadence]' passed (0.001 seconds).
Test Case '-[UniverseKeyboardTests.RimeAutomaticSyncPolicyTests testOccupiedProcessGateDefersBackgroundSyncWithoutPublishingNotifications]' started.
Test Case '-[UniverseKeyboardTests.RimeAutomaticSyncPolicyTests testOccupiedProcessGateDefersBackgroundSyncWithoutPublishingNotifications]' passed (0.007 seconds).
Test Case '-[UniverseKeyboardTests.RimeAutomaticSyncPolicyTests testOccupiedProcessGateSuppressesForegroundAndManualSyncNotifications]' started.
Test Case '-[UniverseKeyboardTests.RimeAutomaticSyncPolicyTests testOccupiedProcessGateSuppressesForegroundAndManualSyncNotifications]' passed (0.005 seconds).
Test Case '-[UniverseKeyboardTests.RimeAutomaticSyncPolicyTests testProcessBusySkipCompletesAndReschedulesExactlyOnceWithoutNotification]' started.
Test Case '-[UniverseKeyboardTests.RimeAutomaticSyncPolicyTests testProcessBusySkipCompletesAndReschedulesExactlyOnceWithoutNotification]' passed (0.001 seconds).
Test Case '-[UniverseKeyboardTests.RimeAutomaticSyncPolicyTests testProcessGateGrantsExactlyOneConcurrentLease]' started.
Test Case '-[UniverseKeyboardTests.RimeAutomaticSyncPolicyTests testProcessGateGrantsExactlyOneConcurrentLease]' passed (0.012 seconds).
Test Case '-[UniverseKeyboardTests.RimeAutomaticSyncPolicyTests testProcessGateRejectsAStaleLeaseRelease]' started.
Test Case '-[UniverseKeyboardTests.RimeAutomaticSyncPolicyTests testProcessGateRejectsAStaleLeaseRelease]' passed (0.001 seconds).
Test Case '-[UniverseKeyboardTests.RimeAutomaticSyncPolicyTests testRetryFloorSchedulesWhenLastAutomaticAttemptIsMissing]' started.
Test Case '-[UniverseKeyboardTests.RimeAutomaticSyncPolicyTests testRetryFloorSchedulesWhenLastAutomaticAttemptIsMissing]' passed (0.001 seconds).
Test Case '-[UniverseKeyboardTests.RimeAutomaticSyncPolicyTests testSuccessfulOperationSeamCompletesAndNotifiesOnlyOnce]' started.
Test Case '-[UniverseKeyboardTests.RimeAutomaticSyncPolicyTests testSuccessfulOperationSeamCompletesAndNotifiesOnlyOnce]' passed (0.001 seconds).
Test Case '-[UniverseKeyboardTests.RimeAutomaticSyncPolicyTests testSuccessfulSkipCompletesTaskWithoutCompletionNotification]' started.
Test Case '-[UniverseKeyboardTests.RimeAutomaticSyncPolicyTests testSuccessfulSkipCompletesTaskWithoutCompletionNotification]' passed (0.001 seconds).
Test Case '-[UniverseKeyboardTests.RimeAutomaticSyncPolicyTests testWeeklyCadenceIsDueAfterSevenDays]' started.
Test Case '-[UniverseKeyboardTests.RimeAutomaticSyncPolicyTests testWeeklyCadenceIsDueAfterSevenDays]' passed (0.000 seconds).
Test Suite 'RimeAutomaticSyncPolicyTests' passed at 2026-10-01 00:29:36.373.
	 Executed 21 tests, with 0 failures (0 unexpected) in 0.130 (0.136) seconds
Test Suite 'RimeBuiltinRuntimeClosureTests' started at 2026-10-01 00:29:36.373.
Test Case '-[UniverseKeyboardTests.RimeBuiltinRuntimeClosureTests testBundledOfficialLunaClosureDeploysWithFuzzyPinyinOffAndOn]' started.
2026-10-01 00:29:36.727226+0800 Universe Keyboard[12320:34535910] [unspecified] container_create_or_lookup_app_group_path_by_app_group_identifier: client is not entitled
2026-10-01 00:29:36.734095+0800 Universe Keyboard[12320:34535910] [RIME] deploy setup: modules=core+dict+gears+lua+octagram luaCompiledIn=YES luaModuleRegisteredBeforeSetup=YES octagramCompiledIn=YES octagramRegisteredBeforeSetup=YES
2026-10-01 00:29:36.741023+0800 Universe Keyboard[12320:34535910] [RIME] deploy setup complete: luaComponents=lua_processor=true+lua_translator=true+lua_filter=true+lua_segmentor=true grammarComponent=true
2026-10-01 00:29:36.742837+0800 Universe Keyboard[12320:34535910] [RIME] deploy initialized: luaModuleRegisteredAfterInitialize=YES luaComponents=lua_processor=true+lua_translator=true+lua_filter=true+lua_segmentor=true octagramRegistered=YES grammarComponent=true
2026-10-01 00:29:37.205966+0800 Universe Keyboard[12320:34535910] [RIME] claiming process runtime on non-main thread
2026-10-01 00:29:37.206071+0800 Universe Keyboard[12320:34535910] [RIME] keyboard setup: modules=core+dict+gears+lua+octagram luaCompiledIn=YES luaModuleRegisteredBeforeSetup=YES octagramCompiledIn=YES octagramRegisteredBeforeSetup=YES
W20261001 00:29:37.206228 0x16deb7000 setup.cc:91] Glog is already initialized.
I20261001 00:29:37.207111 0x16deb7000 registry.cc:14] registering component: lua_translator
I20261001 00:29:37.207144 0x16deb7000 registry.cc:14] registering component: lua_filter
I20261001 00:29:37.207162 0x16deb7000 registry.cc:14] registering component: lua_segmentor
I20261001 00:29:37.207185 0x16deb7000 registry.cc:14] registering component: lua_processor
I20261001 00:29:37.207203 0x16deb7000 grammar_module.cc:15] registering components from module 'grammar'.
I20261001 00:29:37.207219 0x16deb7000 registry.cc:14] registering component: grammar
2026-10-01 00:29:37.207248+0800 Universe Keyboard[12320:34535910] [RIME] keyboard setup complete: luaModuleRegisteredAfterSetup=YES luaComponents=lua_processor=true+lua_translator=true+lua_filter=true+lua_segmentor=true octagramRegistered=YES grammarComponent=true
2026-10-01 00:29:37.207282+0800 Universe Keyboard[12320:34535910] [RIME] claiming process runtime on non-main thread
I20261001 00:29:37.207321 0x16deb7000 core_module.cc:20] registering core components.
I20261001 00:29:37.208803 0x16deb7000 registry.cc:14] registering component: config_builder
I20261001 00:29:37.208837 0x16deb7000 registry.cc:14] registering component: config
I20261001 00:29:37.208866 0x16deb7000 registry.cc:14] registering component: schema
I20261001 00:29:37.208884 0x16deb7000 registry.cc:14] registering component: user_config
I20261001 00:29:37.208900 0x16deb7000 dict_module.cc:25] registering components from module 'dict'.
I20261001 00:29:37.208915 0x16deb7000 registry.cc:14] registering component: tabledb
I20261001 00:29:37.208930 0x16deb7000 registry.cc:14] registering component: stabledb
I20261001 00:29:37.208951 0x16deb7000 registry.cc:14] registering component: plain_userdb
I20261001 00:29:37.208969 0x16deb7000 registry.cc:14] registering component: userdb
I20261001 00:29:37.208987 0x16deb7000 registry.cc:14] registering component: corrector
I20261001 00:29:37.209006 0x16deb7000 registry.cc:14] registering component: dictionary
I20261001 00:29:37.209041 0x16deb7000 registry.cc:14] registering component: reverse_lookup_dictionary
I20261001 00:29:37.209056 0x16deb7000 registry.cc:14] registering component: user_dictionary
I20261001 00:29:37.209072 0x16deb7000 registry.cc:14] registering component: userdb_recovery_task
I20261001 00:29:37.209085 0x16deb7000 gears_module.cc:42] registering components from module 'gears'.
I20261001 00:29:37.209099 0x16deb7000 registry.cc:14] registering component: ascii_composer
I20261001 00:29:37.209114 0x16deb7000 registry.cc:14] registering component: chord_composer
I20261001 00:29:37.209132 0x16deb7000 registry.cc:14] registering component: express_editor
I20261001 00:29:37.209146 0x16deb7000 registry.cc:14] registering component: fluid_editor
I20261001 00:29:37.209159 0x16deb7000 registry.cc:14] registering component: fluency_editor
I20261001 00:29:37.209172 0x16deb7000 registry.cc:14] registering component: key_binder
I20261001 00:29:37.209190 0x16deb7000 registry.cc:14] registering component: navigator
I20261001 00:29:37.209324 0x16deb7000 registry.cc:14] registering component: punctuator
I20261001 00:29:37.209345 0x16deb7000 registry.cc:14] registering component: recognizer
I20261001 00:29:37.209362 0x16deb7000 registry.cc:14] registering component: selector
I20261001 00:29:37.209381 0x16deb7000 registry.cc:14] registering component: speller
I20261001 00:29:37.209401 0x16deb7000 registry.cc:14] registering component: shape_processor
I20261001 00:29:37.209420 0x16deb7000 registry.cc:14] registering component: abc_segmentor
I20261001 00:29:37.209457 0x16deb7000 registry.cc:14] registering component: affix_segmentor
I20261001 00:29:37.209504 0x16deb7000 registry.cc:14] registering component: ascii_segmentor
I20261001 00:29:37.209541 0x16deb7000 registry.cc:14] registering component: matcher
I20261001 00:29:37.209561 0x16deb7000 registry.cc:14] registering component: punct_segmentor
I20261001 00:29:37.209593 0x16deb7000 registry.cc:14] registering component: fallback_segmentor
I20261001 00:29:37.209640 0x16deb7000 registry.cc:14] registering component: echo_translator
I20261001 00:29:37.209673 0x16deb7000 registry.cc:14] registering component: punct_translator
I20261001 00:29:37.209708 0x16deb7000 registry.cc:14] registering component: table_translator
I20261001 00:29:37.209728 0x16deb7000 registry.cc:14] registering component: script_translator
I20261001 00:29:37.209741 0x16deb7000 registry.cc:14] registering component: r10n_translator
I20261001 00:29:37.209759 0x16deb7000 registry.cc:14] registering component: reverse_lookup_translator
I20261001 00:29:37.209778 0x16deb7000 registry.cc:14] registering component: schema_list_translator
I20261001 00:29:37.209794 0x16deb7000 registry.cc:14] registering component: switch_translator
I20261001 00:29:37.209808 0x16deb7000 registry.cc:14] registering component: history_translator
I20261001 00:29:37.209827 0x16deb7000 registry.cc:14] registering component: simplifier
I20261001 00:29:37.209841 0x16deb7000 registry.cc:14] registering component: uniquifier
I20261001 00:29:37.209858 0x16deb7000 registry.cc:14] registering component: charset_filter
I20261001 00:29:37.209877 0x16deb7000 registry.cc:14] registering component: cjk_minifier
I20261001 00:29:37.209892 0x16deb7000 registry.cc:14] registering component: reverse_lookup_filter
I20261001 00:29:37.209908 0x16deb7000 registry.cc:14] registering component: single_char_filter
I20261001 00:29:37.209941 0x16deb7000 registry.cc:14] registering component: shape_formatter
2026-10-01 00:29:37.209989+0800 Universe Keyboard[12320:34535910] [RIME] keyboard initialize complete: luaModuleRegisteredAfterInitialize=YES luaComponents=lua_processor=true+lua_translator=true+lua_filter=true+lua_segmentor=true
I20261001 00:29:37.210080 0x16deb7000 config_data.cc:73] loading config file '/Users/doubleshy0n/Library/Developer/CoreSimulator/Devices/405D994F-28CB-4F89-BB22-B64AD81C05A2/data/Containers/Data/Application/7D0B2F85-7CBC-4F34-9B83-A135091C275B/tmp/rime-builtin-runtime-970F1840-8F56-4E33-8C07-545C3E9E7C13/user/build/default.yaml'.
I20261001 00:29:37.210898 0x16deb7000 engine.cc:72] starting engine.
I20261001 00:29:37.210968 0x16deb7000 config_data.cc:73] loading config file '/Users/doubleshy0n/Library/Developer/CoreSimulator/Devices/405D994F-28CB-4F89-BB22-B64AD81C05A2/data/Containers/Data/Application/7D0B2F85-7CBC-4F34-9B83-A135091C275B/tmp/rime-builtin-runtime-970F1840-8F56-4E33-8C07-545C3E9E7C13/user/user.yaml'.
I20261001 00:29:37.212005 0x16deb7000 config_data.cc:73] loading config file '/Users/doubleshy0n/Library/Developer/CoreSimulator/Devices/405D994F-28CB-4F89-BB22-B64AD81C05A2/data/Containers/Data/Application/7D0B2F85-7CBC-4F34-9B83-A135091C275B/tmp/rime-builtin-runtime-970F1840-8F56-4E33-8C07-545C3E9E7C13/user/build/luna_pinyin.schema.yaml'.
I20261001 00:29:37.216875 0x16deb7000 engine.cc:133] updated option: _auto_commit
I20261001 00:29:37.217092 0x16deb7000 table_db.cc:73] stabledb 'custom_phrase' does not exist.
I20261001 00:29:37.217267 0x16deb7000 dictionary.cc:380] loading dictionary 'luna_pinyin'.
I20261001 00:29:37.217298 0x16deb7000 table.cc:270] loading table file: /Users/doubleshy0n/Library/Developer/CoreSimulator/Devices/405D994F-28CB-4F89-BB22-B64AD81C05A2/data/Containers/Data/Application/7D0B2F85-7CBC-4F34-9B83-A135091C275B/tmp/rime-builtin-runtime-970F1840-8F56-4E33-8C07-545C3E9E7C13/shared/build/luna_pinyin.table.bin
I20261001 00:29:37.217464 0x16deb7000 prism.cc:83] loading prism file: /Users/doubleshy0n/Library/Developer/CoreSimulator/Devices/405D994F-28CB-4F89-BB22-B64AD81C05A2/data/Containers/Data/Application/7D0B2F85-7CBC-4F34-9B83-A135091C275B/tmp/rime-builtin-runtime-970F1840-8F56-4E33-8C07-545C3E9E7C13/user/build/luna_pinyin.prism.bin
I20261001 00:29:37.217588 0x16deb7000 prism.cc:121] found double array image of size 1792.
I20261001 00:29:37.217994 0x16deb7000 engine.cc:377] ConcreteEngine::InitializeOptions
I20261001 00:29:37.218032 0x16deb7000 engine.cc:382] found switch option: ascii_mode, reset: 0
I20261001 00:29:37.218072 0x16deb7000 engine.cc:133] updated option: ascii_mode
I20261001 00:29:37.218103 0x16deb7000 engine.cc:382] found switch option: full_shape, reset: -1
I20261001 00:29:37.218131 0x16deb7000 engine.cc:382] found switch option: zh_hant, reset: 1
I20261001 00:29:37.218149 0x16deb7000 engine.cc:133] updated option: zh_hant
I20261001 00:29:37.218165 0x16deb7000 engine.cc:382] found switch option: zh_hans, reset: 1
I20261001 00:29:37.218702 0x16deb7000 engine.cc:133] updated option: zh_hans
I20261001 00:29:37.218726 0x16deb7000 engine.cc:382] found switch option: zh_hant_hk, reset: 1
I20261001 00:29:37.218750 0x16deb7000 engine.cc:133] updated option: zh_hant_hk
I20261001 00:29:37.218768 0x16deb7000 engine.cc:382] found switch option: zh_hant_tw, reset: 1
I20261001 00:29:37.218783 0x16deb7000 engine.cc:133] updated option: zh_hant_tw
I20261001 00:29:37.218797 0x16deb7000 engine.cc:382] found switch option: ascii_punct, reset: -1
2026-10-01 00:29:37.218829+0800 Universe Keyboard[12320:34535910] [RIME] createSession: sessionId=5050222040
I20261001 00:29:37.219129 0x16deb7000 engine.cc:133] updated option: _auto_commit
I20261001 00:29:37.219224 0x16deb7000 table_db.cc:73] stabledb 'custom_phrase' does not exist.
I20261001 00:29:37.219303 0x16deb7000 dictionary.cc:380] loading dictionary 'luna_pinyin'.
I20261001 00:29:37.219322 0x16deb7000 table.cc:270] loading table file: /Users/doubleshy0n/Library/Developer/CoreSimulator/Devices/405D994F-28CB-4F89-BB22-B64AD81C05A2/data/Containers/Data/Application/7D0B2F85-7CBC-4F34-9B83-A135091C275B/tmp/rime-builtin-runtime-970F1840-8F56-4E33-8C07-545C3E9E7C13/shared/build/luna_pinyin.table.bin
I20261001 00:29:37.219419 0x16deb7000 prism.cc:83] loading prism file: /Users/doubleshy0n/Library/Developer/CoreSimulator/Devices/405D994F-28CB-4F89-BB22-B64AD81C05A2/data/Containers/Data/Application/7D0B2F85-7CBC-4F34-9B83-A135091C275B/tmp/rime-builtin-runtime-970F1840-8F56-4E33-8C07-545C3E9E7C13/user/build/luna_pinyin.prism.bin
I20261001 00:29:37.219496 0x16deb7000 prism.cc:121] found double array image of size 1792.
I20261001 00:29:37.219621 0x16deb7000 engine.cc:377] ConcreteEngine::InitializeOptions
I20261001 00:29:37.219644 0x16deb7000 engine.cc:382] found switch option: ascii_mode, reset: 0
I20261001 00:29:37.219659 0x16deb7000 engine.cc:133] updated option: ascii_mode
I20261001 00:29:37.219677 0x16deb7000 engine.cc:382] found switch option: full_shape, reset: -1
I20261001 00:29:37.219693 0x16deb7000 engine.cc:382] found switch option: zh_hant, reset: 1
I20261001 00:29:37.219714 0x16deb7000 engine.cc:133] updated option: zh_hant
I20261001 00:29:37.219734 0x16deb7000 engine.cc:382] found switch option: zh_hans, reset: 1
I20261001 00:29:37.219751 0x16deb7000 engine.cc:133] updated option: zh_hans
I20261001 00:29:37.219770 0x16deb7000 engine.cc:382] found switch option: zh_hant_hk, reset: 1
I20261001 00:29:37.219786 0x16deb7000 engine.cc:133] updated option: zh_hant_hk
I20261001 00:29:37.219801 0x16deb7000 engine.cc:382] found switch option: zh_hant_tw, reset: 1
I20261001 00:29:37.219814 0x16deb7000 engine.cc:133] updated option: zh_hant_tw
I20261001 00:29:37.219828 0x16deb7000 engine.cc:382] found switch option: ascii_punct, reset: -1
I20261001 00:29:37.219842 0x16deb7000 config_data.cc:202] write: var/previously_selected_schema
I20261001 00:29:37.219859 0x16deb7000 config_data.cc:202] write: var/schema_access_time/luna_pinyin
I20261001 00:29:37.219882 0x16deb7000 config_data.cc:92] saving config file '/Users/doubleshy0n/Library/Developer/CoreSimulator/Devices/405D994F-28CB-4F89-BB22-B64AD81C05A2/data/Containers/Data/Application/7D0B2F85-7CBC-4F34-9B83-A135091C275B/tmp/rime-builtin-runtime-970F1840-8F56-4E33-8C07-545C3E9E7C13/user/user.yaml'.
I20261001 00:29:37.227588 0x16deb7000 dictionary.cc:380] loading dictionary 'stroke'.
I20261001 00:29:37.227644 0x16deb7000 table.cc:270] loading table file: /Users/doubleshy0n/Library/Developer/CoreSimulator/Devices/405D994F-28CB-4F89-BB22-B64AD81C05A2/data/Containers/Data/Application/7D0B2F85-7CBC-4F34-9B83-A135091C275B/tmp/rime-builtin-runtime-970F1840-8F56-4E33-8C07-545C3E9E7C13/shared/build/stroke.table.bin
I20261001 00:29:37.227764 0x16deb7000 prism.cc:83] loading prism file: /Users/doubleshy0n/Library/Developer/CoreSimulator/Devices/405D994F-28CB-4F89-BB22-B64AD81C05A2/data/Containers/Data/Application/7D0B2F85-7CBC-4F34-9B83-A135091C275B/tmp/rime-builtin-runtime-970F1840-8F56-4E33-8C07-545C3E9E7C13/user/build/stroke.prism.bin
I20261001 00:29:37.227841 0x16deb7000 prism.cc:121] found double array image of size 875264.
I20261001 00:29:37.227898 0x16deb7000 reverse_lookup_dictionary.cc:33] loading reversedb: /Users/doubleshy0n/Library/Developer/CoreSimulator/Devices/405D994F-28CB-4F89-BB22-B64AD81C05A2/data/Containers/Data/Application/7D0B2F85-7CBC-4F34-9B83-A135091C275B/tmp/rime-builtin-runtime-970F1840-8F56-4E33-8C07-545C3E9E7C13/shared/build/luna_pinyin.reverse.bin
I20261001 00:29:37.229729 0x16deb7000 engine.cc:96] engine disposed.
2026-10-01 00:29:37.230783+0800 Universe Keyboard[12320:34534778] [RIME] claiming process runtime on main thread
2026-10-01 00:29:37.230856+0800 Universe Keyboard[12320:34534778] [RIME] keyboard setup: modules=core+dict+gears+lua+octagram luaCompiledIn=YES luaModuleRegisteredBeforeSetup=YES octagramCompiledIn=YES octagramRegisteredBeforeSetup=YES
W20261001 00:29:37.230912 0x10269de40 setup.cc:91] Glog is already initialized.
I20261001 00:29:37.231748 0x10269de40 registry.cc:14] registering component: lua_translator
I20261001 00:29:37.231778 0x10269de40 registry.cc:14] registering component: lua_filter
I20261001 00:29:37.231803 0x10269de40 registry.cc:14] registering component: lua_segmentor
I20261001 00:29:37.231820 0x10269de40 registry.cc:14] registering component: lua_processor
I20261001 00:29:37.231837 0x10269de40 grammar_module.cc:15] registering components from module 'grammar'.
I20261001 00:29:37.231864 0x10269de40 registry.cc:14] registering component: grammar
2026-10-01 00:29:37.231907+0800 Universe Keyboard[12320:34534778] [RIME] keyboard setup complete: luaModuleRegisteredAfterSetup=YES luaComponents=lua_processor=true+lua_translator=true+lua_filter=true+lua_segmentor=true octagramRegistered=YES grammarComponent=true
2026-10-01 00:29:37.231965+0800 Universe Keyboard[12320:34534778] [RIME] claiming process runtime on main thread
I20261001 00:29:37.232001 0x10269de40 core_module.cc:20] registering core components.
I20261001 00:29:37.232027 0x10269de40 registry.cc:14] registering component: config_builder
I20261001 00:29:37.232050 0x10269de40 registry.cc:14] registering component: config
I20261001 00:29:37.232070 0x10269de40 registry.cc:14] registering component: schema
I20261001 00:29:37.232087 0x10269de40 registry.cc:14] registering component: user_config
I20261001 00:29:37.232123 0x10269de40 dict_module.cc:25] registering components from module 'dict'.
I20261001 00:29:37.232161 0x10269de40 registry.cc:14] registering component: tabledb
I20261001 00:29:37.232188 0x10269de40 registry.cc:14] registering component: stabledb
I20261001 00:29:37.232213 0x10269de40 registry.cc:14] registering component: plain_userdb
I20261001 00:29:37.232238 0x10269de40 registry.cc:14] registering component: userdb
I20261001 00:29:37.232263 0x10269de40 registry.cc:14] registering component: corrector
I20261001 00:29:37.232289 0x10269de40 registry.cc:14] registering component: dictionary
I20261001 00:29:37.232318 0x10269de40 registry.cc:14] registering component: reverse_lookup_dictionary
I20261001 00:29:37.232344 0x10269de40 registry.cc:14] registering component: user_dictionary
I20261001 00:29:37.232368 0x10269de40 registry.cc:14] registering component: userdb_recovery_task
I20261001 00:29:37.232390 0x10269de40 gears_module.cc:42] registering components from module 'gears'.
I20261001 00:29:37.232413 0x10269de40 registry.cc:14] registering component: ascii_composer
I20261001 00:29:37.232435 0x10269de40 registry.cc:14] registering component: chord_composer
I20261001 00:29:37.232454 0x10269de40 registry.cc:14] registering component: express_editor
I20261001 00:29:37.232478 0x10269de40 registry.cc:14] registering component: fluid_editor
I20261001 00:29:37.232501 0x10269de40 registry.cc:14] registering component: fluency_editor
I20261001 00:29:37.232527 0x10269de40 registry.cc:14] registering component: key_binder
I20261001 00:29:37.232553 0x10269de40 registry.cc:14] registering component: navigator
I20261001 00:29:37.232584 0x10269de40 registry.cc:14] registering component: punctuator
I20261001 00:29:37.232630 0x10269de40 registry.cc:14] registering component: recognizer
I20261001 00:29:37.232658 0x10269de40 registry.cc:14] registering component: selector
I20261001 00:29:37.232682 0x10269de40 registry.cc:14] registering component: speller
I20261001 00:29:37.232699 0x10269de40 registry.cc:14] registering component: shape_processor
I20261001 00:29:37.232729 0x10269de40 registry.cc:14] registering component: abc_segmentor
I20261001 00:29:37.232772 0x10269de40 registry.cc:14] registering component: affix_segmentor
I20261001 00:29:37.232798 0x10269de40 registry.cc:14] registering component: ascii_segmentor
I20261001 00:29:37.232814 0x10269de40 registry.cc:14] registering component: matcher
I20261001 00:29:37.232832 0x10269de40 registry.cc:14] registering component: punct_segmentor
I20261001 00:29:37.232853 0x10269de40 registry.cc:14] registering component: fallback_segmentor
I20261001 00:29:37.232871 0x10269de40 registry.cc:14] registering component: echo_translator
I20261001 00:29:37.232890 0x10269de40 registry.cc:14] registering component: punct_translator
I20261001 00:29:37.232914 0x10269de40 registry.cc:14] registering component: table_translator
I20261001 00:29:37.232934 0x10269de40 registry.cc:14] registering component: script_translator
I20261001 00:29:37.232958 0x10269de40 registry.cc:14] registering component: r10n_translator
I20261001 00:29:37.232984 0x10269de40 registry.cc:14] registering component: reverse_lookup_translator
I20261001 00:29:37.233007 0x10269de40 registry.cc:14] registering component: schema_list_translator
I20261001 00:29:37.233037 0x10269de40 registry.cc:14] registering component: switch_translator
I20261001 00:29:37.233066 0x10269de40 registry.cc:14] registering component: history_translator
I20261001 00:29:37.233100 0x10269de40 registry.cc:14] registering component: simplifier
I20261001 00:29:37.233130 0x10269de40 registry.cc:14] registering component: uniquifier
I20261001 00:29:37.233156 0x10269de40 registry.cc:14] registering component: charset_filter
I20261001 00:29:37.233183 0x10269de40 registry.cc:14] registering component: cjk_minifier
I20261001 00:29:37.233203 0x10269de40 registry.cc:14] registering component: reverse_lookup_filter
I20261001 00:29:37.233228 0x10269de40 registry.cc:14] registering component: single_char_filter
I20261001 00:29:37.233258 0x10269de40 registry.cc:14] registering component: shape_formatter
2026-10-01 00:29:37.233322+0800 Universe Keyboard[12320:34534778] [RIME] keyboard initialize complete: luaModuleRegisteredAfterInitialize=YES luaComponents=lua_processor=true+lua_translator=true+lua_filter=true+lua_segmentor=true
I20261001 00:29:37.233450 0x10269de40 config_data.cc:73] loading config file '/Users/doubleshy0n/Library/Developer/CoreSimulator/Devices/405D994F-28CB-4F89-BB22-B64AD81C05A2/data/Containers/Data/Application/7D0B2F85-7CBC-4F34-9B83-A135091C275B/tmp/rime-builtin-runtime-970F1840-8F56-4E33-8C07-545C3E9E7C13/user/build/default.yaml'.
I20261001 00:29:37.234275 0x10269de40 engine.cc:72] starting engine.
I20261001 00:29:37.234369 0x10269de40 config_data.cc:73] loading config file '/Users/doubleshy0n/Library/Developer/CoreSimulator/Devices/405D994F-28CB-4F89-BB22-B64AD81C05A2/data/Containers/Data/Application/7D0B2F85-7CBC-4F34-9B83-A135091C275B/tmp/rime-builtin-runtime-970F1840-8F56-4E33-8C07-545C3E9E7C13/user/user.yaml'.
I20261001 00:29:37.234655 0x10269de40 config_data.cc:73] loading config file '/Users/doubleshy0n/Library/Developer/CoreSimulator/Devices/405D994F-28CB-4F89-BB22-B64AD81C05A2/data/Containers/Data/Application/7D0B2F85-7CBC-4F34-9B83-A135091C275B/tmp/rime-builtin-runtime-970F1840-8F56-4E33-8C07-545C3E9E7C13/user/build/luna_pinyin.schema.yaml'.
I20261001 00:29:37.238986 0x10269de40 engine.cc:133] updated option: _auto_commit
I20261001 00:29:37.239129 0x10269de40 table_db.cc:73] stabledb 'custom_phrase' does not exist.
I20261001 00:29:37.239280 0x10269de40 dictionary.cc:380] loading dictionary 'luna_pinyin'.
I20261001 00:29:37.239316 0x10269de40 table.cc:270] loading table file: /Users/doubleshy0n/Library/Developer/CoreSimulator/Devices/405D994F-28CB-4F89-BB22-B64AD81C05A2/data/Containers/Data/Application/7D0B2F85-7CBC-4F34-9B83-A135091C275B/tmp/rime-builtin-runtime-970F1840-8F56-4E33-8C07-545C3E9E7C13/shared/build/luna_pinyin.table.bin
I20261001 00:29:37.239443 0x10269de40 prism.cc:83] loading prism file: /Users/doubleshy0n/Library/Developer/CoreSimulator/Devices/405D994F-28CB-4F89-BB22-B64AD81C05A2/data/Containers/Data/Application/7D0B2F85-7CBC-4F34-9B83-A135091C275B/tmp/rime-builtin-runtime-970F1840-8F56-4E33-8C07-545C3E9E7C13/user/build/luna_pinyin.prism.bin
I20261001 00:29:37.239532 0x10269de40 prism.cc:121] found double array image of size 1792.
I20261001 00:29:37.239670 0x10269de40 engine.cc:377] ConcreteEngine::InitializeOptions
I20261001 00:29:37.239697 0x10269de40 engine.cc:382] found switch option: ascii_mode, reset: 0
I20261001 00:29:37.239720 0x10269de40 engine.cc:133] updated option: ascii_mode
I20261001 00:29:37.239736 0x10269de40 engine.cc:382] found switch option: full_shape, reset: -1
I20261001 00:29:37.239762 0x10269de40 engine.cc:382] found switch option: zh_hant, reset: 1
I20261001 00:29:37.239786 0x10269de40 engine.cc:133] updated option: zh_hant
I20261001 00:29:37.239813 0x10269de40 engine.cc:382] found switch option: zh_hans, reset: 1
I20261001 00:29:37.239834 0x10269de40 engine.cc:133] updated option: zh_hans
I20261001 00:29:37.239856 0x10269de40 engine.cc:382] found switch option: zh_hant_hk, reset: 1
I20261001 00:29:37.239882 0x10269de40 engine.cc:133] updated option: zh_hant_hk
I20261001 00:29:37.239923 0x10269de40 engine.cc:382] found switch option: zh_hant_tw, reset: 1
I20261001 00:29:37.239954 0x10269de40 engine.cc:133] updated option: zh_hant_tw
I20261001 00:29:37.239984 0x10269de40 engine.cc:382] found switch option: ascii_punct, reset: -1
2026-10-01 00:29:37.240021+0800 Universe Keyboard[12320:34534778] [RIME] createSession: sessionId=5051696728
I20261001 00:29:37.240331 0x10269de40 engine.cc:133] updated option: _auto_commit
I20261001 00:29:37.240424 0x10269de40 table_db.cc:73] stabledb 'custom_phrase' does not exist.
I20261001 00:29:37.240507 0x10269de40 dictionary.cc:380] loading dictionary 'luna_pinyin'.
I20261001 00:29:37.240533 0x10269de40 table.cc:270] loading table file: /Users/doubleshy0n/Library/Developer/CoreSimulator/Devices/405D994F-28CB-4F89-BB22-B64AD81C05A2/data/Containers/Data/Application/7D0B2F85-7CBC-4F34-9B83-A135091C275B/tmp/rime-builtin-runtime-970F1840-8F56-4E33-8C07-545C3E9E7C13/shared/build/luna_pinyin.table.bin
I20261001 00:29:37.240621 0x10269de40 prism.cc:83] loading prism file: /Users/doubleshy0n/Library/Developer/CoreSimulator/Devices/405D994F-28CB-4F89-BB22-B64AD81C05A2/data/Containers/Data/Application/7D0B2F85-7CBC-4F34-9B83-A135091C275B/tmp/rime-builtin-runtime-970F1840-8F56-4E33-8C07-545C3E9E7C13/user/build/luna_pinyin.prism.bin
I20261001 00:29:37.240690 0x10269de40 prism.cc:121] found double array image of size 1792.
I20261001 00:29:37.240856 0x10269de40 engine.cc:377] ConcreteEngine::InitializeOptions
I20261001 00:29:37.240900 0x10269de40 engine.cc:382] found switch option: ascii_mode, reset: 0
I20261001 00:29:37.240932 0x10269de40 engine.cc:133] updated option: ascii_mode
I20261001 00:29:37.240967 0x10269de40 engine.cc:382] found switch option: full_shape, reset: -1
I20261001 00:29:37.240998 0x10269de40 engine.cc:382] found switch option: zh_hant, reset: 1
I20261001 00:29:37.241019 0x10269de40 engine.cc:133] updated option: zh_hant
I20261001 00:29:37.241044 0x10269de40 engine.cc:382] found switch option: zh_hans, reset: 1
I20261001 00:29:37.241068 0x10269de40 engine.cc:133] updated option: zh_hans
I20261001 00:29:37.241092 0x10269de40 engine.cc:382] found switch option: zh_hant_hk, reset: 1
I20261001 00:29:37.241112 0x10269de40 engine.cc:133] updated option: zh_hant_hk
I20261001 00:29:37.241149 0x10269de40 engine.cc:382] found switch option: zh_hant_tw, reset: 1
I20261001 00:29:37.241175 0x10269de40 engine.cc:133] updated option: zh_hant_tw
I20261001 00:29:37.241209 0x10269de40 engine.cc:382] found switch option: ascii_punct, reset: -1
I20261001 00:29:37.241246 0x10269de40 config_data.cc:202] write: var/previously_selected_schema
I20261001 00:29:37.241276 0x10269de40 config_data.cc:202] write: var/schema_access_time/luna_pinyin
I20261001 00:29:37.241303 0x10269de40 config_data.cc:92] saving config file '/Users/doubleshy0n/Library/Developer/CoreSimulator/Devices/405D994F-28CB-4F89-BB22-B64AD81C05A2/data/Containers/Data/Application/7D0B2F85-7CBC-4F34-9B83-A135091C275B/tmp/rime-builtin-runtime-970F1840-8F56-4E33-8C07-545C3E9E7C13/user/user.yaml'.
I20261001 00:29:37.246356 0x10269de40 dictionary.cc:380] loading dictionary 'stroke'.
I20261001 00:29:37.246401 0x10269de40 table.cc:270] loading table file: /Users/doubleshy0n/Library/Developer/CoreSimulator/Devices/405D994F-28CB-4F89-BB22-B64AD81C05A2/data/Containers/Data/Application/7D0B2F85-7CBC-4F34-9B83-A135091C275B/tmp/rime-builtin-runtime-970F1840-8F56-4E33-8C07-545C3E9E7C13/shared/build/stroke.table.bin
I20261001 00:29:37.246519 0x10269de40 prism.cc:83] loading prism file: /Users/doubleshy0n/Library/Developer/CoreSimulator/Devices/405D994F-28CB-4F89-BB22-B64AD81C05A2/data/Containers/Data/Application/7D0B2F85-7CBC-4F34-9B83-A135091C275B/tmp/rime-builtin-runtime-970F1840-8F56-4E33-8C07-545C3E9E7C13/user/build/stroke.prism.bin
I20261001 00:29:37.246597 0x10269de40 prism.cc:121] found double array image of size 875264.
I20261001 00:29:37.246649 0x10269de40 reverse_lookup_dictionary.cc:33] loading reversedb: /Users/doubleshy0n/Library/Developer/CoreSimulator/Devices/405D994F-28CB-4F89-BB22-B64AD81C05A2/data/Containers/Data/Application/7D0B2F85-7CBC-4F34-9B83-A135091C275B/tmp/rime-builtin-runtime-970F1840-8F56-4E33-8C07-545C3E9E7C13/shared/build/luna_pinyin.reverse.bin
I20261001 00:29:37.247497 0x10269de40 engine.cc:96] engine disposed.
2026-10-01 00:29:37.513979+0800 Universe Keyboard[12320:34535583] [RIME] deploy setup: modules=core+dict+gears+lua+octagram luaCompiledIn=YES luaModuleRegisteredBeforeSetup=YES octagramCompiledIn=YES octagramRegisteredBeforeSetup=YES
W20261001 00:29:37.514080 0x16dd9f000 setup.cc:91] Glog is already initialized.
I20261001 00:29:37.515250 0x16dd9f000 registry.cc:14] registering component: lua_translator
I20261001 00:29:37.515307 0x16dd9f000 registry.cc:14] registering component: lua_filter
I20261001 00:29:37.515340 0x16dd9f000 registry.cc:14] registering component: lua_segmentor
I20261001 00:29:37.515392 0x16dd9f000 registry.cc:14] registering component: lua_processor
I20261001 00:29:37.515437 0x16dd9f000 grammar_module.cc:15] registering components from module 'grammar'.
I20261001 00:29:37.515473 0x16dd9f000 registry.cc:14] registering component: grammar
2026-10-01 00:29:37.515521+0800 Universe Keyboard[12320:34535583] [RIME] deploy setup complete: luaComponents=lua_processor=true+lua_translator=true+lua_filter=true+lua_segmentor=true grammarComponent=true
I20261001 00:29:37.515576 0x16dd9f000 core_module.cc:20] registering core components.
I20261001 00:29:37.515623 0x16dd9f000 registry.cc:14] registering component: config_builder
I20261001 00:29:37.515659 0x16dd9f000 registry.cc:14] registering component: config
I20261001 00:29:37.515687 0x16dd9f000 registry.cc:14] registering component: schema
I20261001 00:29:37.516316 0x16dd9f000 registry.cc:14] registering component: user_config
I20261001 00:29:37.516352 0x16dd9f000 dict_module.cc:25] registering components from module 'dict'.
I20261001 00:29:37.516383 0x16dd9f000 registry.cc:14] registering component: tabledb
I20261001 00:29:37.516412 0x16dd9f000 registry.cc:14] registering component: stabledb
I20261001 00:29:37.516454 0x16dd9f000 registry.cc:14] registering component: plain_userdb
I20261001 00:29:37.516488 0x16dd9f000 registry.cc:14] registering component: userdb
I20261001 00:29:37.516525 0x16dd9f000 registry.cc:14] registering component: corrector
I20261001 00:29:37.516565 0x16dd9f000 registry.cc:14] registering component: dictionary
I20261001 00:29:37.516591 0x16dd9f000 registry.cc:14] registering component: reverse_lookup_dictionary
I20261001 00:29:37.516616 0x16dd9f000 registry.cc:14] registering component: user_dictionary
I20261001 00:29:37.516633 0x16dd9f000 registry.cc:14] registering component: userdb_recovery_task
I20261001 00:29:37.516649 0x16dd9f000 gears_module.cc:42] registering components from module 'gears'.
I20261001 00:29:37.516665 0x16dd9f000 registry.cc:14] registering component: ascii_composer
I20261001 00:29:37.516680 0x16dd9f000 registry.cc:14] registering component: chord_composer
I20261001 00:29:37.516695 0x16dd9f000 registry.cc:14] registering component: express_editor
I20261001 00:29:37.516710 0x16dd9f000 registry.cc:14] registering component: fluid_editor
I20261001 00:29:37.516730 0x16dd9f000 registry.cc:14] registering component: fluency_editor
I20261001 00:29:37.517047 0x16dd9f000 registry.cc:14] registering component: key_binder
I20261001 00:29:37.517065 0x16dd9f000 registry.cc:14] registering component: navigator
I20261001 00:29:37.517082 0x16dd9f000 registry.cc:14] registering component: punctuator
I20261001 00:29:37.517097 0x16dd9f000 registry.cc:14] registering component: recognizer
I20261001 00:29:37.517110 0x16dd9f000 registry.cc:14] registering component: selector
I20261001 00:29:37.517124 0x16dd9f000 registry.cc:14] registering component: speller
I20261001 00:29:37.517141 0x16dd9f000 registry.cc:14] registering component: shape_processor
I20261001 00:29:37.517156 0x16dd9f000 registry.cc:14] registering component: abc_segmentor
I20261001 00:29:37.517176 0x16dd9f000 registry.cc:14] registering component: affix_segmentor
I20261001 00:29:37.517197 0x16dd9f000 registry.cc:14] registering component: ascii_segmentor
I20261001 00:29:37.517214 0x16dd9f000 registry.cc:14] registering component: matcher
I20261001 00:29:37.517229 0x16dd9f000 registry.cc:14] registering component: punct_segmentor
I20261001 00:29:37.517345 0x16dd9f000 registry.cc:14] registering component: fallback_segmentor
I20261001 00:29:37.517362 0x16dd9f000 registry.cc:14] registering component: echo_translator
I20261001 00:29:37.517377 0x16dd9f000 registry.cc:14] registering component: punct_translator
I20261001 00:29:37.517391 0x16dd9f000 registry.cc:14] registering component: table_translator
I20261001 00:29:37.517404 0x16dd9f000 registry.cc:14] registering component: script_translator
I20261001 00:29:37.517419 0x16dd9f000 registry.cc:14] registering component: r10n_translator
I20261001 00:29:37.517435 0x16dd9f000 registry.cc:14] registering component: reverse_lookup_translator
I20261001 00:29:37.517449 0x16dd9f000 registry.cc:14] registering component: schema_list_translator
I20261001 00:29:37.517465 0x16dd9f000 registry.cc:14] registering component: switch_translator
I20261001 00:29:37.517479 0x16dd9f000 registry.cc:14] registering component: history_translator
I20261001 00:29:37.517496 0x16dd9f000 registry.cc:14] registering component: simplifier
I20261001 00:29:37.517688 0x16dd9f000 registry.cc:14] registering component: uniquifier
I20261001 00:29:37.517706 0x16dd9f000 registry.cc:14] registering component: charset_filter
I20261001 00:29:37.517720 0x16dd9f000 registry.cc:14] registering component: cjk_minifier
I20261001 00:29:37.517736 0x16dd9f000 registry.cc:14] registering component: reverse_lookup_filter
I20261001 00:29:37.517749 0x16dd9f000 registry.cc:14] registering component: single_char_filter
I20261001 00:29:37.517762 0x16dd9f000 registry.cc:14] registering component: shape_formatter
2026-10-01 00:29:37.517796+0800 Universe Keyboard[12320:34535583] [RIME] deploy initialized: luaModuleRegisteredAfterInitialize=YES luaComponents=lua_processor=true+lua_translator=true+lua_filter=true+lua_segmentor=true octagramRegistered=YES grammarComponent=true
I20261001 00:29:37.517886 0x16dd9f000 levers_module.cc:16] registering components from module 'levers'.
I20261001 00:29:37.517906 0x16dd9f000 registry.cc:14] registering component: detect_modifications
I20261001 00:29:37.517991 0x16dd9f000 registry.cc:14] registering component: installation_update
I20261001 00:29:37.518010 0x16dd9f000 registry.cc:14] registering component: workspace_update
I20261001 00:29:37.518024 0x16dd9f000 registry.cc:14] registering component: schema_update
I20261001 00:29:37.518046 0x16dd9f000 registry.cc:14] registering component: config_file_update
I20261001 00:29:37.518068 0x16dd9f000 registry.cc:14] registering component: prebuild_all_schemas
I20261001 00:29:37.518082 0x16dd9f000 registry.cc:14] registering component: user_dict_upgrade
I20261001 00:29:37.518101 0x16dd9f000 registry.cc:14] registering component: cleanup_trash
I20261001 00:29:37.518118 0x16dd9f000 registry.cc:14] registering component: user_dict_sync
I20261001 00:29:37.518134 0x16dd9f000 registry.cc:14] registering component: backup_config_files
I20261001 00:29:37.518150 0x16dd9f000 registry.cc:14] registering component: clean_old_log_files
I20261001 00:29:37.518227 0x16dd9f000 deployment_tasks.cc:83] updating rime installation info.
W20261001 00:29:37.518592 0x16dd9f000 config_data.cc:70] nonexistent config file '/Users/doubleshy0n/Library/Developer/CoreSimulator/Devices/405D994F-28CB-4F89-BB22-B64AD81C05A2/data/Containers/Data/Application/7D0B2F85-7CBC-4F34-9B83-A135091C275B/tmp/rime-builtin-runtime-24D63432-32F9-452C-BB23-A6A7B09F92E1/user/installation.yaml'.
I20261001 00:29:37.518615 0x16dd9f000 deployment_tasks.cc:133] creating installation info.
I20261001 00:29:37.518655 0x16dd9f000 deployment_tasks.cc:140] generated installation id: 96663b08-ac1b-4f0c-9670-598a8d83b499
I20261001 00:29:37.518678 0x16dd9f000 config_data.cc:202] write: installation_id
I20261001 00:29:37.518699 0x16dd9f000 config_data.cc:202] write: install_time
I20261001 00:29:37.518720 0x16dd9f000 config_data.cc:202] write: distribution_name
I20261001 00:29:37.518736 0x16dd9f000 deployment_tasks.cc:150] distribution: UniverseKeyboard
I20261001 00:29:37.518756 0x16dd9f000 config_data.cc:202] write: distribution_code_name
I20261001 00:29:37.518865 0x16dd9f000 deployment_tasks.cc:155] distribution code name: UniverseKeyboard
I20261001 00:29:37.518884 0x16dd9f000 config_data.cc:202] write: distribution_version
I20261001 00:29:37.518903 0x16dd9f000 deployment_tasks.cc:159] distribution version: 1.0.0
I20261001 00:29:37.518917 0x16dd9f000 config_data.cc:202] write: rime_version
I20261001 00:29:37.518932 0x16dd9f000 deployment_tasks.cc:162] Rime version: 1.16.1
I20261001 00:29:37.518946 0x16dd9f000 config_data.cc:92] saving config file '/Users/doubleshy0n/Library/Developer/CoreSimulator/Devices/405D994F-28CB-4F89-BB22-B64AD81C05A2/data/Containers/Data/Application/7D0B2F85-7CBC-4F34-9B83-A135091C275B/tmp/rime-builtin-runtime-24D63432-32F9-452C-BB23-A6A7B09F92E1/user/installation.yaml'.
I20261001 00:29:37.519171 0x16dd9f000 deployer.cc:119] starting work thread for 3 tasks.
I20261001 00:29:37.519229 0x16dfcf000 deployer.cc:80] running deployment tasks:
I20261001 00:29:37.519252 0x16dfcf000 deployment_tasks.cc:167] updating workspace.
W20261001 00:29:37.519340 0x16dfcf000 config_data.cc:70] nonexistent config file '/Users/doubleshy0n/Library/Developer/CoreSimulator/Devices/405D994F-28CB-4F89-BB22-B64AD81C05A2/data/Containers/Data/Application/7D0B2F85-7CBC-4F34-9B83-A135091C275B/tmp/rime-builtin-runtime-24D63432-32F9-452C-BB23-A6A7B09F92E1/user/build/default.yaml'.
I20261001 00:29:37.519371 0x16dfcf000 deployment_tasks.cc:396] missing build info
I20261001 00:29:37.519528 0x16dfcf000 config_data.cc:73] loading config file '/Users/doubleshy0n/Library/Developer/CoreSimulator/Devices/405D994F-28CB-4F89-BB22-B64AD81C05A2/data/Containers/Data/Application/7D0B2F85-7CBC-4F34-9B83-A135091C275B/tmp/rime-builtin-runtime-24D63432-32F9-452C-BB23-A6A7B09F92E1/shared/default.yaml'.
I20261001 00:29:37.520432 0x16dfcf000 auto_patch_config_plugin.cc:29] auto-patch default:/__patch: default.custom:/patch?
I20261001 00:29:37.520499 0x16dfcf000 config_data.cc:73] loading config file '/Users/doubleshy0n/Library/Developer/CoreSimulator/Devices/405D994F-28CB-4F89-BB22-B64AD81C05A2/data/Containers/Data/Application/7D0B2F85-7CBC-4F34-9B83-A135091C275B/tmp/rime-builtin-runtime-24D63432-32F9-452C-BB23-A6A7B09F92E1/shared/punctuation.yaml'.
I20261001 00:29:37.521240 0x16dfcf000 auto_patch_config_plugin.cc:29] auto-patch punctuation:/__patch: punctuation.custom:/patch?
I20261001 00:29:37.521304 0x16dfcf000 config_compiler.cc:426] optional resource not loaded: punctuation.custom
I20261001 00:29:37.521383 0x16dfcf000 config_compiler.cc:537] resolved: Patch(punctuation.custom:patch <optional>)
I20261001 00:29:37.521421 0x16dfcf000 config_compiler.cc:537] resolved: Include(punctuation:/full_shape)
I20261001 00:29:37.521454 0x16dfcf000 config_compiler.cc:537] resolved: PendingChild(default:/punctuator/full_shape)
I20261001 00:29:37.521565 0x16dfcf000 config_compiler.cc:537] resolved: Include(punctuation:/half_shape)
I20261001 00:29:37.521599 0x16dfcf000 config_compiler.cc:537] resolved: PendingChild(default:/punctuator/half_shape)
I20261001 00:29:37.521635 0x16dfcf000 config_compiler.cc:537] resolved: PendingChild(default:/punctuator)
I20261001 00:29:37.521707 0x16dfcf000 config_data.cc:73] loading config file '/Users/doubleshy0n/Library/Developer/CoreSimulator/Devices/405D994F-28CB-4F89-BB22-B64AD81C05A2/data/Containers/Data/Application/7D0B2F85-7CBC-4F34-9B83-A135091C275B/tmp/rime-builtin-runtime-24D63432-32F9-452C-BB23-A6A7B09F92E1/shared/key_bindings.yaml'.
I20261001 00:29:37.522313 0x16dfcf000 auto_patch_config_plugin.cc:29] auto-patch key_bindings:/__patch: key_bindings.custom:/patch?
I20261001 00:29:37.522366 0x16dfcf000 config_compiler.cc:426] optional resource not loaded: key_bindings.custom
I20261001 00:29:37.522397 0x16dfcf000 config_compiler.cc:537] resolved: Patch(key_bindings.custom:patch <optional>)
I20261001 00:29:37.522434 0x16dfcf000 config_compiler.cc:214] patching __append
I20261001 00:29:37.522469 0x16dfcf000 config_compiler.cc:537] resolved: Patch(key_bindings:/emacs_editing)
I20261001 00:29:37.522500 0x16dfcf000 config_compiler.cc:214] patching __append
I20261001 00:29:37.522541 0x16dfcf000 config_compiler.cc:537] resolved: Patch(key_bindings:/paging_with_minus_equal)
I20261001 00:29:37.522577 0x16dfcf000 config_compiler.cc:214] patching __append
I20261001 00:29:37.522619 0x16dfcf000 config_compiler.cc:537] resolved: Patch(key_bindings:/paging_with_comma_period)
I20261001 00:29:37.522659 0x16dfcf000 config_compiler.cc:214] patching __append
I20261001 00:29:37.522688 0x16dfcf000 config_compiler.cc:537] resolved: Patch(key_bindings:/numbered_mode_switch)
I20261001 00:29:37.522731 0x16dfcf000 config_compiler.cc:537] resolved: PendingChild(default:/key_binder/bindings)
I20261001 00:29:37.522778 0x16dfcf000 config_compiler.cc:537] resolved: PendingChild(default:/key_binder)
I20261001 00:29:37.522808 0x16dfcf000 config_compiler.cc:537] resolved: Include(key_bindings:/rotate_candidate_with_tab)
I20261001 00:29:37.522835 0x16dfcf000 config_compiler.cc:537] resolved: PendingChild(default:/selector/__patch/bindings)
I20261001 00:29:37.522875 0x16dfcf000 config_compiler.cc:537] resolved: Include(key_bindings:/rotate_candidate_with_tab)
I20261001 00:29:37.522911 0x16dfcf000 config_compiler.cc:537] resolved: PendingChild(default:/selector/__patch/linear/bindings)
I20261001 00:29:37.522946 0x16dfcf000 config_compiler.cc:537] resolved: Include(key_bindings:/rotate_candidate_with_tab)
I20261001 00:29:37.522979 0x16dfcf000 config_compiler.cc:537] resolved: PendingChild(default:/selector/__patch/vertical/bindings)
I20261001 00:29:37.523019 0x16dfcf000 config_compiler.cc:537] resolved: Include(key_bindings:/rotate_candidate_with_tab)
I20261001 00:29:37.523043 0x16dfcf000 config_compiler.cc:537] resolved: PendingChild(default:/selector/__patch/vertical/linear/bindings)
I20261001 00:29:37.523067 0x16dfcf000 config_compiler.cc:537] resolved: PendingChild(default:/selector/__patch)
I20261001 00:29:37.523090 0x16dfcf000 config_compiler.cc:214] patching bindings
I20261001 00:29:37.523138 0x16dfcf000 config_compiler.cc:214] patching linear/bindings
I20261001 00:29:37.523168 0x16dfcf000 config_compiler.cc:214] patching vertical/bindings
I20261001 00:29:37.523200 0x16dfcf000 config_compiler.cc:214] patching vertical/linear/bindings
I20261001 00:29:37.523235 0x16dfcf000 config_compiler.cc:537] resolved: Patch(<literal>)
I20261001 00:29:37.523263 0x16dfcf000 config_compiler.cc:537] resolved: PendingChild(default:/selector)
I20261001 00:29:37.523351 0x16dfcf000 config_data.cc:73] loading config file '/Users/doubleshy0n/Library/Developer/CoreSimulator/Devices/405D994F-28CB-4F89-BB22-B64AD81C05A2/data/Containers/Data/Application/7D0B2F85-7CBC-4F34-9B83-A135091C275B/tmp/rime-builtin-runtime-24D63432-32F9-452C-BB23-A6A7B09F92E1/user/default.custom.yaml'.
I20261001 00:29:37.523493 0x16dfcf000 config_compiler.cc:214] patching schema_list
I20261001 00:29:37.523533 0x16dfcf000 config_compiler.cc:537] resolved: Patch(default.custom:patch <optional>)
I20261001 00:29:37.523631 0x16dfcf000 build_info_plugin.cc:27] resource 'key_bindings.custom' not loaded.
I20261001 00:29:37.523677 0x16dfcf000 build_info_plugin.cc:27] resource 'punctuation.custom' not loaded.
I20261001 00:29:37.523709 0x16dfcf000 config_data.cc:92] saving config file '/Users/doubleshy0n/Library/Developer/CoreSimulator/Devices/405D994F-28CB-4F89-BB22-B64AD81C05A2/data/Containers/Data/Application/7D0B2F85-7CBC-4F34-9B83-A135091C275B/tmp/rime-builtin-runtime-24D63432-32F9-452C-BB23-A6A7B09F92E1/user/build/default.yaml'.
I20261001 00:29:37.524883 0x16dfcf000 config_data.cc:73] loading config file '/Users/doubleshy0n/Library/Developer/CoreSimulator/Devices/405D994F-28CB-4F89-BB22-B64AD81C05A2/data/Containers/Data/Application/7D0B2F85-7CBC-4F34-9B83-A135091C275B/tmp/rime-builtin-runtime-24D63432-32F9-452C-BB23-A6A7B09F92E1/user/build/default.yaml'.
I20261001 00:29:37.525594 0x16dfcf000 deployment_tasks.cc:190] updating schemas.
I20261001 00:29:37.525640 0x16dfcf000 deployment_tasks.cc:199] schema: luna_pinyin
I20261001 00:29:37.525741 0x16dfcf000 config_data.cc:73] loading config file '/Users/doubleshy0n/Library/Developer/CoreSimulator/Devices/405D994F-28CB-4F89-BB22-B64AD81C05A2/data/Containers/Data/Application/7D0B2F85-7CBC-4F34-9B83-A135091C275B/tmp/rime-builtin-runtime-24D63432-32F9-452C-BB23-A6A7B09F92E1/shared/luna_pinyin.schema.yaml'.
W20261001 00:29:37.526301 0x16dfcf000 config_data.cc:70] nonexistent config file '/Users/doubleshy0n/Library/Developer/CoreSimulator/Devices/405D994F-28CB-4F89-BB22-B64AD81C05A2/data/Containers/Data/Application/7D0B2F85-7CBC-4F34-9B83-A135091C275B/tmp/rime-builtin-runtime-24D63432-32F9-452C-BB23-A6A7B09F92E1/user/build/luna_pinyin.schema.yaml'.
I20261001 00:29:37.526338 0x16dfcf000 deployment_tasks.cc:396] missing build info
I20261001 00:29:37.526572 0x16dfcf000 config_data.cc:73] loading config file '/Users/doubleshy0n/Library/Developer/CoreSimulator/Devices/405D994F-28CB-4F89-BB22-B64AD81C05A2/data/Containers/Data/Application/7D0B2F85-7CBC-4F34-9B83-A135091C275B/tmp/rime-builtin-runtime-24D63432-32F9-452C-BB23-A6A7B09F92E1/shared/luna_pinyin.schema.yaml'.
I20261001 00:29:37.527037 0x16dfcf000 config_data.cc:73] loading config file '/Users/doubleshy0n/Library/Developer/CoreSimulator/Devices/405D994F-28CB-4F89-BB22-B64AD81C05A2/data/Containers/Data/Application/7D0B2F85-7CBC-4F34-9B83-A135091C275B/tmp/rime-builtin-runtime-24D63432-32F9-452C-BB23-A6A7B09F92E1/shared/pinyin.yaml'.
I20261001 00:29:37.527460 0x16dfcf000 auto_patch_config_plugin.cc:29] auto-patch pinyin:/__patch: pinyin.custom:/patch?
I20261001 00:29:37.527527 0x16dfcf000 config_compiler.cc:426] optional resource not loaded: pinyin.custom
I20261001 00:29:37.527549 0x16dfcf000 config_compiler.cc:537] resolved: Patch(pinyin.custom:patch <optional>)
I20261001 00:29:37.527567 0x16dfcf000 config_compiler.cc:214] patching __append
I20261001 00:29:37.527583 0x16dfcf000 config_compiler.cc:537] resolved: Patch(pinyin:/abbreviation)
I20261001 00:29:37.527604 0x16dfcf000 config_compiler.cc:214] patching __append
I20261001 00:29:37.527620 0x16dfcf000 config_compiler.cc:537] resolved: Patch(pinyin:/spelling_correction)
I20261001 00:29:37.527636 0x16dfcf000 config_compiler.cc:214] patching __append
I20261001 00:29:37.527649 0x16dfcf000 config_compiler.cc:537] resolved: Patch(pinyin:/key_correction)
I20261001 00:29:37.527662 0x16dfcf000 config_compiler.cc:537] resolved: PendingChild(luna_pinyin.schema:/speller/algebra)
I20261001 00:29:37.527675 0x16dfcf000 config_compiler.cc:537] resolved: PendingChild(luna_pinyin.schema:/speller)
W20261001 00:29:37.527722 0x16dfcf000 config_data.cc:70] nonexistent config file '/Users/doubleshy0n/Library/Developer/CoreSimulator/Devices/405D994F-28CB-4F89-BB22-B64AD81C05A2/data/Containers/Data/Application/7D0B2F85-7CBC-4F34-9B83-A135091C275B/tmp/rime-builtin-runtime-24D63432-32F9-452C-BB23-A6A7B09F92E1/user/grammar.yaml'.
I20261001 00:29:37.527917 0x16dfcf000 auto_patch_config_plugin.cc:29] auto-patch grammar:/__patch: grammar.custom:/patch?
I20261001 00:29:37.527936 0x16dfcf000 config_compiler.cc:426] optional resource not loaded: grammar
I20261001 00:29:37.527951 0x16dfcf000 config_compiler.cc:537] resolved: Patch(grammar:/hant <optional>)
I20261001 00:29:37.527987 0x16dfcf000 config_data.cc:73] loading config file '/Users/doubleshy0n/Library/Developer/CoreSimulator/Devices/405D994F-28CB-4F89-BB22-B64AD81C05A2/data/Containers/Data/Application/7D0B2F85-7CBC-4F34-9B83-A135091C275B/tmp/rime-builtin-runtime-24D63432-32F9-452C-BB23-A6A7B09F92E1/user/luna_pinyin.custom.yaml'.
I20261001 00:29:37.528050 0x16dfcf000 config_compiler.cc:214] patching switches/@2/reset
I20261001 00:29:37.528076 0x16dfcf000 config_compiler.cc:214] patching translator/enable_user_dict
I20261001 00:29:37.528289 0x16dfcf000 config_compiler.cc:537] resolved: Patch(luna_pinyin.custom:/patch <optional>)
I20261001 00:29:37.528342 0x16dfcf000 config_data.cc:73] loading config file '/Users/doubleshy0n/Library/Developer/CoreSimulator/Devices/405D994F-28CB-4F89-BB22-B64AD81C05A2/data/Containers/Data/Application/7D0B2F85-7CBC-4F34-9B83-A135091C275B/tmp/rime-builtin-runtime-24D63432-32F9-452C-BB23-A6A7B09F92E1/shared/default.yaml'.
I20261001 00:29:37.528595 0x16dfcf000 auto_patch_config_plugin.cc:29] auto-patch default:/__patch: default.custom:/patch?
I20261001 00:29:37.528663 0x16dfcf000 config_data.cc:73] loading config file '/Users/doubleshy0n/Library/Developer/CoreSimulator/Devices/405D994F-28CB-4F89-BB22-B64AD81C05A2/data/Containers/Data/Application/7D0B2F85-7CBC-4F34-9B83-A135091C275B/tmp/rime-builtin-runtime-24D63432-32F9-452C-BB23-A6A7B09F92E1/shared/punctuation.yaml'.
I20261001 00:29:37.529131 0x16dfcf000 auto_patch_config_plugin.cc:29] auto-patch punctuation:/__patch: punctuation.custom:/patch?
I20261001 00:29:37.529185 0x16dfcf000 config_compiler.cc:426] optional resource not loaded: punctuation.custom
I20261001 00:29:37.529211 0x16dfcf000 config_compiler.cc:537] resolved: Patch(punctuation.custom:patch <optional>)
I20261001 00:29:37.529250 0x16dfcf000 config_compiler.cc:537] resolved: Include(punctuation:/full_shape)
I20261001 00:29:37.529276 0x16dfcf000 config_compiler.cc:537] resolved: PendingChild(default:/punctuator/full_shape)
I20261001 00:29:37.529305 0x16dfcf000 config_compiler.cc:537] resolved: Include(punctuation:/half_shape)
I20261001 00:29:37.529338 0x16dfcf000 config_compiler.cc:537] resolved: PendingChild(default:/punctuator/half_shape)
I20261001 00:29:37.529369 0x16dfcf000 config_compiler.cc:537] resolved: PendingChild(default:/punctuator)
I20261001 00:29:37.529438 0x16dfcf000 config_data.cc:73] loading config file '/Users/doubleshy0n/Library/Developer/CoreSimulator/Devices/405D994F-28CB-4F89-BB22-B64AD81C05A2/data/Containers/Data/Application/7D0B2F85-7CBC-4F34-9B83-A135091C275B/tmp/rime-builtin-runtime-24D63432-32F9-452C-BB23-A6A7B09F92E1/shared/key_bindings.yaml'.
I20261001 00:29:37.529942 0x16dfcf000 auto_patch_config_plugin.cc:29] auto-patch key_bindings:/__patch: key_bindings.custom:/patch?
I20261001 00:29:37.530004 0x16dfcf000 config_compiler.cc:426] optional resource not loaded: key_bindings.custom
I20261001 00:29:37.530025 0x16dfcf000 config_compiler.cc:537] resolved: Patch(key_bindings.custom:patch <optional>)
I20261001 00:29:37.530057 0x16dfcf000 config_compiler.cc:214] patching __append
I20261001 00:29:37.530099 0x16dfcf000 config_compiler.cc:537] resolved: Patch(key_bindings:/emacs_editing)
I20261001 00:29:37.530136 0x16dfcf000 config_compiler.cc:214] patching __append
I20261001 00:29:37.530175 0x16dfcf000 config_compiler.cc:537] resolved: Patch(key_bindings:/paging_with_minus_equal)
I20261001 00:29:37.530207 0x16dfcf000 config_compiler.cc:214] patching __append
I20261001 00:29:37.530243 0x16dfcf000 config_compiler.cc:537] resolved: Patch(key_bindings:/paging_with_comma_period)
I20261001 00:29:37.530280 0x16dfcf000 config_compiler.cc:214] patching __append
I20261001 00:29:37.530302 0x16dfcf000 config_compiler.cc:537] resolved: Patch(key_bindings:/numbered_mode_switch)
I20261001 00:29:37.530321 0x16dfcf000 config_compiler.cc:537] resolved: PendingChild(default:/key_binder/bindings)
I20261001 00:29:37.530340 0x16dfcf000 config_compiler.cc:537] resolved: PendingChild(default:/key_binder)
I20261001 00:29:37.530361 0x16dfcf000 config_compiler.cc:537] resolved: Include(key_bindings:/rotate_candidate_with_tab)
I20261001 00:29:37.530384 0x16dfcf000 config_compiler.cc:537] resolved: PendingChild(default:/selector/__patch/bindings)
I20261001 00:29:37.530404 0x16dfcf000 config_compiler.cc:537] resolved: Include(key_bindings:/rotate_candidate_with_tab)
I20261001 00:29:37.530431 0x16dfcf000 config_compiler.cc:537] resolved: PendingChild(default:/selector/__patch/linear/bindings)
I20261001 00:29:37.530465 0x16dfcf000 config_compiler.cc:537] resolved: Include(key_bindings:/rotate_candidate_with_tab)
I20261001 00:29:37.530491 0x16dfcf000 config_compiler.cc:537] resolved: PendingChild(default:/selector/__patch/vertical/bindings)
I20261001 00:29:37.530524 0x16dfcf000 config_compiler.cc:537] resolved: Include(key_bindings:/rotate_candidate_with_tab)
I20261001 00:29:37.530556 0x16dfcf000 config_compiler.cc:537] resolved: PendingChild(default:/selector/__patch/vertical/linear/bindings)
I20261001 00:29:37.530588 0x16dfcf000 config_compiler.cc:537] resolved: PendingChild(default:/selector/__patch)
I20261001 00:29:37.530622 0x16dfcf000 config_compiler.cc:214] patching bindings
I20261001 00:29:37.530655 0x16dfcf000 config_compiler.cc:214] patching linear/bindings
I20261001 00:29:37.530686 0x16dfcf000 config_compiler.cc:214] patching vertical/bindings
I20261001 00:29:37.530716 0x16dfcf000 config_compiler.cc:214] patching vertical/linear/bindings
I20261001 00:29:37.530753 0x16dfcf000 config_compiler.cc:537] resolved: Patch(<literal>)
I20261001 00:29:37.530780 0x16dfcf000 config_compiler.cc:537] resolved: PendingChild(default:/selector)
I20261001 00:29:37.530844 0x16dfcf000 config_data.cc:73] loading config file '/Users/doubleshy0n/Library/Developer/CoreSimulator/Devices/405D994F-28CB-4F89-BB22-B64AD81C05A2/data/Containers/Data/Application/7D0B2F85-7CBC-4F34-9B83-A135091C275B/tmp/rime-builtin-runtime-24D63432-32F9-452C-BB23-A6A7B09F92E1/user/default.custom.yaml'.
I20261001 00:29:37.530944 0x16dfcf000 config_compiler.cc:214] patching schema_list
I20261001 00:29:37.530983 0x16dfcf000 config_compiler.cc:537] resolved: Patch(default.custom:patch <optional>)
I20261001 00:29:37.531022 0x16dfcf000 legacy_preset_config_plugin.cc:26] interpreting key_binder/import_preset: default
I20261001 00:29:37.531058 0x16dfcf000 legacy_preset_config_plugin.cc:52] interpreting punctuator/import_preset: symbols
I20261001 00:29:37.531130 0x16dfcf000 config_data.cc:73] loading config file '/Users/doubleshy0n/Library/Developer/CoreSimulator/Devices/405D994F-28CB-4F89-BB22-B64AD81C05A2/data/Containers/Data/Application/7D0B2F85-7CBC-4F34-9B83-A135091C275B/tmp/rime-builtin-runtime-24D63432-32F9-452C-BB23-A6A7B09F92E1/shared/symbols.yaml'.
I20261001 00:29:37.536690 0x16dfcf000 auto_patch_config_plugin.cc:29] auto-patch symbols:/__patch: symbols.custom:/patch?
I20261001 00:29:37.536819 0x16dfcf000 config_compiler.cc:426] optional resource not loaded: symbols.custom
I20261001 00:29:37.536847 0x16dfcf000 config_compiler.cc:537] resolved: Patch(symbols.custom:patch <optional>)
I20261001 00:29:37.536871 0x16dfcf000 legacy_preset_config_plugin.cc:65] interpreting recognizer/import_preset: default
I20261001 00:29:37.536925 0x16dfcf000 build_info_plugin.cc:27] resource 'grammar' not loaded.
I20261001 00:29:37.536954 0x16dfcf000 build_info_plugin.cc:27] resource 'key_bindings.custom' not loaded.
I20261001 00:29:37.537002 0x16dfcf000 build_info_plugin.cc:27] resource 'pinyin.custom' not loaded.
I20261001 00:29:37.537029 0x16dfcf000 build_info_plugin.cc:27] resource 'punctuation.custom' not loaded.
I20261001 00:29:37.537055 0x16dfcf000 build_info_plugin.cc:27] resource 'symbols.custom' not loaded.
I20261001 00:29:37.537070 0x16dfcf000 config_data.cc:92] saving config file '/Users/doubleshy0n/Library/Developer/CoreSimulator/Devices/405D994F-28CB-4F89-BB22-B64AD81C05A2/data/Containers/Data/Application/7D0B2F85-7CBC-4F34-9B83-A135091C275B/tmp/rime-builtin-runtime-24D63432-32F9-452C-BB23-A6A7B09F92E1/user/build/luna_pinyin.schema.yaml'.
I20261001 00:29:37.547462 0x16dfcf000 config_data.cc:73] loading config file '/Users/doubleshy0n/Library/Developer/CoreSimulator/Devices/405D994F-28CB-4F89-BB22-B64AD81C05A2/data/Containers/Data/Application/7D0B2F85-7CBC-4F34-9B83-A135091C275B/tmp/rime-builtin-runtime-24D63432-32F9-452C-BB23-A6A7B09F92E1/user/build/luna_pinyin.schema.yaml'.
I20261001 00:29:37.551937 0x16dfcf000 deployment_tasks.cc:362] preparing dictionary 'luna_pinyin'.
I20261001 00:29:37.552042 0x16dfcf000 dict_compiler.cc:81] compiling dictionary for /Users/doubleshy0n/Library/Developer/CoreSimulator/Devices/405D994F-28CB-4F89-BB22-B64AD81C05A2/data/Containers/Data/Application/7D0B2F85-7CBC-4F34-9B83-A135091C275B/tmp/rime-builtin-runtime-24D63432-32F9-452C-BB23-A6A7B09F92E1/user/build/luna_pinyin.schema.yaml
I20261001 00:29:37.572317 0x16dfcf000 table.cc:270] loading table file: /Users/doubleshy0n/Library/Developer/CoreSimulator/Devices/405D994F-28CB-4F89-BB22-B64AD81C05A2/data/Containers/Data/Application/7D0B2F85-7CBC-4F34-9B83-A135091C275B/tmp/rime-builtin-runtime-24D63432-32F9-452C-BB23-A6A7B09F92E1/shared/build/luna_pinyin.table.bin
I20261001 00:29:37.572529 0x16dfcf000 prism.cc:83] loading prism file: /Users/doubleshy0n/Library/Developer/CoreSimulator/Devices/405D994F-28CB-4F89-BB22-B64AD81C05A2/data/Containers/Data/Application/7D0B2F85-7CBC-4F34-9B83-A135091C275B/tmp/rime-builtin-runtime-24D63432-32F9-452C-BB23-A6A7B09F92E1/shared/build/luna_pinyin.prism.bin
I20261001 00:29:37.572613 0x16dfcf000 prism.cc:121] found double array image of size 1792.
I20261001 00:29:37.572636 0x16dfcf000 dict_compiler.cc:126] /Users/doubleshy0n/Library/Developer/CoreSimulator/Devices/405D994F-28CB-4F89-BB22-B64AD81C05A2/data/Containers/Data/Application/7D0B2F85-7CBC-4F34-9B83-A135091C275B/tmp/rime-builtin-runtime-24D63432-32F9-452C-BB23-A6A7B09F92E1/shared/luna_pinyin.dict.yaml[1 file(s)] (179667845)
I20261001 00:29:37.576134 0x16dfcf000 dict_compiler.cc:128] /Users/doubleshy0n/Library/Developer/CoreSimulator/Devices/405D994F-28CB-4F89-BB22-B64AD81C05A2/data/Containers/Data/Application/7D0B2F85-7CBC-4F34-9B83-A135091C275B/tmp/rime-builtin-runtime-24D63432-32F9-452C-BB23-A6A7B09F92E1/user/build/luna_pinyin.schema.yaml (1114945882)
I20261001 00:29:37.576259 0x16dfcf000 reverse_lookup_dictionary.cc:33] loading reversedb: /Users/doubleshy0n/Library/Developer/CoreSimulator/Devices/405D994F-28CB-4F89-BB22-B64AD81C05A2/data/Containers/Data/Application/7D0B2F85-7CBC-4F34-9B83-A135091C275B/tmp/rime-builtin-runtime-24D63432-32F9-452C-BB23-A6A7B09F92E1/shared/build/luna_pinyin.reverse.bin
I20261001 00:29:37.576405 0x16dfcf000 dict_compiler.cc:299] building prism...
I20261001 00:29:37.576440 0x16dfcf000 table.cc:270] loading table file: /Users/doubleshy0n/Library/Developer/CoreSimulator/Devices/405D994F-28CB-4F89-BB22-B64AD81C05A2/data/Containers/Data/Application/7D0B2F85-7CBC-4F34-9B83-A135091C275B/tmp/rime-builtin-runtime-24D63432-32F9-452C-BB23-A6A7B09F92E1/shared/build/luna_pinyin.table.bin
I20261001 00:29:37.579212 0x16dfcf000 config_data.cc:73] loading config file '/Users/doubleshy0n/Library/Developer/CoreSimulator/Devices/405D994F-28CB-4F89-BB22-B64AD81C05A2/data/Containers/Data/Application/7D0B2F85-7CBC-4F34-9B83-A135091C275B/tmp/rime-builtin-runtime-24D63432-32F9-452C-BB23-A6A7B09F92E1/user/build/luna_pinyin.schema.yaml'.
I20261001 00:29:37.586917 0x16dfcf000 mapped_file.cc:59] creating file '/Users/doubleshy0n/Library/Developer/CoreSimulator/Devices/405D994F-28CB-4F89-BB22-B64AD81C05A2/data/Containers/Data/Application/7D0B2F85-7CBC-4F34-9B83-A135091C275B/tmp/rime-builtin-runtime-24D63432-32F9-452C-BB23-A6A7B09F92E1/user/build/luna_pinyin.prism.bin'.
I20261001 00:29:37.587206 0x16dfcf000 mapped_file.cc:70] opening file for read/write access.
I20261001 00:29:37.587642 0x16dfcf000 prism.cc:132] saving prism file: /Users/doubleshy0n/Library/Developer/CoreSimulator/Devices/405D994F-28CB-4F89-BB22-B64AD81C05A2/data/Containers/Data/Application/7D0B2F85-7CBC-4F34-9B83-A135091C275B/tmp/rime-builtin-runtime-24D63432-32F9-452C-BB23-A6A7B09F92E1/user/build/luna_pinyin.prism.bin
I20261001 00:29:37.587683 0x16dfcf000 mapped_file.cc:118] shrinking file to fit data size. capacity: 53880
I20261001 00:29:37.587712 0x16dfcf000 mapped_file.cc:129] resize file to: 31728
I20261001 00:29:37.587985 0x16dfcf000 deployment_tasks.cc:379] dictionary 'luna_pinyin' is ready.
I20261001 00:29:37.588236 0x16dfcf000 config_data.cc:73] loading config file '/Users/doubleshy0n/Library/Developer/CoreSimulator/Devices/405D994F-28CB-4F89-BB22-B64AD81C05A2/data/Containers/Data/Application/7D0B2F85-7CBC-4F34-9B83-A135091C275B/tmp/rime-builtin-runtime-24D63432-32F9-452C-BB23-A6A7B09F92E1/user/build/luna_pinyin.schema.yaml'.
I20261001 00:29:37.592411 0x16dfcf000 deployment_tasks.cc:199] schema: stroke
I20261001 00:29:37.592540 0x16dfcf000 config_data.cc:73] loading config file '/Users/doubleshy0n/Library/Developer/CoreSimulator/Devices/405D994F-28CB-4F89-BB22-B64AD81C05A2/data/Containers/Data/Application/7D0B2F85-7CBC-4F34-9B83-A135091C275B/tmp/rime-builtin-runtime-24D63432-32F9-452C-BB23-A6A7B09F92E1/shared/stroke.schema.yaml'.
W20261001 00:29:37.592977 0x16dfcf000 config_data.cc:70] nonexistent config file '/Users/doubleshy0n/Library/Developer/CoreSimulator/Devices/405D994F-28CB-4F89-BB22-B64AD81C05A2/data/Containers/Data/Application/7D0B2F85-7CBC-4F34-9B83-A135091C275B/tmp/rime-builtin-runtime-24D63432-32F9-452C-BB23-A6A7B09F92E1/user/build/stroke.schema.yaml'.
I20261001 00:29:37.593003 0x16dfcf000 deployment_tasks.cc:396] missing build info
I20261001 00:29:37.593088 0x16dfcf000 config_data.cc:73] loading config file '/Users/doubleshy0n/Library/Developer/CoreSimulator/Devices/405D994F-28CB-4F89-BB22-B64AD81C05A2/data/Containers/Data/Application/7D0B2F85-7CBC-4F34-9B83-A135091C275B/tmp/rime-builtin-runtime-24D63432-32F9-452C-BB23-A6A7B09F92E1/shared/stroke.schema.yaml'.
I20261001 00:29:37.593538 0x16dfcf000 auto_patch_config_plugin.cc:29] auto-patch stroke.schema:/__patch: stroke.custom:/patch?
I20261001 00:29:37.593625 0x16dfcf000 config_compiler.cc:426] optional resource not loaded: stroke.custom
I20261001 00:29:37.593658 0x16dfcf000 config_compiler.cc:537] resolved: Patch(stroke.custom:patch <optional>)
I20261001 00:29:37.593723 0x16dfcf000 config_data.cc:73] loading config file '/Users/doubleshy0n/Library/Developer/CoreSimulator/Devices/405D994F-28CB-4F89-BB22-B64AD81C05A2/data/Containers/Data/Application/7D0B2F85-7CBC-4F34-9B83-A135091C275B/tmp/rime-builtin-runtime-24D63432-32F9-452C-BB23-A6A7B09F92E1/shared/default.yaml'.
I20261001 00:29:37.593978 0x16dfcf000 auto_patch_config_plugin.cc:29] auto-patch default:/__patch: default.custom:/patch?
I20261001 00:29:37.594039 0x16dfcf000 config_data.cc:73] loading config file '/Users/doubleshy0n/Library/Developer/CoreSimulator/Devices/405D994F-28CB-4F89-BB22-B64AD81C05A2/data/Containers/Data/Application/7D0B2F85-7CBC-4F34-9B83-A135091C275B/tmp/rime-builtin-runtime-24D63432-32F9-452C-BB23-A6A7B09F92E1/shared/punctuation.yaml'.
I20261001 00:29:37.595561 0x16dfcf000 auto_patch_config_plugin.cc:29] auto-patch punctuation:/__patch: punctuation.custom:/patch?
I20261001 00:29:37.595619 0x16dfcf000 config_compiler.cc:426] optional resource not loaded: punctuation.custom
I20261001 00:29:37.595638 0x16dfcf000 config_compiler.cc:537] resolved: Patch(punctuation.custom:patch <optional>)
I20261001 00:29:37.595654 0x16dfcf000 config_compiler.cc:537] resolved: Include(punctuation:/full_shape)
I20261001 00:29:37.595670 0x16dfcf000 config_compiler.cc:537] resolved: PendingChild(default:/punctuator/full_shape)
I20261001 00:29:37.595694 0x16dfcf000 config_compiler.cc:537] resolved: Include(punctuation:/half_shape)
I20261001 00:29:37.595710 0x16dfcf000 config_compiler.cc:537] resolved: PendingChild(default:/punctuator/half_shape)
I20261001 00:29:37.595726 0x16dfcf000 config_compiler.cc:537] resolved: PendingChild(default:/punctuator)
I20261001 00:29:37.595775 0x16dfcf000 config_data.cc:73] loading config file '/Users/doubleshy0n/Library/Developer/CoreSimulator/Devices/405D994F-28CB-4F89-BB22-B64AD81C05A2/data/Containers/Data/Application/7D0B2F85-7CBC-4F34-9B83-A135091C275B/tmp/rime-builtin-runtime-24D63432-32F9-452C-BB23-A6A7B09F92E1/shared/key_bindings.yaml'.
I20261001 00:29:37.597597 0x16dfcf000 auto_patch_config_plugin.cc:29] auto-patch key_bindings:/__patch: key_bindings.custom:/patch?
I20261001 00:29:37.597667 0x16dfcf000 config_compiler.cc:426] optional resource not loaded: key_bindings.custom
I20261001 00:29:37.597693 0x16dfcf000 config_compiler.cc:537] resolved: Patch(key_bindings.custom:patch <optional>)
I20261001 00:29:37.597712 0x16dfcf000 config_compiler.cc:214] patching __append
I20261001 00:29:37.597759 0x16dfcf000 config_compiler.cc:537] resolved: Patch(key_bindings:/emacs_editing)
I20261001 00:29:37.597793 0x16dfcf000 config_compiler.cc:214] patching __append
I20261001 00:29:37.597828 0x16dfcf000 config_compiler.cc:537] resolved: Patch(key_bindings:/paging_with_minus_equal)
I20261001 00:29:37.597876 0x16dfcf000 config_compiler.cc:214] patching __append
I20261001 00:29:37.597912 0x16dfcf000 config_compiler.cc:537] resolved: Patch(key_bindings:/paging_with_comma_period)
I20261001 00:29:37.597952 0x16dfcf000 config_compiler.cc:214] patching __append
I20261001 00:29:37.597990 0x16dfcf000 config_compiler.cc:537] resolved: Patch(key_bindings:/numbered_mode_switch)
I20261001 00:29:37.598024 0x16dfcf000 config_compiler.cc:537] resolved: PendingChild(default:/key_binder/bindings)
I20261001 00:29:37.598059 0x16dfcf000 config_compiler.cc:537] resolved: PendingChild(default:/key_binder)
I20261001 00:29:37.598092 0x16dfcf000 config_compiler.cc:537] resolved: Include(key_bindings:/rotate_candidate_with_tab)
I20261001 00:29:37.598127 0x16dfcf000 config_compiler.cc:537] resolved: PendingChild(default:/selector/__patch/bindings)
I20261001 00:29:37.598169 0x16dfcf000 config_compiler.cc:537] resolved: Include(key_bindings:/rotate_candidate_with_tab)
I20261001 00:29:37.598204 0x16dfcf000 config_compiler.cc:537] resolved: PendingChild(default:/selector/__patch/linear/bindings)
I20261001 00:29:37.598243 0x16dfcf000 config_compiler.cc:537] resolved: Include(key_bindings:/rotate_candidate_with_tab)
I20261001 00:29:37.598275 0x16dfcf000 config_compiler.cc:537] resolved: PendingChild(default:/selector/__patch/vertical/bindings)
I20261001 00:29:37.598317 0x16dfcf000 config_compiler.cc:537] resolved: Include(key_bindings:/rotate_candidate_with_tab)
I20261001 00:29:37.598358 0x16dfcf000 config_compiler.cc:537] resolved: PendingChild(default:/selector/__patch/vertical/linear/bindings)
I20261001 00:29:37.598381 0x16dfcf000 config_compiler.cc:537] resolved: PendingChild(default:/selector/__patch)
I20261001 00:29:37.598413 0x16dfcf000 config_compiler.cc:214] patching bindings
I20261001 00:29:37.598449 0x16dfcf000 config_compiler.cc:214] patching linear/bindings
I20261001 00:29:37.598495 0x16dfcf000 config_compiler.cc:214] patching vertical/bindings
I20261001 00:29:37.598521 0x16dfcf000 config_compiler.cc:214] patching vertical/linear/bindings
I20261001 00:29:37.598550 0x16dfcf000 config_compiler.cc:537] resolved: Patch(<literal>)
I20261001 00:29:37.598571 0x16dfcf000 config_compiler.cc:537] resolved: PendingChild(default:/selector)
I20261001 00:29:37.598646 0x16dfcf000 config_data.cc:73] loading config file '/Users/doubleshy0n/Library/Developer/CoreSimulator/Devices/405D994F-28CB-4F89-BB22-B64AD81C05A2/data/Containers/Data/Application/7D0B2F85-7CBC-4F34-9B83-A135091C275B/tmp/rime-builtin-runtime-24D63432-32F9-452C-BB23-A6A7B09F92E1/user/default.custom.yaml'.
I20261001 00:29:37.598739 0x16dfcf000 config_compiler.cc:214] patching schema_list
I20261001 00:29:37.598786 0x16dfcf000 config_compiler.cc:537] resolved: Patch(default.custom:patch <optional>)
I20261001 00:29:37.598819 0x16dfcf000 legacy_preset_config_plugin.cc:26] interpreting key_binder/import_preset: default
I20261001 00:29:37.598889 0x16dfcf000 legacy_preset_config_plugin.cc:52] interpreting punctuator/import_preset: default
I20261001 00:29:37.598959 0x16dfcf000 legacy_preset_config_plugin.cc:65] interpreting recognizer/import_preset: default
I20261001 00:29:37.599039 0x16dfcf000 build_info_plugin.cc:27] resource 'key_bindings.custom' not loaded.
I20261001 00:29:37.599078 0x16dfcf000 build_info_plugin.cc:27] resource 'punctuation.custom' not loaded.
I20261001 00:29:37.599101 0x16dfcf000 build_info_plugin.cc:27] resource 'stroke.custom' not loaded.
I20261001 00:29:37.599138 0x16dfcf000 config_data.cc:92] saving config file '/Users/doubleshy0n/Library/Developer/CoreSimulator/Devices/405D994F-28CB-4F89-BB22-B64AD81C05A2/data/Containers/Data/Application/7D0B2F85-7CBC-4F34-9B83-A135091C275B/tmp/rime-builtin-runtime-24D63432-32F9-452C-BB23-A6A7B09F92E1/user/build/stroke.schema.yaml'.
I20261001 00:29:37.600169 0x16dfcf000 config_data.cc:73] loading config file '/Users/doubleshy0n/Library/Developer/CoreSimulator/Devices/405D994F-28CB-4F89-BB22-B64AD81C05A2/data/Containers/Data/Application/7D0B2F85-7CBC-4F34-9B83-A135091C275B/tmp/rime-builtin-runtime-24D63432-32F9-452C-BB23-A6A7B09F92E1/user/build/stroke.schema.yaml'.
I20261001 00:29:37.601101 0x16dfcf000 deployment_tasks.cc:362] preparing dictionary 'stroke'.
I20261001 00:29:37.601184 0x16dfcf000 dict_compiler.cc:81] compiling dictionary for /Users/doubleshy0n/Library/Developer/CoreSimulator/Devices/405D994F-28CB-4F89-BB22-B64AD81C05A2/data/Containers/Data/Application/7D0B2F85-7CBC-4F34-9B83-A135091C275B/tmp/rime-builtin-runtime-24D63432-32F9-452C-BB23-A6A7B09F92E1/user/build/stroke.schema.yaml
I20261001 00:29:37.629519 0x16dfcf000 table.cc:270] loading table file: /Users/doubleshy0n/Library/Developer/CoreSimulator/Devices/405D994F-28CB-4F89-BB22-B64AD81C05A2/data/Containers/Data/Application/7D0B2F85-7CBC-4F34-9B83-A135091C275B/tmp/rime-builtin-runtime-24D63432-32F9-452C-BB23-A6A7B09F92E1/shared/build/stroke.table.bin
I20261001 00:29:37.629780 0x16dfcf000 prism.cc:83] loading prism file: /Users/doubleshy0n/Library/Developer/CoreSimulator/Devices/405D994F-28CB-4F89-BB22-B64AD81C05A2/data/Containers/Data/Application/7D0B2F85-7CBC-4F34-9B83-A135091C275B/tmp/rime-builtin-runtime-24D63432-32F9-452C-BB23-A6A7B09F92E1/shared/build/stroke.prism.bin
I20261001 00:29:37.629903 0x16dfcf000 prism.cc:121] found double array image of size 875264.
I20261001 00:29:37.629972 0x16dfcf000 dict_compiler.cc:126] /Users/doubleshy0n/Library/Developer/CoreSimulator/Devices/405D994F-28CB-4F89-BB22-B64AD81C05A2/data/Containers/Data/Application/7D0B2F85-7CBC-4F34-9B83-A135091C275B/tmp/rime-builtin-runtime-24D63432-32F9-452C-BB23-A6A7B09F92E1/shared/stroke.dict.yaml[1 file(s)] (1673701102)
I20261001 00:29:37.630007 0x16dfcf000 dict_compiler.cc:128] /Users/doubleshy0n/Library/Developer/CoreSimulator/Devices/405D994F-28CB-4F89-BB22-B64AD81C05A2/data/Containers/Data/Application/7D0B2F85-7CBC-4F34-9B83-A135091C275B/tmp/rime-builtin-runtime-24D63432-32F9-452C-BB23-A6A7B09F92E1/user/build/stroke.schema.yaml (3915257562)
I20261001 00:29:37.630097 0x16dfcf000 reverse_lookup_dictionary.cc:33] loading reversedb: /Users/doubleshy0n/Library/Developer/CoreSimulator/Devices/405D994F-28CB-4F89-BB22-B64AD81C05A2/data/Containers/Data/Application/7D0B2F85-7CBC-4F34-9B83-A135091C275B/tmp/rime-builtin-runtime-24D63432-32F9-452C-BB23-A6A7B09F92E1/shared/build/stroke.reverse.bin
I20261001 00:29:37.630219 0x16dfcf000 dict_compiler.cc:299] building prism...
I20261001 00:29:37.630246 0x16dfcf000 table.cc:270] loading table file: /Users/doubleshy0n/Library/Developer/CoreSimulator/Devices/405D994F-28CB-4F89-BB22-B64AD81C05A2/data/Containers/Data/Application/7D0B2F85-7CBC-4F34-9B83-A135091C275B/tmp/rime-builtin-runtime-24D63432-32F9-452C-BB23-A6A7B09F92E1/shared/build/stroke.table.bin
I20261001 00:29:37.735256 0x16dfcf000 config_data.cc:73] loading config file '/Users/doubleshy0n/Library/Developer/CoreSimulator/Devices/405D994F-28CB-4F89-BB22-B64AD81C05A2/data/Containers/Data/Application/7D0B2F85-7CBC-4F34-9B83-A135091C275B/tmp/rime-builtin-runtime-24D63432-32F9-452C-BB23-A6A7B09F92E1/user/build/stroke.schema.yaml'.
I20261001 00:29:37.917962 0x16dfcf000 mapped_file.cc:59] creating file '/Users/doubleshy0n/Library/Developer/CoreSimulator/Devices/405D994F-28CB-4F89-BB22-B64AD81C05A2/data/Containers/Data/Application/7D0B2F85-7CBC-4F34-9B83-A135091C275B/tmp/rime-builtin-runtime-24D63432-32F9-452C-BB23-A6A7B09F92E1/user/build/stroke.prism.bin'.
I20261001 00:29:37.918841 0x16dfcf000 mapped_file.cc:70] opening file for read/write access.
I20261001 00:29:37.933657 0x16dfcf000 prism.cc:132] saving prism file: /Users/doubleshy0n/Library/Developer/CoreSimulator/Devices/405D994F-28CB-4F89-BB22-B64AD81C05A2/data/Containers/Data/Application/7D0B2F85-7CBC-4F34-9B83-A135091C275B/tmp/rime-builtin-runtime-24D63432-32F9-452C-BB23-A6A7B09F92E1/user/build/stroke.prism.bin
I20261001 00:29:37.933734 0x16dfcf000 mapped_file.cc:118] shrinking file to fit data size. capacity: 5386068
I20261001 00:29:37.933756 0x16dfcf000 mapped_file.cc:129] resize file to: 3501372
I20261001 00:29:37.937538 0x16dfcf000 deployment_tasks.cc:379] dictionary 'stroke' is ready.
I20261001 00:29:37.937894 0x16dfcf000 deployment_tasks.cc:247] finished updating schemas: 2 success, 0 failure.
W20261001 00:29:37.937961 0x16dfcf000 config_data.cc:70] nonexistent config file '/Users/doubleshy0n/Library/Developer/CoreSimulator/Devices/405D994F-28CB-4F89-BB22-B64AD81C05A2/data/Containers/Data/Application/7D0B2F85-7CBC-4F34-9B83-A135091C275B/tmp/rime-builtin-runtime-24D63432-32F9-452C-BB23-A6A7B09F92E1/user/user.yaml'.
I20261001 00:29:37.937990 0x16dfcf000 config_data.cc:202] write: var/last_build_time
I20261001 00:29:37.938019 0x16dfcf000 config_data.cc:92] saving config file '/Users/doubleshy0n/Library/Developer/CoreSimulator/Devices/405D994F-28CB-4F89-BB22-B64AD81C05A2/data/Containers/Data/Application/7D0B2F85-7CBC-4F34-9B83-A135091C275B/tmp/rime-builtin-runtime-24D63432-32F9-452C-BB23-A6A7B09F92E1/user/user.yaml'.
I20261001 00:29:37.938299 0x16dfcf000 deployment_tasks.cc:589] clean up trash.
I20261001 00:29:37.938458 0x16dfcf000 deployer.cc:97] 3 tasks ran: 3 success, 0 failure.
2026-10-01 00:29:37.962890+0800 Universe Keyboard[12320:34535583] [RIME] claiming process runtime on non-main thread
2026-10-01 00:29:37.963013+0800 Universe Keyboard[12320:34535583] [RIME] keyboard setup: modules=core+dict+gears+lua+octagram luaCompiledIn=YES luaModuleRegisteredBeforeSetup=YES octagramCompiledIn=YES octagramRegisteredBeforeSetup=YES
W20261001 00:29:37.963081 0x16dd9f000 setup.cc:91] Glog is already initialized.
I20261001 00:29:37.963906 0x16dd9f000 registry.cc:14] registering component: lua_translator
I20261001 00:29:37.963937 0x16dd9f000 registry.cc:14] registering component: lua_filter
I20261001 00:29:37.963963 0x16dd9f000 registry.cc:14] registering component: lua_segmentor
I20261001 00:29:37.963986 0x16dd9f000 registry.cc:14] registering component: lua_processor
I20261001 00:29:37.964008 0x16dd9f000 grammar_module.cc:15] registering components from module 'grammar'.
I20261001 00:29:37.964027 0x16dd9f000 registry.cc:14] registering component: grammar
2026-10-01 00:29:37.964077+0800 Universe Keyboard[12320:34535583] [RIME] keyboard setup complete: luaModuleRegisteredAfterSetup=YES luaComponents=lua_processor=true+lua_translator=true+lua_filter=true+lua_segmentor=true octagramRegistered=YES grammarComponent=true
2026-10-01 00:29:37.964116+0800 Universe Keyboard[12320:34535583] [RIME] claiming process runtime on non-main thread
I20261001 00:29:37.964157 0x16dd9f000 core_module.cc:20] registering core components.
I20261001 00:29:37.964184 0x16dd9f000 registry.cc:14] registering component: config_builder
I20261001 00:29:37.964205 0x16dd9f000 registry.cc:14] registering component: config
I20261001 00:29:37.964224 0x16dd9f000 registry.cc:14] registering component: schema
I20261001 00:29:37.964249 0x16dd9f000 registry.cc:14] registering component: user_config
I20261001 00:29:37.964269 0x16dd9f000 dict_module.cc:25] registering components from module 'dict'.
I20261001 00:29:37.964290 0x16dd9f000 registry.cc:14] registering component: tabledb
I20261001 00:29:37.964312 0x16dd9f000 registry.cc:14] registering component: stabledb
I20261001 00:29:37.964334 0x16dd9f000 registry.cc:14] registering component: plain_userdb
I20261001 00:29:37.964352 0x16dd9f000 registry.cc:14] registering component: userdb
I20261001 00:29:37.964375 0x16dd9f000 registry.cc:14] registering component: corrector
I20261001 00:29:37.964395 0x16dd9f000 registry.cc:14] registering component: dictionary
I20261001 00:29:37.964412 0x16dd9f000 registry.cc:14] registering component: reverse_lookup_dictionary
I20261001 00:29:37.964433 0x16dd9f000 registry.cc:14] registering component: user_dictionary
I20261001 00:29:37.964452 0x16dd9f000 registry.cc:14] registering component: userdb_recovery_task
I20261001 00:29:37.964471 0x16dd9f000 gears_module.cc:42] registering components from module 'gears'.
I20261001 00:29:37.964492 0x16dd9f000 registry.cc:14] registering component: ascii_composer
I20261001 00:29:37.964511 0x16dd9f000 registry.cc:14] registering component: chord_composer
I20261001 00:29:37.964529 0x16dd9f000 registry.cc:14] registering component: express_editor
I20261001 00:29:37.964546 0x16dd9f000 registry.cc:14] registering component: fluid_editor
I20261001 00:29:37.964562 0x16dd9f000 registry.cc:14] registering component: fluency_editor
I20261001 00:29:37.964582 0x16dd9f000 registry.cc:14] registering component: key_binder
I20261001 00:29:37.964598 0x16dd9f000 registry.cc:14] registering component: navigator
I20261001 00:29:37.964614 0x16dd9f000 registry.cc:14] registering component: punctuator
I20261001 00:29:37.964630 0x16dd9f000 registry.cc:14] registering component: recognizer
I20261001 00:29:37.964650 0x16dd9f000 registry.cc:14] registering component: selector
I20261001 00:29:37.964669 0x16dd9f000 registry.cc:14] registering component: speller
I20261001 00:29:37.964686 0x16dd9f000 registry.cc:14] registering component: shape_processor
I20261001 00:29:37.964748 0x16dd9f000 registry.cc:14] registering component: abc_segmentor
I20261001 00:29:37.964766 0x16dd9f000 registry.cc:14] registering component: affix_segmentor
I20261001 00:29:37.964785 0x16dd9f000 registry.cc:14] registering component: ascii_segmentor
I20261001 00:29:37.964805 0x16dd9f000 registry.cc:14] registering component: matcher
I20261001 00:29:37.964823 0x16dd9f000 registry.cc:14] registering component: punct_segmentor
I20261001 00:29:37.964839 0x16dd9f000 registry.cc:14] registering component: fallback_segmentor
I20261001 00:29:37.964855 0x16dd9f000 registry.cc:14] registering component: echo_translator
I20261001 00:29:37.964874 0x16dd9f000 registry.cc:14] registering component: punct_translator
I20261001 00:29:37.964896 0x16dd9f000 registry.cc:14] registering component: table_translator
I20261001 00:29:37.964914 0x16dd9f000 registry.cc:14] registering component: script_translator
I20261001 00:29:37.964932 0x16dd9f000 registry.cc:14] registering component: r10n_translator
I20261001 00:29:37.964984 0x16dd9f000 registry.cc:14] registering component: reverse_lookup_translator
I20261001 00:29:37.965002 0x16dd9f000 registry.cc:14] registering component: schema_list_translator
I20261001 00:29:37.965020 0x16dd9f000 registry.cc:14] registering component: switch_translator
I20261001 00:29:37.965040 0x16dd9f000 registry.cc:14] registering component: history_translator
I20261001 00:29:37.965058 0x16dd9f000 registry.cc:14] registering component: simplifier
I20261001 00:29:37.965075 0x16dd9f000 registry.cc:14] registering component: uniquifier
I20261001 00:29:37.965095 0x16dd9f000 registry.cc:14] registering component: charset_filter
I20261001 00:29:37.965112 0x16dd9f000 registry.cc:14] registering component: cjk_minifier
I20261001 00:29:37.965132 0x16dd9f000 registry.cc:14] registering component: reverse_lookup_filter
I20261001 00:29:37.965153 0x16dd9f000 registry.cc:14] registering component: single_char_filter
I20261001 00:29:37.965172 0x16dd9f000 registry.cc:14] registering component: shape_formatter
2026-10-01 00:29:37.965231+0800 Universe Keyboard[12320:34535583] [RIME] keyboard initialize complete: luaModuleRegisteredAfterInitialize=YES luaComponents=lua_processor=true+lua_translator=true+lua_filter=true+lua_segmentor=true
I20261001 00:29:37.965298 0x16dd9f000 config_data.cc:73] loading config file '/Users/doubleshy0n/Library/Developer/CoreSimulator/Devices/405D994F-28CB-4F89-BB22-B64AD81C05A2/data/Containers/Data/Application/7D0B2F85-7CBC-4F34-9B83-A135091C275B/tmp/rime-builtin-runtime-24D63432-32F9-452C-BB23-A6A7B09F92E1/user/build/default.yaml'.
I20261001 00:29:37.966009 0x16dd9f000 engine.cc:72] starting engine.
I20261001 00:29:37.966057 0x16dd9f000 config_data.cc:73] loading config file '/Users/doubleshy0n/Library/Developer/CoreSimulator/Devices/405D994F-28CB-4F89-BB22-B64AD81C05A2/data/Containers/Data/Application/7D0B2F85-7CBC-4F34-9B83-A135091C275B/tmp/rime-builtin-runtime-24D63432-32F9-452C-BB23-A6A7B09F92E1/user/user.yaml'.
I20261001 00:29:37.966295 0x16dd9f000 config_data.cc:73] loading config file '/Users/doubleshy0n/Library/Developer/CoreSimulator/Devices/405D994F-28CB-4F89-BB22-B64AD81C05A2/data/Containers/Data/Application/7D0B2F85-7CBC-4F34-9B83-A135091C275B/tmp/rime-builtin-runtime-24D63432-32F9-452C-BB23-A6A7B09F92E1/user/build/luna_pinyin.schema.yaml'.
I20261001 00:29:37.970505 0x16dd9f000 engine.cc:133] updated option: _auto_commit
I20261001 00:29:37.970614 0x16dd9f000 table_db.cc:73] stabledb 'custom_phrase' does not exist.
I20261001 00:29:37.970705 0x16dd9f000 dictionary.cc:380] loading dictionary 'luna_pinyin'.
I20261001 00:29:37.970726 0x16dd9f000 table.cc:270] loading table file: /Users/doubleshy0n/Library/Developer/CoreSimulator/Devices/405D994F-28CB-4F89-BB22-B64AD81C05A2/data/Containers/Data/Application/7D0B2F85-7CBC-4F34-9B83-A135091C275B/tmp/rime-builtin-runtime-24D63432-32F9-452C-BB23-A6A7B09F92E1/shared/build/luna_pinyin.table.bin
I20261001 00:29:37.970828 0x16dd9f000 prism.cc:83] loading prism file: /Users/doubleshy0n/Library/Developer/CoreSimulator/Devices/405D994F-28CB-4F89-BB22-B64AD81C05A2/data/Containers/Data/Application/7D0B2F85-7CBC-4F34-9B83-A135091C275B/tmp/rime-builtin-runtime-24D63432-32F9-452C-BB23-A6A7B09F92E1/user/build/luna_pinyin.prism.bin
I20261001 00:29:37.970893 0x16dd9f000 prism.cc:121] found double array image of size 1792.
I20261001 00:29:37.971020 0x16dd9f000 engine.cc:377] ConcreteEngine::InitializeOptions
I20261001 00:29:37.971042 0x16dd9f000 engine.cc:382] found switch option: ascii_mode, reset: 0
I20261001 00:29:37.971057 0x16dd9f000 engine.cc:133] updated option: ascii_mode
I20261001 00:29:37.971073 0x16dd9f000 engine.cc:382] found switch option: full_shape, reset: -1
I20261001 00:29:37.971091 0x16dd9f000 engine.cc:382] found switch option: zh_hant, reset: 1
I20261001 00:29:37.971107 0x16dd9f000 engine.cc:133] updated option: zh_hant
I20261001 00:29:37.971123 0x16dd9f000 engine.cc:382] found switch option: zh_hans, reset: 1
I20261001 00:29:37.971142 0x16dd9f000 engine.cc:133] updated option: zh_hans
I20261001 00:29:37.971159 0x16dd9f000 engine.cc:382] found switch option: zh_hant_hk, reset: 1
I20261001 00:29:37.971175 0x16dd9f000 engine.cc:133] updated option: zh_hant_hk
I20261001 00:29:37.971195 0x16dd9f000 engine.cc:382] found switch option: zh_hant_tw, reset: 1
I20261001 00:29:37.971216 0x16dd9f000 engine.cc:133] updated option: zh_hant_tw
I20261001 00:29:37.971233 0x16dd9f000 engine.cc:382] found switch option: ascii_punct, reset: -1
2026-10-01 00:29:37.971256+0800 Universe Keyboard[12320:34535583] [RIME] createSession: sessionId=5051794904
I20261001 00:29:37.971506 0x16dd9f000 engine.cc:133] updated option: _auto_commit
I20261001 00:29:37.971588 0x16dd9f000 table_db.cc:73] stabledb 'custom_phrase' does not exist.
I20261001 00:29:37.971658 0x16dd9f000 dictionary.cc:380] loading dictionary 'luna_pinyin'.
I20261001 00:29:37.971677 0x16dd9f000 table.cc:270] loading table file: /Users/doubleshy0n/Library/Developer/CoreSimulator/Devices/405D994F-28CB-4F89-BB22-B64AD81C05A2/data/Containers/Data/Application/7D0B2F85-7CBC-4F34-9B83-A135091C275B/tmp/rime-builtin-runtime-24D63432-32F9-452C-BB23-A6A7B09F92E1/shared/build/luna_pinyin.table.bin
I20261001 00:29:37.971753 0x16dd9f000 prism.cc:83] loading prism file: /Users/doubleshy0n/Library/Developer/CoreSimulator/Devices/405D994F-28CB-4F89-BB22-B64AD81C05A2/data/Containers/Data/Application/7D0B2F85-7CBC-4F34-9B83-A135091C275B/tmp/rime-builtin-runtime-24D63432-32F9-452C-BB23-A6A7B09F92E1/user/build/luna_pinyin.prism.bin
I20261001 00:29:37.971833 0x16dd9f000 prism.cc:121] found double array image of size 1792.
I20261001 00:29:37.971958 0x16dd9f000 engine.cc:377] ConcreteEngine::InitializeOptions
I20261001 00:29:37.971977 0x16dd9f000 engine.cc:382] found switch option: ascii_mode, reset: 0
I20261001 00:29:37.971993 0x16dd9f000 engine.cc:133] updated option: ascii_mode
I20261001 00:29:37.972009 0x16dd9f000 engine.cc:382] found switch option: full_shape, reset: -1
I20261001 00:29:37.972025 0x16dd9f000 engine.cc:382] found switch option: zh_hant, reset: 1
I20261001 00:29:37.972043 0x16dd9f000 engine.cc:133] updated option: zh_hant
I20261001 00:29:37.972062 0x16dd9f000 engine.cc:382] found switch option: zh_hans, reset: 1
I20261001 00:29:37.972078 0x16dd9f000 engine.cc:133] updated option: zh_hans
I20261001 00:29:37.972095 0x16dd9f000 engine.cc:382] found switch option: zh_hant_hk, reset: 1
I20261001 00:29:37.972110 0x16dd9f000 engine.cc:133] updated option: zh_hant_hk
I20261001 00:29:37.972125 0x16dd9f000 engine.cc:382] found switch option: zh_hant_tw, reset: 1
I20261001 00:29:37.972673 0x16dd9f000 engine.cc:133] updated option: zh_hant_tw
I20261001 00:29:37.972694 0x16dd9f000 engine.cc:382] found switch option: ascii_punct, reset: -1
I20261001 00:29:37.972710 0x16dd9f000 config_data.cc:202] write: var/previously_selected_schema
I20261001 00:29:37.972729 0x16dd9f000 config_data.cc:202] write: var/schema_access_time/luna_pinyin
I20261001 00:29:37.972747 0x16dd9f000 config_data.cc:92] saving config file '/Users/doubleshy0n/Library/Developer/CoreSimulator/Devices/405D994F-28CB-4F89-BB22-B64AD81C05A2/data/Containers/Data/Application/7D0B2F85-7CBC-4F34-9B83-A135091C275B/tmp/rime-builtin-runtime-24D63432-32F9-452C-BB23-A6A7B09F92E1/user/user.yaml'.
I20261001 00:29:37.979040 0x16dd9f000 dictionary.cc:380] loading dictionary 'stroke'.
I20261001 00:29:37.979087 0x16dd9f000 table.cc:270] loading table file: /Users/doubleshy0n/Library/Developer/CoreSimulator/Devices/405D994F-28CB-4F89-BB22-B64AD81C05A2/data/Containers/Data/Application/7D0B2F85-7CBC-4F34-9B83-A135091C275B/tmp/rime-builtin-runtime-24D63432-32F9-452C-BB23-A6A7B09F92E1/shared/build/stroke.table.bin
I20261001 00:29:37.979198 0x16dd9f000 prism.cc:83] loading prism file: /Users/doubleshy0n/Library/Developer/CoreSimulator/Devices/405D994F-28CB-4F89-BB22-B64AD81C05A2/data/Containers/Data/Application/7D0B2F85-7CBC-4F34-9B83-A135091C275B/tmp/rime-builtin-runtime-24D63432-32F9-452C-BB23-A6A7B09F92E1/user/build/stroke.prism.bin
I20261001 00:29:37.979269 0x16dd9f000 prism.cc:121] found double array image of size 875264.
I20261001 00:29:37.979325 0x16dd9f000 reverse_lookup_dictionary.cc:33] loading reversedb: /Users/doubleshy0n/Library/Developer/CoreSimulator/Devices/405D994F-28CB-4F89-BB22-B64AD81C05A2/data/Containers/Data/Application/7D0B2F85-7CBC-4F34-9B83-A135091C275B/tmp/rime-builtin-runtime-24D63432-32F9-452C-BB23-A6A7B09F92E1/shared/build/luna_pinyin.reverse.bin
I20261001 00:29:37.980615 0x16dd9f000 engine.cc:96] engine disposed.
2026-10-01 00:29:37.981421+0800 Universe Keyboard[12320:34534778] [RIME] claiming process runtime on main thread
2026-10-01 00:29:37.981490+0800 Universe Keyboard[12320:34534778] [RIME] keyboard setup: modules=core+dict+gears+lua+octagram luaCompiledIn=YES luaModuleRegisteredBeforeSetup=YES octagramCompiledIn=YES octagramRegisteredBeforeSetup=YES
W20261001 00:29:37.981531 0x10269de40 setup.cc:91] Glog is already initialized.
I20261001 00:29:37.982365 0x10269de40 registry.cc:14] registering component: lua_translator
I20261001 00:29:37.982406 0x10269de40 registry.cc:14] registering component: lua_filter
I20261001 00:29:37.982434 0x10269de40 registry.cc:14] registering component: lua_segmentor
I20261001 00:29:37.982458 0x10269de40 registry.cc:14] registering component: lua_processor
I20261001 00:29:37.982477 0x10269de40 grammar_module.cc:15] registering components from module 'grammar'.
I20261001 00:29:37.982495 0x10269de40 registry.cc:14] registering component: grammar
2026-10-01 00:29:37.982535+0800 Universe Keyboard[12320:34534778] [RIME] keyboard setup complete: luaModuleRegisteredAfterSetup=YES luaComponents=lua_processor=true+lua_translator=true+lua_filter=true+lua_segmentor=true octagramRegistered=YES grammarComponent=true
2026-10-01 00:29:37.982579+0800 Universe Keyboard[12320:34534778] [RIME] claiming process runtime on main thread
I20261001 00:29:37.982607 0x10269de40 core_module.cc:20] registering core components.
I20261001 00:29:37.982632 0x10269de40 registry.cc:14] registering component: config_builder
I20261001 00:29:37.985673 0x10269de40 registry.cc:14] registering component: config
I20261001 00:29:37.985700 0x10269de40 registry.cc:14] registering component: schema
I20261001 00:29:37.985722 0x10269de40 registry.cc:14] registering component: user_config
I20261001 00:29:37.985737 0x10269de40 dict_module.cc:25] registering components from module 'dict'.
I20261001 00:29:37.985757 0x10269de40 registry.cc:14] registering component: tabledb
I20261001 00:29:37.985775 0x10269de40 registry.cc:14] registering component: stabledb
I20261001 00:29:37.985791 0x10269de40 registry.cc:14] registering component: plain_userdb
I20261001 00:29:37.985805 0x10269de40 registry.cc:14] registering component: userdb
I20261001 00:29:37.985819 0x10269de40 registry.cc:14] registering component: corrector
I20261001 00:29:37.985833 0x10269de40 registry.cc:14] registering component: dictionary
I20261001 00:29:37.985847 0x10269de40 registry.cc:14] registering component: reverse_lookup_dictionary
I20261001 00:29:37.986059 0x10269de40 registry.cc:14] registering component: user_dictionary
I20261001 00:29:37.986076 0x10269de40 registry.cc:14] registering component: userdb_recovery_task
I20261001 00:29:37.986089 0x10269de40 gears_module.cc:42] registering components from module 'gears'.
I20261001 00:29:37.986108 0x10269de40 registry.cc:14] registering component: ascii_composer
I20261001 00:29:37.986126 0x10269de40 registry.cc:14] registering component: chord_composer
I20261001 00:29:37.986140 0x10269de40 registry.cc:14] registering component: express_editor
I20261001 00:29:37.986155 0x10269de40 registry.cc:14] registering component: fluid_editor
I20261001 00:29:37.986169 0x10269de40 registry.cc:14] registering component: fluency_editor
I20261001 00:29:37.986182 0x10269de40 registry.cc:14] registering component: key_binder
I20261001 00:29:37.986196 0x10269de40 registry.cc:14] registering component: navigator
I20261001 00:29:37.986210 0x10269de40 registry.cc:14] registering component: punctuator
I20261001 00:29:37.986931 0x10269de40 registry.cc:14] registering component: recognizer
I20261001 00:29:37.986954 0x10269de40 registry.cc:14] registering component: selector
I20261001 00:29:37.986975 0x10269de40 registry.cc:14] registering component: speller
I20261001 00:29:37.986991 0x10269de40 registry.cc:14] registering component: shape_processor
I20261001 00:29:37.987005 0x10269de40 registry.cc:14] registering component: abc_segmentor
I20261001 00:29:37.987020 0x10269de40 registry.cc:14] registering component: affix_segmentor
I20261001 00:29:37.987034 0x10269de40 registry.cc:14] registering component: ascii_segmentor
I20261001 00:29:37.987060 0x10269de40 registry.cc:14] registering component: matcher
I20261001 00:29:37.987077 0x10269de40 registry.cc:14] registering component: punct_segmentor
I20261001 00:29:37.987092 0x10269de40 registry.cc:14] registering component: fallback_segmentor
I20261001 00:29:37.987105 0x10269de40 registry.cc:14] registering component: echo_translator
I20261001 00:29:37.987768 0x10269de40 registry.cc:14] registering component: punct_translator
I20261001 00:29:37.987790 0x10269de40 registry.cc:14] registering component: table_translator
I20261001 00:29:37.987810 0x10269de40 registry.cc:14] registering component: script_translator
I20261001 00:29:37.987825 0x10269de40 registry.cc:14] registering component: r10n_translator
I20261001 00:29:37.987838 0x10269de40 registry.cc:14] registering component: reverse_lookup_translator
I20261001 00:29:37.987852 0x10269de40 registry.cc:14] registering component: schema_list_translator
I20261001 00:29:37.987865 0x10269de40 registry.cc:14] registering component: switch_translator
I20261001 00:29:37.987879 0x10269de40 registry.cc:14] registering component: history_translator
I20261001 00:29:37.987894 0x10269de40 registry.cc:14] registering component: simplifier
I20261001 00:29:37.987907 0x10269de40 registry.cc:14] registering component: uniquifier
I20261001 00:29:37.987921 0x10269de40 registry.cc:14] registering component: charset_filter
I20261001 00:29:37.988136 0x10269de40 registry.cc:14] registering component: cjk_minifier
I20261001 00:29:37.988153 0x10269de40 registry.cc:14] registering component: reverse_lookup_filter
I20261001 00:29:37.988167 0x10269de40 registry.cc:14] registering component: single_char_filter
I20261001 00:29:37.988182 0x10269de40 registry.cc:14] registering component: shape_formatter
2026-10-01 00:29:37.988205+0800 Universe Keyboard[12320:34534778] [RIME] keyboard initialize complete: luaModuleRegisteredAfterInitialize=YES luaComponents=lua_processor=true+lua_translator=true+lua_filter=true+lua_segmentor=true
I20261001 00:29:37.988289 0x10269de40 config_data.cc:73] loading config file '/Users/doubleshy0n/Library/Developer/CoreSimulator/Devices/405D994F-28CB-4F89-BB22-B64AD81C05A2/data/Containers/Data/Application/7D0B2F85-7CBC-4F34-9B83-A135091C275B/tmp/rime-builtin-runtime-24D63432-32F9-452C-BB23-A6A7B09F92E1/user/build/default.yaml'.
I20261001 00:29:37.989007 0x10269de40 engine.cc:72] starting engine.
I20261001 00:29:37.989059 0x10269de40 config_data.cc:73] loading config file '/Users/doubleshy0n/Library/Developer/CoreSimulator/Devices/405D994F-28CB-4F89-BB22-B64AD81C05A2/data/Containers/Data/Application/7D0B2F85-7CBC-4F34-9B83-A135091C275B/tmp/rime-builtin-runtime-24D63432-32F9-452C-BB23-A6A7B09F92E1/user/user.yaml'.
I20261001 00:29:37.989311 0x10269de40 config_data.cc:73] loading config file '/Users/doubleshy0n/Library/Developer/CoreSimulator/Devices/405D994F-28CB-4F89-BB22-B64AD81C05A2/data/Containers/Data/Application/7D0B2F85-7CBC-4F34-9B83-A135091C275B/tmp/rime-builtin-runtime-24D63432-32F9-452C-BB23-A6A7B09F92E1/user/build/luna_pinyin.schema.yaml'.
I20261001 00:29:37.993431 0x10269de40 engine.cc:133] updated option: _auto_commit
I20261001 00:29:37.993552 0x10269de40 table_db.cc:73] stabledb 'custom_phrase' does not exist.
I20261001 00:29:37.993639 0x10269de40 dictionary.cc:380] loading dictionary 'luna_pinyin'.
I20261001 00:29:37.993657 0x10269de40 table.cc:270] loading table file: /Users/doubleshy0n/Library/Developer/CoreSimulator/Devices/405D994F-28CB-4F89-BB22-B64AD81C05A2/data/Containers/Data/Application/7D0B2F85-7CBC-4F34-9B83-A135091C275B/tmp/rime-builtin-runtime-24D63432-32F9-452C-BB23-A6A7B09F92E1/shared/build/luna_pinyin.table.bin
I20261001 00:29:37.993761 0x10269de40 prism.cc:83] loading prism file: /Users/doubleshy0n/Library/Developer/CoreSimulator/Devices/405D994F-28CB-4F89-BB22-B64AD81C05A2/data/Containers/Data/Application/7D0B2F85-7CBC-4F34-9B83-A135091C275B/tmp/rime-builtin-runtime-24D63432-32F9-452C-BB23-A6A7B09F92E1/user/build/luna_pinyin.prism.bin
I20261001 00:29:37.993823 0x10269de40 prism.cc:121] found double array image of size 1792.
I20261001 00:29:37.993948 0x10269de40 engine.cc:377] ConcreteEngine::InitializeOptions
I20261001 00:29:37.995524 0x10269de40 engine.cc:382] found switch option: ascii_mode, reset: 0
I20261001 00:29:37.995549 0x10269de40 engine.cc:133] updated option: ascii_mode
I20261001 00:29:37.995581 0x10269de40 engine.cc:382] found switch option: full_shape, reset: -1
I20261001 00:29:37.995608 0x10269de40 engine.cc:382] found switch option: zh_hant, reset: 1
I20261001 00:29:37.995673 0x10269de40 engine.cc:133] updated option: zh_hant
I20261001 00:29:37.995720 0x10269de40 engine.cc:382] found switch option: zh_hans, reset: 1
I20261001 00:29:37.995747 0x10269de40 engine.cc:133] updated option: zh_hans
I20261001 00:29:37.995772 0x10269de40 engine.cc:382] found switch option: zh_hant_hk, reset: 1
I20261001 00:29:37.995798 0x10269de40 engine.cc:133] updated option: zh_hant_hk
I20261001 00:29:37.995819 0x10269de40 engine.cc:382] found switch option: zh_hant_tw, reset: 1
I20261001 00:29:37.995840 0x10269de40 engine.cc:133] updated option: zh_hant_tw
I20261001 00:29:37.995862 0x10269de40 engine.cc:382] found switch option: ascii_punct, reset: -1
2026-10-01 00:29:37.995893+0800 Universe Keyboard[12320:34534778] [RIME] createSession: sessionId=4854826584
I20261001 00:29:37.996188 0x10269de40 engine.cc:133] updated option: _auto_commit
I20261001 00:29:37.996276 0x10269de40 table_db.cc:73] stabledb 'custom_phrase' does not exist.
I20261001 00:29:37.996363 0x10269de40 dictionary.cc:380] loading dictionary 'luna_pinyin'.
I20261001 00:29:37.996392 0x10269de40 table.cc:270] loading table file: /Users/doubleshy0n/Library/Developer/CoreSimulator/Devices/405D994F-28CB-4F89-BB22-B64AD81C05A2/data/Containers/Data/Application/7D0B2F85-7CBC-4F34-9B83-A135091C275B/tmp/rime-builtin-runtime-24D63432-32F9-452C-BB23-A6A7B09F92E1/shared/build/luna_pinyin.table.bin
I20261001 00:29:37.996482 0x10269de40 prism.cc:83] loading prism file: /Users/doubleshy0n/Library/Developer/CoreSimulator/Devices/405D994F-28CB-4F89-BB22-B64AD81C05A2/data/Containers/Data/Application/7D0B2F85-7CBC-4F34-9B83-A135091C275B/tmp/rime-builtin-runtime-24D63432-32F9-452C-BB23-A6A7B09F92E1/user/build/luna_pinyin.prism.bin
I20261001 00:29:37.996553 0x10269de40 prism.cc:121] found double array image of size 1792.
I20261001 00:29:37.996681 0x10269de40 engine.cc:377] ConcreteEngine::InitializeOptions
I20261001 00:29:37.996704 0x10269de40 engine.cc:382] found switch option: ascii_mode, reset: 0
I20261001 00:29:37.996729 0x10269de40 engine.cc:133] updated option: ascii_mode
I20261001 00:29:37.996765 0x10269de40 engine.cc:382] found switch option: full_shape, reset: -1
I20261001 00:29:37.996786 0x10269de40 engine.cc:382] found switch option: zh_hant, reset: 1
I20261001 00:29:37.996807 0x10269de40 engine.cc:133] updated option: zh_hant
I20261001 00:29:37.996827 0x10269de40 engine.cc:382] found switch option: zh_hans, reset: 1
I20261001 00:29:37.996842 0x10269de40 engine.cc:133] updated option: zh_hans
I20261001 00:29:37.996861 0x10269de40 engine.cc:382] found switch option: zh_hant_hk, reset: 1
I20261001 00:29:37.996881 0x10269de40 engine.cc:133] updated option: zh_hant_hk
I20261001 00:29:37.996905 0x10269de40 engine.cc:382] found switch option: zh_hant_tw, reset: 1
I20261001 00:29:37.996921 0x10269de40 engine.cc:133] updated option: zh_hant_tw
I20261001 00:29:37.996936 0x10269de40 engine.cc:382] found switch option: ascii_punct, reset: -1
I20261001 00:29:37.996956 0x10269de40 config_data.cc:202] write: var/previously_selected_schema
I20261001 00:29:37.996978 0x10269de40 config_data.cc:202] write: var/schema_access_time/luna_pinyin
I20261001 00:29:37.997002 0x10269de40 config_data.cc:92] saving config file '/Users/doubleshy0n/Library/Developer/CoreSimulator/Devices/405D994F-28CB-4F89-BB22-B64AD81C05A2/data/Containers/Data/Application/7D0B2F85-7CBC-4F34-9B83-A135091C275B/tmp/rime-builtin-runtime-24D63432-32F9-452C-BB23-A6A7B09F92E1/user/user.yaml'.
I20261001 00:29:38.001835 0x10269de40 dictionary.cc:380] loading dictionary 'stroke'.
I20261001 00:29:38.001870 0x10269de40 table.cc:270] loading table file: /Users/doubleshy0n/Library/Developer/CoreSimulator/Devices/405D994F-28CB-4F89-BB22-B64AD81C05A2/data/Containers/Data/Application/7D0B2F85-7CBC-4F34-9B83-A135091C275B/tmp/rime-builtin-runtime-24D63432-32F9-452C-BB23-A6A7B09F92E1/shared/build/stroke.table.bin
I20261001 00:29:38.001960 0x10269de40 prism.cc:83] loading prism file: /Users/doubleshy0n/Library/Developer/CoreSimulator/Devices/405D994F-28CB-4F89-BB22-B64AD81C05A2/data/Containers/Data/Application/7D0B2F85-7CBC-4F34-9B83-A135091C275B/tmp/rime-builtin-runtime-24D63432-32F9-452C-BB23-A6A7B09F92E1/user/build/stroke.prism.bin
I20261001 00:29:38.002023 0x10269de40 prism.cc:121] found double array image of size 875264.
I20261001 00:29:38.002068 0x10269de40 reverse_lookup_dictionary.cc:33] loading reversedb: /Users/doubleshy0n/Library/Developer/CoreSimulator/Devices/405D994F-28CB-4F89-BB22-B64AD81C05A2/data/Containers/Data/Application/7D0B2F85-7CBC-4F34-9B83-A135091C275B/tmp/rime-builtin-runtime-24D63432-32F9-452C-BB23-A6A7B09F92E1/shared/build/luna_pinyin.reverse.bin
I20261001 00:29:38.002767 0x10269de40 engine.cc:96] engine disposed.
2026-10-01 00:29:38.258728+0800 Universe Keyboard[12320:34535392] [RIME] deploy setup: modules=core+dict+gears+lua+octagram luaCompiledIn=YES luaModuleRegisteredBeforeSetup=YES octagramCompiledIn=YES octagramRegisteredBeforeSetup=YES
W20261001 00:29:38.260676 0x16dbfb000 setup.cc:91] Glog is already initialized.
I20261001 00:29:38.261601 0x16dbfb000 registry.cc:14] registering component: lua_translator
I20261001 00:29:38.261664 0x16dbfb000 registry.cc:14] registering component: lua_filter
I20261001 00:29:38.261692 0x16dbfb000 registry.cc:14] registering component: lua_segmentor
I20261001 00:29:38.261708 0x16dbfb000 registry.cc:14] registering component: lua_processor
I20261001 00:29:38.261726 0x16dbfb000 grammar_module.cc:15] registering components from module 'grammar'.
I20261001 00:29:38.261740 0x16dbfb000 registry.cc:14] registering component: grammar
2026-10-01 00:29:38.261779+0800 Universe Keyboard[12320:34535392] [RIME] deploy setup complete: luaComponents=lua_processor=true+lua_translator=true+lua_filter=true+lua_segmentor=true grammarComponent=true
I20261001 00:29:38.261821 0x16dbfb000 core_module.cc:20] registering core components.
I20261001 00:29:38.261846 0x16dbfb000 registry.cc:14] registering component: config_builder
I20261001 00:29:38.261870 0x16dbfb000 registry.cc:14] registering component: config
I20261001 00:29:38.263618 0x16dbfb000 registry.cc:14] registering component: schema
I20261001 00:29:38.263652 0x16dbfb000 registry.cc:14] registering component: user_config
I20261001 00:29:38.263688 0x16dbfb000 dict_module.cc:25] registering components from module 'dict'.
I20261001 00:29:38.263709 0x16dbfb000 registry.cc:14] registering component: tabledb
I20261001 00:29:38.263745 0x16dbfb000 registry.cc:14] registering component: stabledb
I20261001 00:29:38.263785 0x16dbfb000 registry.cc:14] registering component: plain_userdb
I20261001 00:29:38.263819 0x16dbfb000 registry.cc:14] registering component: userdb
I20261001 00:29:38.263861 0x16dbfb000 registry.cc:14] registering component: corrector
I20261001 00:29:38.263938 0x16dbfb000 registry.cc:14] registering component: dictionary
I20261001 00:29:38.263975 0x16dbfb000 registry.cc:14] registering component: reverse_lookup_dictionary
I20261001 00:29:38.264005 0x16dbfb000 registry.cc:14] registering component: user_dictionary
I20261001 00:29:38.265294 0x16dbfb000 registry.cc:14] registering component: userdb_recovery_task
I20261001 00:29:38.265325 0x16dbfb000 gears_module.cc:42] registering components from module 'gears'.
I20261001 00:29:38.265375 0x16dbfb000 registry.cc:14] registering component: ascii_composer
I20261001 00:29:38.265393 0x16dbfb000 registry.cc:14] registering component: chord_composer
I20261001 00:29:38.265408 0x16dbfb000 registry.cc:14] registering component: express_editor
I20261001 00:29:38.265422 0x16dbfb000 registry.cc:14] registering component: fluid_editor
I20261001 00:29:38.265437 0x16dbfb000 registry.cc:14] registering component: fluency_editor
I20261001 00:29:38.265452 0x16dbfb000 registry.cc:14] registering component: key_binder
I20261001 00:29:38.265466 0x16dbfb000 registry.cc:14] registering component: navigator
I20261001 00:29:38.265486 0x16dbfb000 registry.cc:14] registering component: punctuator
I20261001 00:29:38.265501 0x16dbfb000 registry.cc:14] registering component: recognizer
I20261001 00:29:38.267131 0x16dbfb000 registry.cc:14] registering component: selector
I20261001 00:29:38.267169 0x16dbfb000 registry.cc:14] registering component: speller
I20261001 00:29:38.267261 0x16dbfb000 registry.cc:14] registering component: shape_processor
I20261001 00:29:38.267283 0x16dbfb000 registry.cc:14] registering component: abc_segmentor
I20261001 00:29:38.267309 0x16dbfb000 registry.cc:14] registering component: affix_segmentor
I20261001 00:29:38.267334 0x16dbfb000 registry.cc:14] registering component: ascii_segmentor
I20261001 00:29:38.267362 0x16dbfb000 registry.cc:14] registering component: matcher
I20261001 00:29:38.267390 0x16dbfb000 registry.cc:14] registering component: punct_segmentor
I20261001 00:29:38.267409 0x16dbfb000 registry.cc:14] registering component: fallback_segmentor
I20261001 00:29:38.267430 0x16dbfb000 registry.cc:14] registering component: echo_translator
I20261001 00:29:38.267454 0x16dbfb000 registry.cc:14] registering component: punct_translator
I20261001 00:29:38.267472 0x16dbfb000 registry.cc:14] registering component: table_translator
I20261001 00:29:38.267494 0x16dbfb000 registry.cc:14] registering component: script_translator
I20261001 00:29:38.267512 0x16dbfb000 registry.cc:14] registering component: r10n_translator
I20261001 00:29:38.267533 0x16dbfb000 registry.cc:14] registering component: reverse_lookup_translator
I20261001 00:29:38.267555 0x16dbfb000 registry.cc:14] registering component: schema_list_translator
I20261001 00:29:38.267571 0x16dbfb000 registry.cc:14] registering component: switch_translator
I20261001 00:29:38.267596 0x16dbfb000 registry.cc:14] registering component: history_translator
I20261001 00:29:38.267623 0x16dbfb000 registry.cc:14] registering component: simplifier
I20261001 00:29:38.267639 0x16dbfb000 registry.cc:14] registering component: uniquifier
I20261001 00:29:38.267672 0x16dbfb000 registry.cc:14] registering component: charset_filter
I20261001 00:29:38.267690 0x16dbfb000 registry.cc:14] registering component: cjk_minifier
I20261001 00:29:38.267709 0x16dbfb000 registry.cc:14] registering component: reverse_lookup_filter
I20261001 00:29:38.267734 0x16dbfb000 registry.cc:14] registering component: single_char_filter
I20261001 00:29:38.267767 0x16dbfb000 registry.cc:14] registering component: shape_formatter
2026-10-01 00:29:38.267833+0800 Universe Keyboard[12320:34535392] [RIME] deploy initialized: luaModuleRegisteredAfterInitialize=YES luaComponents=lua_processor=true+lua_translator=true+lua_filter=true+lua_segmentor=true octagramRegistered=YES grammarComponent=true
I20261001 00:29:38.267962 0x16dbfb000 levers_module.cc:16] registering components from module 'levers'.
I20261001 00:29:38.268022 0x16dbfb000 registry.cc:14] registering component: detect_modifications
I20261001 00:29:38.268053 0x16dbfb000 registry.cc:14] registering component: installation_update
I20261001 00:29:38.268071 0x16dbfb000 registry.cc:14] registering component: workspace_update
I20261001 00:29:38.268090 0x16dbfb000 registry.cc:14] registering component: schema_update
I20261001 00:29:38.268113 0x16dbfb000 registry.cc:14] registering component: config_file_update
I20261001 00:29:38.268131 0x16dbfb000 registry.cc:14] registering component: prebuild_all_schemas
I20261001 00:29:38.268158 0x16dbfb000 registry.cc:14] registering component: user_dict_upgrade
I20261001 00:29:38.268192 0x16dbfb000 registry.cc:14] registering component: cleanup_trash
I20261001 00:29:38.268216 0x16dbfb000 registry.cc:14] registering component: user_dict_sync
I20261001 00:29:38.268238 0x16dbfb000 registry.cc:14] registering component: backup_config_files
I20261001 00:29:38.268257 0x16dbfb000 registry.cc:14] registering component: clean_old_log_files
I20261001 00:29:38.268365 0x16dbfb000 deployment_tasks.cc:83] updating rime installation info.
W20261001 00:29:38.268459 0x16dbfb000 config_data.cc:70] nonexistent config file '/Users/doubleshy0n/Library/Developer/CoreSimulator/Devices/405D994F-28CB-4F89-BB22-B64AD81C05A2/data/Containers/Data/Application/7D0B2F85-7CBC-4F34-9B83-A135091C275B/tmp/rime-builtin-runtime-581C56EF-37F2-44A9-BE17-BFB5FE9F5854/user/installation.yaml'.
I20261001 00:29:38.268483 0x16dbfb000 deployment_tasks.cc:133] creating installation info.
I20261001 00:29:38.268549 0x16dbfb000 deployment_tasks.cc:140] generated installation id: e58a5033-c8c9-4de5-9d17-101d6465ee72
I20261001 00:29:38.268578 0x16dbfb000 config_data.cc:202] write: installation_id
I20261001 00:29:38.268604 0x16dbfb000 config_data.cc:202] write: install_time
I20261001 00:29:38.268627 0x16dbfb000 config_data.cc:202] write: distribution_name
I20261001 00:29:38.268659 0x16dbfb000 deployment_tasks.cc:150] distribution: UniverseKeyboard
I20261001 00:29:38.268697 0x16dbfb000 config_data.cc:202] write: distribution_code_name
I20261001 00:29:38.268731 0x16dbfb000 deployment_tasks.cc:155] distribution code name: UniverseKeyboard
I20261001 00:29:38.268773 0x16dbfb000 config_data.cc:202] write: distribution_version
I20261001 00:29:38.268813 0x16dbfb000 deployment_tasks.cc:159] distribution version: 1.0.0
I20261001 00:29:38.268852 0x16dbfb000 config_data.cc:202] write: rime_version
I20261001 00:29:38.268885 0x16dbfb000 deployment_tasks.cc:162] Rime version: 1.16.1
I20261001 00:29:38.268911 0x16dbfb000 config_data.cc:92] saving config file '/Users/doubleshy0n/Library/Developer/CoreSimulator/Devices/405D994F-28CB-4F89-BB22-B64AD81C05A2/data/Containers/Data/Application/7D0B2F85-7CBC-4F34-9B83-A135091C275B/tmp/rime-builtin-runtime-581C56EF-37F2-44A9-BE17-BFB5FE9F5854/user/installation.yaml'.
I20261001 00:29:38.269175 0x16dbfb000 deployer.cc:119] starting work thread for 3 tasks.
I20261001 00:29:38.269249 0x16dfcf000 deployer.cc:80] running deployment tasks:
I20261001 00:29:38.269283 0x16dfcf000 deployment_tasks.cc:167] updating workspace.
W20261001 00:29:38.269442 0x16dfcf000 config_data.cc:70] nonexistent config file '/Users/doubleshy0n/Library/Developer/CoreSimulator/Devices/405D994F-28CB-4F89-BB22-B64AD81C05A2/data/Containers/Data/Application/7D0B2F85-7CBC-4F34-9B83-A135091C275B/tmp/rime-builtin-runtime-581C56EF-37F2-44A9-BE17-BFB5FE9F5854/user/build/default.yaml'.
I20261001 00:29:38.269477 0x16dfcf000 deployment_tasks.cc:396] missing build info
I20261001 00:29:38.269661 0x16dfcf000 config_data.cc:73] loading config file '/Users/doubleshy0n/Library/Developer/CoreSimulator/Devices/405D994F-28CB-4F89-BB22-B64AD81C05A2/data/Containers/Data/Application/7D0B2F85-7CBC-4F34-9B83-A135091C275B/tmp/rime-builtin-runtime-581C56EF-37F2-44A9-BE17-BFB5FE9F5854/shared/default.yaml'.
I20261001 00:29:38.270000 0x16dfcf000 auto_patch_config_plugin.cc:29] auto-patch default:/__patch: default.custom:/patch?
I20261001 00:29:38.270086 0x16dfcf000 config_data.cc:73] loading config file '/Users/doubleshy0n/Library/Developer/CoreSimulator/Devices/405D994F-28CB-4F89-BB22-B64AD81C05A2/data/Containers/Data/Application/7D0B2F85-7CBC-4F34-9B83-A135091C275B/tmp/rime-builtin-runtime-581C56EF-37F2-44A9-BE17-BFB5FE9F5854/shared/punctuation.yaml'.
I20261001 00:29:38.270548 0x16dfcf000 auto_patch_config_plugin.cc:29] auto-patch punctuation:/__patch: punctuation.custom:/patch?
I20261001 00:29:38.270635 0x16dfcf000 config_compiler.cc:426] optional resource not loaded: punctuation.custom
I20261001 00:29:38.270674 0x16dfcf000 config_compiler.cc:537] resolved: Patch(punctuation.custom:patch <optional>)
I20261001 00:29:38.270708 0x16dfcf000 config_compiler.cc:537] resolved: Include(punctuation:/full_shape)
I20261001 00:29:38.270746 0x16dfcf000 config_compiler.cc:537] resolved: PendingChild(default:/punctuator/full_shape)
I20261001 00:29:38.270780 0x16dfcf000 config_compiler.cc:537] resolved: Include(punctuation:/half_shape)
I20261001 00:29:38.270810 0x16dfcf000 config_compiler.cc:537] resolved: PendingChild(default:/punctuator/half_shape)
I20261001 00:29:38.270844 0x16dfcf000 config_compiler.cc:537] resolved: PendingChild(default:/punctuator)
I20261001 00:29:38.270924 0x16dfcf000 config_data.cc:73] loading config file '/Users/doubleshy0n/Library/Developer/CoreSimulator/Devices/405D994F-28CB-4F89-BB22-B64AD81C05A2/data/Containers/Data/Application/7D0B2F85-7CBC-4F34-9B83-A135091C275B/tmp/rime-builtin-runtime-581C56EF-37F2-44A9-BE17-BFB5FE9F5854/shared/key_bindings.yaml'.
I20261001 00:29:38.271440 0x16dfcf000 auto_patch_config_plugin.cc:29] auto-patch key_bindings:/__patch: key_bindings.custom:/patch?
I20261001 00:29:38.271524 0x16dfcf000 config_compiler.cc:426] optional resource not loaded: key_bindings.custom
I20261001 00:29:38.271563 0x16dfcf000 config_compiler.cc:537] resolved: Patch(key_bindings.custom:patch <optional>)
I20261001 00:29:38.271596 0x16dfcf000 config_compiler.cc:214] patching __append
I20261001 00:29:38.271623 0x16dfcf000 config_compiler.cc:537] resolved: Patch(key_bindings:/emacs_editing)
I20261001 00:29:38.271647 0x16dfcf000 config_compiler.cc:214] patching __append
I20261001 00:29:38.271670 0x16dfcf000 config_compiler.cc:537] resolved: Patch(key_bindings:/paging_with_minus_equal)
I20261001 00:29:38.271705 0x16dfcf000 config_compiler.cc:214] patching __append
I20261001 00:29:38.271734 0x16dfcf000 config_compiler.cc:537] resolved: Patch(key_bindings:/paging_with_comma_period)
I20261001 00:29:38.271762 0x16dfcf000 config_compiler.cc:214] patching __append
I20261001 00:29:38.271782 0x16dfcf000 config_compiler.cc:537] resolved: Patch(key_bindings:/numbered_mode_switch)
I20261001 00:29:38.271807 0x16dfcf000 config_compiler.cc:537] resolved: PendingChild(default:/key_binder/bindings)
I20261001 00:29:38.271834 0x16dfcf000 config_compiler.cc:537] resolved: PendingChild(default:/key_binder)
I20261001 00:29:38.271858 0x16dfcf000 config_compiler.cc:537] resolved: Include(key_bindings:/rotate_candidate_with_tab)
I20261001 00:29:38.271878 0x16dfcf000 config_compiler.cc:537] resolved: PendingChild(default:/selector/__patch/bindings)
I20261001 00:29:38.271903 0x16dfcf000 config_compiler.cc:537] resolved: Include(key_bindings:/rotate_candidate_with_tab)
I20261001 00:29:38.271926 0x16dfcf000 config_compiler.cc:537] resolved: PendingChild(default:/selector/__patch/linear/bindings)
I20261001 00:29:38.271943 0x16dfcf000 config_compiler.cc:537] resolved: Include(key_bindings:/rotate_candidate_with_tab)
I20261001 00:29:38.271963 0x16dfcf000 config_compiler.cc:537] resolved: PendingChild(default:/selector/__patch/vertical/bindings)
I20261001 00:29:38.271987 0x16dfcf000 config_compiler.cc:537] resolved: Include(key_bindings:/rotate_candidate_with_tab)
I20261001 00:29:38.272011 0x16dfcf000 config_compiler.cc:537] resolved: PendingChild(default:/selector/__patch/vertical/linear/bindings)
I20261001 00:29:38.272035 0x16dfcf000 config_compiler.cc:537] resolved: PendingChild(default:/selector/__patch)
I20261001 00:29:38.272055 0x16dfcf000 config_compiler.cc:214] patching bindings
I20261001 00:29:38.272076 0x16dfcf000 config_compiler.cc:214] patching linear/bindings
I20261001 00:29:38.272098 0x16dfcf000 config_compiler.cc:214] patching vertical/bindings
I20261001 00:29:38.272120 0x16dfcf000 config_compiler.cc:214] patching vertical/linear/bindings
I20261001 00:29:38.272142 0x16dfcf000 config_compiler.cc:537] resolved: Patch(<literal>)
I20261001 00:29:38.272162 0x16dfcf000 config_compiler.cc:537] resolved: PendingChild(default:/selector)
I20261001 00:29:38.272212 0x16dfcf000 config_data.cc:73] loading config file '/Users/doubleshy0n/Library/Developer/CoreSimulator/Devices/405D994F-28CB-4F89-BB22-B64AD81C05A2/data/Containers/Data/Application/7D0B2F85-7CBC-4F34-9B83-A135091C275B/tmp/rime-builtin-runtime-581C56EF-37F2-44A9-BE17-BFB5FE9F5854/user/default.custom.yaml'.
I20261001 00:29:38.272285 0x16dfcf000 config_compiler.cc:214] patching schema_list
I20261001 00:29:38.272314 0x16dfcf000 config_compiler.cc:537] resolved: Patch(default.custom:patch <optional>)
I20261001 00:29:38.272371 0x16dfcf000 build_info_plugin.cc:27] resource 'key_bindings.custom' not loaded.
I20261001 00:29:38.272408 0x16dfcf000 build_info_plugin.cc:27] resource 'punctuation.custom' not loaded.
I20261001 00:29:38.272438 0x16dfcf000 config_data.cc:92] saving config file '/Users/doubleshy0n/Library/Developer/CoreSimulator/Devices/405D994F-28CB-4F89-BB22-B64AD81C05A2/data/Containers/Data/Application/7D0B2F85-7CBC-4F34-9B83-A135091C275B/tmp/rime-builtin-runtime-581C56EF-37F2-44A9-BE17-BFB5FE9F5854/user/build/default.yaml'.
I20261001 00:29:38.273251 0x16dfcf000 config_data.cc:73] loading config file '/Users/doubleshy0n/Library/Developer/CoreSimulator/Devices/405D994F-28CB-4F89-BB22-B64AD81C05A2/data/Containers/Data/Application/7D0B2F85-7CBC-4F34-9B83-A135091C275B/tmp/rime-builtin-runtime-581C56EF-37F2-44A9-BE17-BFB5FE9F5854/user/build/default.yaml'.
I20261001 00:29:38.274016 0x16dfcf000 deployment_tasks.cc:190] updating schemas.
I20261001 00:29:38.274047 0x16dfcf000 deployment_tasks.cc:199] schema: luna_pinyin
I20261001 00:29:38.274154 0x16dfcf000 config_data.cc:73] loading config file '/Users/doubleshy0n/Library/Developer/CoreSimulator/Devices/405D994F-28CB-4F89-BB22-B64AD81C05A2/data/Containers/Data/Application/7D0B2F85-7CBC-4F34-9B83-A135091C275B/tmp/rime-builtin-runtime-581C56EF-37F2-44A9-BE17-BFB5FE9F5854/shared/luna_pinyin.schema.yaml'.
W20261001 00:29:38.274622 0x16dfcf000 config_data.cc:70] nonexistent config file '/Users/doubleshy0n/Library/Developer/CoreSimulator/Devices/405D994F-28CB-4F89-BB22-B64AD81C05A2/data/Containers/Data/Application/7D0B2F85-7CBC-4F34-9B83-A135091C275B/tmp/rime-builtin-runtime-581C56EF-37F2-44A9-BE17-BFB5FE9F5854/user/build/luna_pinyin.schema.yaml'.
I20261001 00:29:38.274652 0x16dfcf000 deployment_tasks.cc:396] missing build info
I20261001 00:29:38.274758 0x16dfcf000 config_data.cc:73] loading config file '/Users/doubleshy0n/Library/Developer/CoreSimulator/Devices/405D994F-28CB-4F89-BB22-B64AD81C05A2/data/Containers/Data/Application/7D0B2F85-7CBC-4F34-9B83-A135091C275B/tmp/rime-builtin-runtime-581C56EF-37F2-44A9-BE17-BFB5FE9F5854/shared/luna_pinyin.schema.yaml'.
I20261001 00:29:38.275290 0x16dfcf000 config_data.cc:73] loading config file '/Users/doubleshy0n/Library/Developer/CoreSimulator/Devices/405D994F-28CB-4F89-BB22-B64AD81C05A2/data/Containers/Data/Application/7D0B2F85-7CBC-4F34-9B83-A135091C275B/tmp/rime-builtin-runtime-581C56EF-37F2-44A9-BE17-BFB5FE9F5854/shared/pinyin.yaml'.
I20261001 00:29:38.275691 0x16dfcf000 auto_patch_config_plugin.cc:29] auto-patch pinyin:/__patch: pinyin.custom:/patch?
I20261001 00:29:38.275809 0x16dfcf000 config_compiler.cc:426] optional resource not loaded: pinyin.custom
I20261001 00:29:38.275848 0x16dfcf000 config_compiler.cc:537] resolved: Patch(pinyin.custom:patch <optional>)
I20261001 00:29:38.275885 0x16dfcf000 config_compiler.cc:214] patching __append
I20261001 00:29:38.275917 0x16dfcf000 config_compiler.cc:537] resolved: Patch(pinyin:/abbreviation)
I20261001 00:29:38.275950 0x16dfcf000 config_compiler.cc:214] patching __append
I20261001 00:29:38.275969 0x16dfcf000 config_compiler.cc:537] resolved: Patch(pinyin:/spelling_correction)
I20261001 00:29:38.275999 0x16dfcf000 config_compiler.cc:214] patching __append
I20261001 00:29:38.276025 0x16dfcf000 config_compiler.cc:537] resolved: Patch(pinyin:/key_correction)
I20261001 00:29:38.276053 0x16dfcf000 config_compiler.cc:537] resolved: PendingChild(luna_pinyin.schema:/speller/algebra)
I20261001 00:29:38.276087 0x16dfcf000 config_compiler.cc:537] resolved: PendingChild(luna_pinyin.schema:/speller)
W20261001 00:29:38.276155 0x16dfcf000 config_data.cc:70] nonexistent config file '/Users/doubleshy0n/Library/Developer/CoreSimulator/Devices/405D994F-28CB-4F89-BB22-B64AD81C05A2/data/Containers/Data/Application/7D0B2F85-7CBC-4F34-9B83-A135091C275B/tmp/rime-builtin-runtime-581C56EF-37F2-44A9-BE17-BFB5FE9F5854/user/grammar.yaml'.
I20261001 00:29:38.276191 0x16dfcf000 auto_patch_config_plugin.cc:29] auto-patch grammar:/__patch: grammar.custom:/patch?
I20261001 00:29:38.276224 0x16dfcf000 config_compiler.cc:426] optional resource not loaded: grammar
I20261001 00:29:38.276253 0x16dfcf000 config_compiler.cc:537] resolved: Patch(grammar:/hant <optional>)
I20261001 00:29:38.276315 0x16dfcf000 config_data.cc:73] loading config file '/Users/doubleshy0n/Library/Developer/CoreSimulator/Devices/405D994F-28CB-4F89-BB22-B64AD81C05A2/data/Containers/Data/Application/7D0B2F85-7CBC-4F34-9B83-A135091C275B/tmp/rime-builtin-runtime-581C56EF-37F2-44A9-BE17-BFB5FE9F5854/user/luna_pinyin.custom.yaml'.
I20261001 00:29:38.276426 0x16dfcf000 config_compiler.cc:214] patching speller/algebra/+
I20261001 00:29:38.276457 0x16dfcf000 config_compiler.cc:214] patching switches/@2/reset
I20261001 00:29:38.276491 0x16dfcf000 config_compiler.cc:214] patching translator/enable_user_dict
I20261001 00:29:38.276519 0x16dfcf000 config_compiler.cc:537] resolved: Patch(luna_pinyin.custom:/patch <optional>)
I20261001 00:29:38.276584 0x16dfcf000 config_data.cc:73] loading config file '/Users/doubleshy0n/Library/Developer/CoreSimulator/Devices/405D994F-28CB-4F89-BB22-B64AD81C05A2/data/Containers/Data/Application/7D0B2F85-7CBC-4F34-9B83-A135091C275B/tmp/rime-builtin-runtime-581C56EF-37F2-44A9-BE17-BFB5FE9F5854/shared/default.yaml'.
I20261001 00:29:38.276910 0x16dfcf000 auto_patch_config_plugin.cc:29] auto-patch default:/__patch: default.custom:/patch?
I20261001 00:29:38.277000 0x16dfcf000 config_data.cc:73] loading config file '/Users/doubleshy0n/Library/Developer/CoreSimulator/Devices/405D994F-28CB-4F89-BB22-B64AD81C05A2/data/Containers/Data/Application/7D0B2F85-7CBC-4F34-9B83-A135091C275B/tmp/rime-builtin-runtime-581C56EF-37F2-44A9-BE17-BFB5FE9F5854/shared/punctuation.yaml'.
I20261001 00:29:38.277488 0x16dfcf000 auto_patch_config_plugin.cc:29] auto-patch punctuation:/__patch: punctuation.custom:/patch?
I20261001 00:29:38.277553 0x16dfcf000 config_compiler.cc:426] optional resource not loaded: punctuation.custom
I20261001 00:29:38.277587 0x16dfcf000 config_compiler.cc:537] resolved: Patch(punctuation.custom:patch <optional>)
I20261001 00:29:38.277621 0x16dfcf000 config_compiler.cc:537] resolved: Include(punctuation:/full_shape)
I20261001 00:29:38.277656 0x16dfcf000 config_compiler.cc:537] resolved: PendingChild(default:/punctuator/full_shape)
I20261001 00:29:38.277696 0x16dfcf000 config_compiler.cc:537] resolved: Include(punctuation:/half_shape)
I20261001 00:29:38.277732 0x16dfcf000 config_compiler.cc:537] resolved: PendingChild(default:/punctuator/half_shape)
I20261001 00:29:38.277767 0x16dfcf000 config_compiler.cc:537] resolved: PendingChild(default:/punctuator)
I20261001 00:29:38.277840 0x16dfcf000 config_data.cc:73] loading config file '/Users/doubleshy0n/Library/Developer/CoreSimulator/Devices/405D994F-28CB-4F89-BB22-B64AD81C05A2/data/Containers/Data/Application/7D0B2F85-7CBC-4F34-9B83-A135091C275B/tmp/rime-builtin-runtime-581C56EF-37F2-44A9-BE17-BFB5FE9F5854/shared/key_bindings.yaml'.
I20261001 00:29:38.278386 0x16dfcf000 auto_patch_config_plugin.cc:29] auto-patch key_bindings:/__patch: key_bindings.custom:/patch?
I20261001 00:29:38.278475 0x16dfcf000 config_compiler.cc:426] optional resource not loaded: key_bindings.custom
I20261001 00:29:38.278514 0x16dfcf000 config_compiler.cc:537] resolved: Patch(key_bindings.custom:patch <optional>)
I20261001 00:29:38.278543 0x16dfcf000 config_compiler.cc:214] patching __append
I20261001 00:29:38.278576 0x16dfcf000 config_compiler.cc:537] resolved: Patch(key_bindings:/emacs_editing)
I20261001 00:29:38.278601 0x16dfcf000 config_compiler.cc:214] patching __append
I20261001 00:29:38.278635 0x16dfcf000 config_compiler.cc:537] resolved: Patch(key_bindings:/paging_with_minus_equal)
I20261001 00:29:38.278670 0x16dfcf000 config_compiler.cc:214] patching __append
I20261001 00:29:38.278703 0x16dfcf000 config_compiler.cc:537] resolved: Patch(key_bindings:/paging_with_comma_period)
I20261001 00:29:38.278737 0x16dfcf000 config_compiler.cc:214] patching __append
I20261001 00:29:38.278769 0x16dfcf000 config_compiler.cc:537] resolved: Patch(key_bindings:/numbered_mode_switch)
I20261001 00:29:38.278796 0x16dfcf000 config_compiler.cc:537] resolved: PendingChild(default:/key_binder/bindings)
I20261001 00:29:38.278819 0x16dfcf000 config_compiler.cc:537] resolved: PendingChild(default:/key_binder)
I20261001 00:29:38.278848 0x16dfcf000 config_compiler.cc:537] resolved: Include(key_bindings:/rotate_candidate_with_tab)
I20261001 00:29:38.278883 0x16dfcf000 config_compiler.cc:537] resolved: PendingChild(default:/selector/__patch/bindings)
I20261001 00:29:38.278921 0x16dfcf000 config_compiler.cc:537] resolved: Include(key_bindings:/rotate_candidate_with_tab)
I20261001 00:29:38.278953 0x16dfcf000 config_compiler.cc:537] resolved: PendingChild(default:/selector/__patch/linear/bindings)
I20261001 00:29:38.278985 0x16dfcf000 config_compiler.cc:537] resolved: Include(key_bindings:/rotate_candidate_with_tab)
I20261001 00:29:38.279016 0x16dfcf000 config_compiler.cc:537] resolved: PendingChild(default:/selector/__patch/vertical/bindings)
I20261001 00:29:38.279050 0x16dfcf000 config_compiler.cc:537] resolved: Include(key_bindings:/rotate_candidate_with_tab)
I20261001 00:29:38.279077 0x16dfcf000 config_compiler.cc:537] resolved: PendingChild(default:/selector/__patch/vertical/linear/bindings)
I20261001 00:29:38.279111 0x16dfcf000 config_compiler.cc:537] resolved: PendingChild(default:/selector/__patch)
I20261001 00:29:38.279143 0x16dfcf000 config_compiler.cc:214] patching bindings
I20261001 00:29:38.279176 0x16dfcf000 config_compiler.cc:214] patching linear/bindings
I20261001 00:29:38.279211 0x16dfcf000 config_compiler.cc:214] patching vertical/bindings
I20261001 00:29:38.279241 0x16dfcf000 config_compiler.cc:214] patching vertical/linear/bindings
I20261001 00:29:38.279276 0x16dfcf000 config_compiler.cc:537] resolved: Patch(<literal>)
I20261001 00:29:38.279310 0x16dfcf000 config_compiler.cc:537] resolved: PendingChild(default:/selector)
I20261001 00:29:38.279372 0x16dfcf000 config_data.cc:73] loading config file '/Users/doubleshy0n/Library/Developer/CoreSimulator/Devices/405D994F-28CB-4F89-BB22-B64AD81C05A2/data/Containers/Data/Application/7D0B2F85-7CBC-4F34-9B83-A135091C275B/tmp/rime-builtin-runtime-581C56EF-37F2-44A9-BE17-BFB5FE9F5854/user/default.custom.yaml'.
I20261001 00:29:38.279469 0x16dfcf000 config_compiler.cc:214] patching schema_list
I20261001 00:29:38.279504 0x16dfcf000 config_compiler.cc:537] resolved: Patch(default.custom:patch <optional>)
I20261001 00:29:38.279536 0x16dfcf000 legacy_preset_config_plugin.cc:26] interpreting key_binder/import_preset: default
I20261001 00:29:38.279580 0x16dfcf000 legacy_preset_config_plugin.cc:52] interpreting punctuator/import_preset: symbols
I20261001 00:29:38.279663 0x16dfcf000 config_data.cc:73] loading config file '/Users/doubleshy0n/Library/Developer/CoreSimulator/Devices/405D994F-28CB-4F89-BB22-B64AD81C05A2/data/Containers/Data/Application/7D0B2F85-7CBC-4F34-9B83-A135091C275B/tmp/rime-builtin-runtime-581C56EF-37F2-44A9-BE17-BFB5FE9F5854/shared/symbols.yaml'.
I20261001 00:29:38.285128 0x16dfcf000 auto_patch_config_plugin.cc:29] auto-patch symbols:/__patch: symbols.custom:/patch?
I20261001 00:29:38.285210 0x16dfcf000 config_compiler.cc:426] optional resource not loaded: symbols.custom
I20261001 00:29:38.285229 0x16dfcf000 config_compiler.cc:537] resolved: Patch(symbols.custom:patch <optional>)
I20261001 00:29:38.285249 0x16dfcf000 legacy_preset_config_plugin.cc:65] interpreting recognizer/import_preset: default
I20261001 00:29:38.285305 0x16dfcf000 build_info_plugin.cc:27] resource 'grammar' not loaded.
I20261001 00:29:38.285338 0x16dfcf000 build_info_plugin.cc:27] resource 'key_bindings.custom' not loaded.
I20261001 00:29:38.285385 0x16dfcf000 build_info_plugin.cc:27] resource 'pinyin.custom' not loaded.
I20261001 00:29:38.285410 0x16dfcf000 build_info_plugin.cc:27] resource 'punctuation.custom' not loaded.
I20261001 00:29:38.285435 0x16dfcf000 build_info_plugin.cc:27] resource 'symbols.custom' not loaded.
I20261001 00:29:38.285457 0x16dfcf000 config_data.cc:92] saving config file '/Users/doubleshy0n/Library/Developer/CoreSimulator/Devices/405D994F-28CB-4F89-BB22-B64AD81C05A2/data/Containers/Data/Application/7D0B2F85-7CBC-4F34-9B83-A135091C275B/tmp/rime-builtin-runtime-581C56EF-37F2-44A9-BE17-BFB5FE9F5854/user/build/luna_pinyin.schema.yaml'.
I20261001 00:29:38.287368 0x16dfcf000 config_data.cc:73] loading config file '/Users/doubleshy0n/Library/Developer/CoreSimulator/Devices/405D994F-28CB-4F89-BB22-B64AD81C05A2/data/Containers/Data/Application/7D0B2F85-7CBC-4F34-9B83-A135091C275B/tmp/rime-builtin-runtime-581C56EF-37F2-44A9-BE17-BFB5FE9F5854/user/build/luna_pinyin.schema.yaml'.
I20261001 00:29:38.291392 0x16dfcf000 deployment_tasks.cc:362] preparing dictionary 'luna_pinyin'.
I20261001 00:29:38.291462 0x16dfcf000 dict_compiler.cc:81] compiling dictionary for /Users/doubleshy0n/Library/Developer/CoreSimulator/Devices/405D994F-28CB-4F89-BB22-B64AD81C05A2/data/Containers/Data/Application/7D0B2F85-7CBC-4F34-9B83-A135091C275B/tmp/rime-builtin-runtime-581C56EF-37F2-44A9-BE17-BFB5FE9F5854/user/build/luna_pinyin.schema.yaml
I20261001 00:29:38.311122 0x16dfcf000 table.cc:270] loading table file: /Users/doubleshy0n/Library/Developer/CoreSimulator/Devices/405D994F-28CB-4F89-BB22-B64AD81C05A2/data/Containers/Data/Application/7D0B2F85-7CBC-4F34-9B83-A135091C275B/tmp/rime-builtin-runtime-581C56EF-37F2-44A9-BE17-BFB5FE9F5854/shared/build/luna_pinyin.table.bin
I20261001 00:29:38.311314 0x16dfcf000 prism.cc:83] loading prism file: /Users/doubleshy0n/Library/Developer/CoreSimulator/Devices/405D994F-28CB-4F89-BB22-B64AD81C05A2/data/Containers/Data/Application/7D0B2F85-7CBC-4F34-9B83-A135091C275B/tmp/rime-builtin-runtime-581C56EF-37F2-44A9-BE17-BFB5FE9F5854/shared/build/luna_pinyin.prism.bin
I20261001 00:29:38.311511 0x16dfcf000 prism.cc:121] found double array image of size 1792.
I20261001 00:29:38.311566 0x16dfcf000 dict_compiler.cc:126] /Users/doubleshy0n/Library/Developer/CoreSimulator/Devices/405D994F-28CB-4F89-BB22-B64AD81C05A2/data/Containers/Data/Application/7D0B2F85-7CBC-4F34-9B83-A135091C275B/tmp/rime-builtin-runtime-581C56EF-37F2-44A9-BE17-BFB5FE9F5854/shared/luna_pinyin.dict.yaml[1 file(s)] (179667845)
I20261001 00:29:38.311596 0x16dfcf000 dict_compiler.cc:128] /Users/doubleshy0n/Library/Developer/CoreSimulator/Devices/405D994F-28CB-4F89-BB22-B64AD81C05A2/data/Containers/Data/Application/7D0B2F85-7CBC-4F34-9B83-A135091C275B/tmp/rime-builtin-runtime-581C56EF-37F2-44A9-BE17-BFB5FE9F5854/user/build/luna_pinyin.schema.yaml (3631448970)
I20261001 00:29:38.311670 0x16dfcf000 reverse_lookup_dictionary.cc:33] loading reversedb: /Users/doubleshy0n/Library/Developer/CoreSimulator/Devices/405D994F-28CB-4F89-BB22-B64AD81C05A2/data/Containers/Data/Application/7D0B2F85-7CBC-4F34-9B83-A135091C275B/tmp/rime-builtin-runtime-581C56EF-37F2-44A9-BE17-BFB5FE9F5854/shared/build/luna_pinyin.reverse.bin
I20261001 00:29:38.311767 0x16dfcf000 dict_compiler.cc:299] building prism...
I20261001 00:29:38.311790 0x16dfcf000 table.cc:270] loading table file: /Users/doubleshy0n/Library/Developer/CoreSimulator/Devices/405D994F-28CB-4F89-BB22-B64AD81C05A2/data/Containers/Data/Application/7D0B2F85-7CBC-4F34-9B83-A135091C275B/tmp/rime-builtin-runtime-581C56EF-37F2-44A9-BE17-BFB5FE9F5854/shared/build/luna_pinyin.table.bin
I20261001 00:29:38.312150 0x16dfcf000 config_data.cc:73] loading config file '/Users/doubleshy0n/Library/Developer/CoreSimulator/Devices/405D994F-28CB-4F89-BB22-B64AD81C05A2/data/Containers/Data/Application/7D0B2F85-7CBC-4F34-9B83-A135091C275B/tmp/rime-builtin-runtime-581C56EF-37F2-44A9-BE17-BFB5FE9F5854/user/build/luna_pinyin.schema.yaml'.
I20261001 00:29:38.322651 0x16dfcf000 mapped_file.cc:59] creating file '/Users/doubleshy0n/Library/Developer/CoreSimulator/Devices/405D994F-28CB-4F89-BB22-B64AD81C05A2/data/Containers/Data/Application/7D0B2F85-7CBC-4F34-9B83-A135091C275B/tmp/rime-builtin-runtime-581C56EF-37F2-44A9-BE17-BFB5FE9F5854/user/build/luna_pinyin.prism.bin'.
I20261001 00:29:38.322910 0x16dfcf000 mapped_file.cc:70] opening file for read/write access.
I20261001 00:29:38.323414 0x16dfcf000 prism.cc:132] saving prism file: /Users/doubleshy0n/Library/Developer/CoreSimulator/Devices/405D994F-28CB-4F89-BB22-B64AD81C05A2/data/Containers/Data/Application/7D0B2F85-7CBC-4F34-9B83-A135091C275B/tmp/rime-builtin-runtime-581C56EF-37F2-44A9-BE17-BFB5FE9F5854/user/build/luna_pinyin.prism.bin
I20261001 00:29:38.323443 0x16dfcf000 mapped_file.cc:118] shrinking file to fit data size. capacity: 72580
I20261001 00:29:38.323465 0x16dfcf000 mapped_file.cc:129] resize file to: 41816
I20261001 00:29:38.323738 0x16dfcf000 deployment_tasks.cc:379] dictionary 'luna_pinyin' is ready.
I20261001 00:29:38.324134 0x16dfcf000 config_data.cc:73] loading config file '/Users/doubleshy0n/Library/Developer/CoreSimulator/Devices/405D994F-28CB-4F89-BB22-B64AD81C05A2/data/Containers/Data/Application/7D0B2F85-7CBC-4F34-9B83-A135091C275B/tmp/rime-builtin-runtime-581C56EF-37F2-44A9-BE17-BFB5FE9F5854/user/build/luna_pinyin.schema.yaml'.
I20261001 00:29:38.329305 0x16dfcf000 deployment_tasks.cc:199] schema: stroke
I20261001 00:29:38.329534 0x16dfcf000 config_data.cc:73] loading config file '/Users/doubleshy0n/Library/Developer/CoreSimulator/Devices/405D994F-28CB-4F89-BB22-B64AD81C05A2/data/Containers/Data/Application/7D0B2F85-7CBC-4F34-9B83-A135091C275B/tmp/rime-builtin-runtime-581C56EF-37F2-44A9-BE17-BFB5FE9F5854/shared/stroke.schema.yaml'.
W20261001 00:29:38.330037 0x16dfcf000 config_data.cc:70] nonexistent config file '/Users/doubleshy0n/Library/Developer/CoreSimulator/Devices/405D994F-28CB-4F89-BB22-B64AD81C05A2/data/Containers/Data/Application/7D0B2F85-7CBC-4F34-9B83-A135091C275B/tmp/rime-builtin-runtime-581C56EF-37F2-44A9-BE17-BFB5FE9F5854/user/build/stroke.schema.yaml'.
I20261001 00:29:38.330073 0x16dfcf000 deployment_tasks.cc:396] missing build info
I20261001 00:29:38.330152 0x16dfcf000 config_data.cc:73] loading config file '/Users/doubleshy0n/Library/Developer/CoreSimulator/Devices/405D994F-28CB-4F89-BB22-B64AD81C05A2/data/Containers/Data/Application/7D0B2F85-7CBC-4F34-9B83-A135091C275B/tmp/rime-builtin-runtime-581C56EF-37F2-44A9-BE17-BFB5FE9F5854/shared/stroke.schema.yaml'.
I20261001 00:29:38.330559 0x16dfcf000 auto_patch_config_plugin.cc:29] auto-patch stroke.schema:/__patch: stroke.custom:/patch?
I20261001 00:29:38.330623 0x16dfcf000 config_compiler.cc:426] optional resource not loaded: stroke.custom
I20261001 00:29:38.330642 0x16dfcf000 config_compiler.cc:537] resolved: Patch(stroke.custom:patch <optional>)
I20261001 00:29:38.330699 0x16dfcf000 config_data.cc:73] loading config file '/Users/doubleshy0n/Library/Developer/CoreSimulator/Devices/405D994F-28CB-4F89-BB22-B64AD81C05A2/data/Containers/Data/Application/7D0B2F85-7CBC-4F34-9B83-A135091C275B/tmp/rime-builtin-runtime-581C56EF-37F2-44A9-BE17-BFB5FE9F5854/shared/default.yaml'.
I20261001 00:29:38.330951 0x16dfcf000 auto_patch_config_plugin.cc:29] auto-patch default:/__patch: default.custom:/patch?
I20261001 00:29:38.331007 0x16dfcf000 config_data.cc:73] loading config file '/Users/doubleshy0n/Library/Developer/CoreSimulator/Devices/405D994F-28CB-4F89-BB22-B64AD81C05A2/data/Containers/Data/Application/7D0B2F85-7CBC-4F34-9B83-A135091C275B/tmp/rime-builtin-runtime-581C56EF-37F2-44A9-BE17-BFB5FE9F5854/shared/punctuation.yaml'.
I20261001 00:29:38.331412 0x16dfcf000 auto_patch_config_plugin.cc:29] auto-patch punctuation:/__patch: punctuation.custom:/patch?
I20261001 00:29:38.331465 0x16dfcf000 config_compiler.cc:426] optional resource not loaded: punctuation.custom
I20261001 00:29:38.331485 0x16dfcf000 config_compiler.cc:537] resolved: Patch(punctuation.custom:patch <optional>)
I20261001 00:29:38.331507 0x16dfcf000 config_compiler.cc:537] resolved: Include(punctuation:/full_shape)
I20261001 00:29:38.331523 0x16dfcf000 config_compiler.cc:537] resolved: PendingChild(default:/punctuator/full_shape)
I20261001 00:29:38.331540 0x16dfcf000 config_compiler.cc:537] resolved: Include(punctuation:/half_shape)
I20261001 00:29:38.331553 0x16dfcf000 config_compiler.cc:537] resolved: PendingChild(default:/punctuator/half_shape)
I20261001 00:29:38.331566 0x16dfcf000 config_compiler.cc:537] resolved: PendingChild(default:/punctuator)
I20261001 00:29:38.331617 0x16dfcf000 config_data.cc:73] loading config file '/Users/doubleshy0n/Library/Developer/CoreSimulator/Devices/405D994F-28CB-4F89-BB22-B64AD81C05A2/data/Containers/Data/Application/7D0B2F85-7CBC-4F34-9B83-A135091C275B/tmp/rime-builtin-runtime-581C56EF-37F2-44A9-BE17-BFB5FE9F5854/shared/key_bindings.yaml'.
I20261001 00:29:38.332084 0x16dfcf000 auto_patch_config_plugin.cc:29] auto-patch key_bindings:/__patch: key_bindings.custom:/patch?
I20261001 00:29:38.332139 0x16dfcf000 config_compiler.cc:426] optional resource not loaded: key_bindings.custom
I20261001 00:29:38.332160 0x16dfcf000 config_compiler.cc:537] resolved: Patch(key_bindings.custom:patch <optional>)
I20261001 00:29:38.332176 0x16dfcf000 config_compiler.cc:214] patching __append
I20261001 00:29:38.332193 0x16dfcf000 config_compiler.cc:537] resolved: Patch(key_bindings:/emacs_editing)
I20261001 00:29:38.332210 0x16dfcf000 config_compiler.cc:214] patching __append
I20261001 00:29:38.332224 0x16dfcf000 config_compiler.cc:537] resolved: Patch(key_bindings:/paging_with_minus_equal)
I20261001 00:29:38.332240 0x16dfcf000 config_compiler.cc:214] patching __append
I20261001 00:29:38.332254 0x16dfcf000 config_compiler.cc:537] resolved: Patch(key_bindings:/paging_with_comma_period)
I20261001 00:29:38.332268 0x16dfcf000 config_compiler.cc:214] patching __append
I20261001 00:29:38.332289 0x16dfcf000 config_compiler.cc:537] resolved: Patch(key_bindings:/numbered_mode_switch)
I20261001 00:29:38.332304 0x16dfcf000 config_compiler.cc:537] resolved: PendingChild(default:/key_binder/bindings)
I20261001 00:29:38.332651 0x16dfcf000 config_compiler.cc:537] resolved: PendingChild(default:/key_binder)
I20261001 00:29:38.332674 0x16dfcf000 config_compiler.cc:537] resolved: Include(key_bindings:/rotate_candidate_with_tab)
I20261001 00:29:38.332697 0x16dfcf000 config_compiler.cc:537] resolved: PendingChild(default:/selector/__patch/bindings)
I20261001 00:29:38.332717 0x16dfcf000 config_compiler.cc:537] resolved: Include(key_bindings:/rotate_candidate_with_tab)
I20261001 00:29:38.332736 0x16dfcf000 config_compiler.cc:537] resolved: PendingChild(default:/selector/__patch/linear/bindings)
I20261001 00:29:38.332757 0x16dfcf000 config_compiler.cc:537] resolved: Include(key_bindings:/rotate_candidate_with_tab)
I20261001 00:29:38.332774 0x16dfcf000 config_compiler.cc:537] resolved: PendingChild(default:/selector/__patch/vertical/bindings)
I20261001 00:29:38.332793 0x16dfcf000 config_compiler.cc:537] resolved: Include(key_bindings:/rotate_candidate_with_tab)
I20261001 00:29:38.332993 0x16dfcf000 config_compiler.cc:537] resolved: PendingChild(default:/selector/__patch/vertical/linear/bindings)
I20261001 00:29:38.333015 0x16dfcf000 config_compiler.cc:537] resolved: PendingChild(default:/selector/__patch)
I20261001 00:29:38.333031 0x16dfcf000 config_compiler.cc:214] patching bindings
I20261001 00:29:38.333049 0x16dfcf000 config_compiler.cc:214] patching linear/bindings
I20261001 00:29:38.333068 0x16dfcf000 config_compiler.cc:214] patching vertical/bindings
I20261001 00:29:38.333086 0x16dfcf000 config_compiler.cc:214] patching vertical/linear/bindings
I20261001 00:29:38.333107 0x16dfcf000 config_compiler.cc:537] resolved: Patch(<literal>)
I20261001 00:29:38.333124 0x16dfcf000 config_compiler.cc:537] resolved: PendingChild(default:/selector)
I20261001 00:29:38.333165 0x16dfcf000 config_data.cc:73] loading config file '/Users/doubleshy0n/Library/Developer/CoreSimulator/Devices/405D994F-28CB-4F89-BB22-B64AD81C05A2/data/Containers/Data/Application/7D0B2F85-7CBC-4F34-9B83-A135091C275B/tmp/rime-builtin-runtime-581C56EF-37F2-44A9-BE17-BFB5FE9F5854/user/default.custom.yaml'.
I20261001 00:29:38.333417 0x16dfcf000 config_compiler.cc:214] patching schema_list
I20261001 00:29:38.333440 0x16dfcf000 config_compiler.cc:537] resolved: Patch(default.custom:patch <optional>)
I20261001 00:29:38.333466 0x16dfcf000 legacy_preset_config_plugin.cc:26] interpreting key_binder/import_preset: default
I20261001 00:29:38.333495 0x16dfcf000 legacy_preset_config_plugin.cc:52] interpreting punctuator/import_preset: default
I20261001 00:29:38.333523 0x16dfcf000 legacy_preset_config_plugin.cc:65] interpreting recognizer/import_preset: default
I20261001 00:29:38.333583 0x16dfcf000 build_info_plugin.cc:27] resource 'key_bindings.custom' not loaded.
I20261001 00:29:38.333617 0x16dfcf000 build_info_plugin.cc:27] resource 'punctuation.custom' not loaded.
I20261001 00:29:38.333638 0x16dfcf000 build_info_plugin.cc:27] resource 'stroke.custom' not loaded.
I20261001 00:29:38.333671 0x16dfcf000 config_data.cc:92] saving config file '/Users/doubleshy0n/Library/Developer/CoreSimulator/Devices/405D994F-28CB-4F89-BB22-B64AD81C05A2/data/Containers/Data/Application/7D0B2F85-7CBC-4F34-9B83-A135091C275B/tmp/rime-builtin-runtime-581C56EF-37F2-44A9-BE17-BFB5FE9F5854/user/build/stroke.schema.yaml'.
I20261001 00:29:38.335518 0x16dfcf000 config_data.cc:73] loading config file '/Users/doubleshy0n/Library/Developer/CoreSimulator/Devices/405D994F-28CB-4F89-BB22-B64AD81C05A2/data/Containers/Data/Application/7D0B2F85-7CBC-4F34-9B83-A135091C275B/tmp/rime-builtin-runtime-581C56EF-37F2-44A9-BE17-BFB5FE9F5854/user/build/stroke.schema.yaml'.
I20261001 00:29:38.336449 0x16dfcf000 deployment_tasks.cc:362] preparing dictionary 'stroke'.
I20261001 00:29:38.336506 0x16dfcf000 dict_compiler.cc:81] compiling dictionary for /Users/doubleshy0n/Library/Developer/CoreSimulator/Devices/405D994F-28CB-4F89-BB22-B64AD81C05A2/data/Containers/Data/Application/7D0B2F85-7CBC-4F34-9B83-A135091C275B/tmp/rime-builtin-runtime-581C56EF-37F2-44A9-BE17-BFB5FE9F5854/user/build/stroke.schema.yaml
I20261001 00:29:38.362721 0x16dfcf000 table.cc:270] loading table file: /Users/doubleshy0n/Library/Developer/CoreSimulator/Devices/405D994F-28CB-4F89-BB22-B64AD81C05A2/data/Containers/Data/Application/7D0B2F85-7CBC-4F34-9B83-A135091C275B/tmp/rime-builtin-runtime-581C56EF-37F2-44A9-BE17-BFB5FE9F5854/shared/build/stroke.table.bin
I20261001 00:29:38.362891 0x16dfcf000 prism.cc:83] loading prism file: /Users/doubleshy0n/Library/Developer/CoreSimulator/Devices/405D994F-28CB-4F89-BB22-B64AD81C05A2/data/Containers/Data/Application/7D0B2F85-7CBC-4F34-9B83-A135091C275B/tmp/rime-builtin-runtime-581C56EF-37F2-44A9-BE17-BFB5FE9F5854/shared/build/stroke.prism.bin
I20261001 00:29:38.362974 0x16dfcf000 prism.cc:121] found double array image of size 875264.
I20261001 00:29:38.363002 0x16dfcf000 dict_compiler.cc:126] /Users/doubleshy0n/Library/Developer/CoreSimulator/Devices/405D994F-28CB-4F89-BB22-B64AD81C05A2/data/Containers/Data/Application/7D0B2F85-7CBC-4F34-9B83-A135091C275B/tmp/rime-builtin-runtime-581C56EF-37F2-44A9-BE17-BFB5FE9F5854/shared/stroke.dict.yaml[1 file(s)] (1673701102)
I20261001 00:29:38.363024 0x16dfcf000 dict_compiler.cc:128] /Users/doubleshy0n/Library/Developer/CoreSimulator/Devices/405D994F-28CB-4F89-BB22-B64AD81C05A2/data/Containers/Data/Application/7D0B2F85-7CBC-4F34-9B83-A135091C275B/tmp/rime-builtin-runtime-581C56EF-37F2-44A9-BE17-BFB5FE9F5854/user/build/stroke.schema.yaml (1298831655)
I20261001 00:29:38.363226 0x16dfcf000 reverse_lookup_dictionary.cc:33] loading reversedb: /Users/doubleshy0n/Library/Developer/CoreSimulator/Devices/405D994F-28CB-4F89-BB22-B64AD81C05A2/data/Containers/Data/Application/7D0B2F85-7CBC-4F34-9B83-A135091C275B/tmp/rime-builtin-runtime-581C56EF-37F2-44A9-BE17-BFB5FE9F5854/shared/build/stroke.reverse.bin
I20261001 00:29:38.363327 0x16dfcf000 dict_compiler.cc:299] building prism...
I20261001 00:29:38.363351 0x16dfcf000 table.cc:270] loading table file: /Users/doubleshy0n/Library/Developer/CoreSimulator/Devices/405D994F-28CB-4F89-BB22-B64AD81C05A2/data/Containers/Data/Application/7D0B2F85-7CBC-4F34-9B83-A135091C275B/tmp/rime-builtin-runtime-581C56EF-37F2-44A9-BE17-BFB5FE9F5854/shared/build/stroke.table.bin
I20261001 00:29:38.463926 0x16dfcf000 config_data.cc:73] loading config file '/Users/doubleshy0n/Library/Developer/CoreSimulator/Devices/405D994F-28CB-4F89-BB22-B64AD81C05A2/data/Containers/Data/Application/7D0B2F85-7CBC-4F34-9B83-A135091C275B/tmp/rime-builtin-runtime-581C56EF-37F2-44A9-BE17-BFB5FE9F5854/user/build/stroke.schema.yaml'.
I20261001 00:29:38.653783 0x16dfcf000 mapped_file.cc:59] creating file '/Users/doubleshy0n/Library/Developer/CoreSimulator/Devices/405D994F-28CB-4F89-BB22-B64AD81C05A2/data/Containers/Data/Application/7D0B2F85-7CBC-4F34-9B83-A135091C275B/tmp/rime-builtin-runtime-581C56EF-37F2-44A9-BE17-BFB5FE9F5854/user/build/stroke.prism.bin'.
I20261001 00:29:38.654359 0x16dfcf000 mapped_file.cc:70] opening file for read/write access.
I20261001 00:29:38.668958 0x16dfcf000 prism.cc:132] saving prism file: /Users/doubleshy0n/Library/Developer/CoreSimulator/Devices/405D994F-28CB-4F89-BB22-B64AD81C05A2/data/Containers/Data/Application/7D0B2F85-7CBC-4F34-9B83-A135091C275B/tmp/rime-builtin-runtime-581C56EF-37F2-44A9-BE17-BFB5FE9F5854/user/build/stroke.prism.bin
I20261001 00:29:38.669035 0x16dfcf000 mapped_file.cc:118] shrinking file to fit data size. capacity: 5386068
I20261001 00:29:38.669067 0x16dfcf000 mapped_file.cc:129] resize file to: 3501372
I20261001 00:29:38.672872 0x16dfcf000 deployment_tasks.cc:379] dictionary 'stroke' is ready.
I20261001 00:29:38.673218 0x16dfcf000 deployment_tasks.cc:247] finished updating schemas: 2 success, 0 failure.
W20261001 00:29:38.673290 0x16dfcf000 config_data.cc:70] nonexistent config file '/Users/doubleshy0n/Library/Developer/CoreSimulator/Devices/405D994F-28CB-4F89-BB22-B64AD81C05A2/data/Containers/Data/Application/7D0B2F85-7CBC-4F34-9B83-A135091C275B/tmp/rime-builtin-runtime-581C56EF-37F2-44A9-BE17-BFB5FE9F5854/user/user.yaml'.
I20261001 00:29:38.673324 0x16dfcf000 config_data.cc:202] write: var/last_build_time
I20261001 00:29:38.673352 0x16dfcf000 config_data.cc:92] saving config file '/Users/doubleshy0n/Library/Developer/CoreSimulator/Devices/405D994F-28CB-4F89-BB22-B64AD81C05A2/data/Containers/Data/Application/7D0B2F85-7CBC-4F34-9B83-A135091C275B/tmp/rime-builtin-runtime-581C56EF-37F2-44A9-BE17-BFB5FE9F5854/user/user.yaml'.
I20261001 00:29:38.673648 0x16dfcf000 deployment_tasks.cc:589] clean up trash.
I20261001 00:29:38.673840 0x16dfcf000 deployer.cc:97] 3 tasks ran: 3 success, 0 failure.
2026-10-01 00:29:38.699823+0800 Universe Keyboard[12320:34535392] [RIME] claiming process runtime on non-main thread
2026-10-01 00:29:38.699969+0800 Universe Keyboard[12320:34535392] [RIME] keyboard setup: modules=core+dict+gears+lua+octagram luaCompiledIn=YES luaModuleRegisteredBeforeSetup=YES octagramCompiledIn=YES octagramRegisteredBeforeSetup=YES
W20261001 00:29:38.700026 0x16dbfb000 setup.cc:91] Glog is already initialized.
I20261001 00:29:38.700903 0x16dbfb000 registry.cc:14] registering component: lua_translator
I20261001 00:29:38.700933 0x16dbfb000 registry.cc:14] registering component: lua_filter
I20261001 00:29:38.700958 0x16dbfb000 registry.cc:14] registering component: lua_segmentor
I20261001 00:29:38.700984 0x16dbfb000 registry.cc:14] registering component: lua_processor
I20261001 00:29:38.701018 0x16dbfb000 grammar_module.cc:15] registering components from module 'grammar'.
I20261001 00:29:38.701058 0x16dbfb000 registry.cc:14] registering component: grammar
2026-10-01 00:29:38.701111+0800 Universe Keyboard[12320:34535392] [RIME] keyboard setup complete: luaModuleRegisteredAfterSetup=YES luaComponents=lua_processor=true+lua_translator=true+lua_filter=true+lua_segmentor=true octagramRegistered=YES grammarComponent=true
2026-10-01 00:29:38.701165+0800 Universe Keyboard[12320:34535392] [RIME] claiming process runtime on non-main thread
I20261001 00:29:38.701212 0x16dbfb000 core_module.cc:20] registering core components.
I20261001 00:29:38.701237 0x16dbfb000 registry.cc:14] registering component: config_builder
I20261001 00:29:38.701259 0x16dbfb000 registry.cc:14] registering component: config
I20261001 00:29:38.701281 0x16dbfb000 registry.cc:14] registering component: schema
I20261001 00:29:38.701305 0x16dbfb000 registry.cc:14] registering component: user_config
I20261001 00:29:38.701325 0x16dbfb000 dict_module.cc:25] registering components from module 'dict'.
I20261001 00:29:38.701349 0x16dbfb000 registry.cc:14] registering component: tabledb
I20261001 00:29:38.701374 0x16dbfb000 registry.cc:14] registering component: stabledb
I20261001 00:29:38.701396 0x16dbfb000 registry.cc:14] registering component: plain_userdb
I20261001 00:29:38.701415 0x16dbfb000 registry.cc:14] registering component: userdb
I20261001 00:29:38.701432 0x16dbfb000 registry.cc:14] registering component: corrector
I20261001 00:29:38.701452 0x16dbfb000 registry.cc:14] registering component: dictionary
I20261001 00:29:38.701471 0x16dbfb000 registry.cc:14] registering component: reverse_lookup_dictionary
I20261001 00:29:38.701495 0x16dbfb000 registry.cc:14] registering component: user_dictionary
I20261001 00:29:38.701527 0x16dbfb000 registry.cc:14] registering component: userdb_recovery_task
I20261001 00:29:38.701548 0x16dbfb000 gears_module.cc:42] registering components from module 'gears'.
I20261001 00:29:38.701567 0x16dbfb000 registry.cc:14] registering component: ascii_composer
I20261001 00:29:38.701587 0x16dbfb000 registry.cc:14] registering component: chord_composer
I20261001 00:29:38.701608 0x16dbfb000 registry.cc:14] registering component: express_editor
I20261001 00:29:38.701629 0x16dbfb000 registry.cc:14] registering component: fluid_editor
I20261001 00:29:38.701645 0x16dbfb000 registry.cc:14] registering component: fluency_editor
I20261001 00:29:38.701665 0x16dbfb000 registry.cc:14] registering component: key_binder
I20261001 00:29:38.701685 0x16dbfb000 registry.cc:14] registering component: navigator
I20261001 00:29:38.701704 0x16dbfb000 registry.cc:14] registering component: punctuator
I20261001 00:29:38.701725 0x16dbfb000 registry.cc:14] registering component: recognizer
I20261001 00:29:38.701746 0x16dbfb000 registry.cc:14] registering component: selector
I20261001 00:29:38.701766 0x16dbfb000 registry.cc:14] registering component: speller
I20261001 00:29:38.701782 0x16dbfb000 registry.cc:14] registering component: shape_processor
I20261001 00:29:38.701801 0x16dbfb000 registry.cc:14] registering component: abc_segmentor
I20261001 00:29:38.701818 0x16dbfb000 registry.cc:14] registering component: affix_segmentor
I20261001 00:29:38.701836 0x16dbfb000 registry.cc:14] registering component: ascii_segmentor
I20261001 00:29:38.701857 0x16dbfb000 registry.cc:14] registering component: matcher
I20261001 00:29:38.701878 0x16dbfb000 registry.cc:14] registering component: punct_segmentor
I20261001 00:29:38.701898 0x16dbfb000 registry.cc:14] registering component: fallback_segmentor
I20261001 00:29:38.701915 0x16dbfb000 registry.cc:14] registering component: echo_translator
I20261001 00:29:38.701936 0x16dbfb000 registry.cc:14] registering component: punct_translator
I20261001 00:29:38.701957 0x16dbfb000 registry.cc:14] registering component: table_translator
I20261001 00:29:38.701982 0x16dbfb000 registry.cc:14] registering component: script_translator
I20261001 00:29:38.702006 0x16dbfb000 registry.cc:14] registering component: r10n_translator
I20261001 00:29:38.702027 0x16dbfb000 registry.cc:14] registering component: reverse_lookup_translator
I20261001 00:29:38.702047 0x16dbfb000 registry.cc:14] registering component: schema_list_translator
I20261001 00:29:38.702066 0x16dbfb000 registry.cc:14] registering component: switch_translator
I20261001 00:29:38.702089 0x16dbfb000 registry.cc:14] registering component: history_translator
I20261001 00:29:38.702107 0x16dbfb000 registry.cc:14] registering component: simplifier
I20261001 00:29:38.702126 0x16dbfb000 registry.cc:14] registering component: uniquifier
I20261001 00:29:38.702146 0x16dbfb000 registry.cc:14] registering component: charset_filter
I20261001 00:29:38.702167 0x16dbfb000 registry.cc:14] registering component: cjk_minifier
I20261001 00:29:38.702182 0x16dbfb000 registry.cc:14] registering component: reverse_lookup_filter
I20261001 00:29:38.702203 0x16dbfb000 registry.cc:14] registering component: single_char_filter
I20261001 00:29:38.702224 0x16dbfb000 registry.cc:14] registering component: shape_formatter
2026-10-01 00:29:38.702257+0800 Universe Keyboard[12320:34535392] [RIME] keyboard initialize complete: luaModuleRegisteredAfterInitialize=YES luaComponents=lua_processor=true+lua_translator=true+lua_filter=true+lua_segmentor=true
I20261001 00:29:38.702344 0x16dbfb000 config_data.cc:73] loading config file '/Users/doubleshy0n/Library/Developer/CoreSimulator/Devices/405D994F-28CB-4F89-BB22-B64AD81C05A2/data/Containers/Data/Application/7D0B2F85-7CBC-4F34-9B83-A135091C275B/tmp/rime-builtin-runtime-581C56EF-37F2-44A9-BE17-BFB5FE9F5854/user/build/default.yaml'.
I20261001 00:29:38.703071 0x16dbfb000 engine.cc:72] starting engine.
I20261001 00:29:38.703124 0x16dbfb000 config_data.cc:73] loading config file '/Users/doubleshy0n/Library/Developer/CoreSimulator/Devices/405D994F-28CB-4F89-BB22-B64AD81C05A2/data/Containers/Data/Application/7D0B2F85-7CBC-4F34-9B83-A135091C275B/tmp/rime-builtin-runtime-581C56EF-37F2-44A9-BE17-BFB5FE9F5854/user/user.yaml'.
I20261001 00:29:38.703376 0x16dbfb000 config_data.cc:73] loading config file '/Users/doubleshy0n/Library/Developer/CoreSimulator/Devices/405D994F-28CB-4F89-BB22-B64AD81C05A2/data/Containers/Data/Application/7D0B2F85-7CBC-4F34-9B83-A135091C275B/tmp/rime-builtin-runtime-581C56EF-37F2-44A9-BE17-BFB5FE9F5854/user/build/luna_pinyin.schema.yaml'.
I20261001 00:29:38.707802 0x16dbfb000 engine.cc:133] updated option: _auto_commit
I20261001 00:29:38.707976 0x16dbfb000 table_db.cc:73] stabledb 'custom_phrase' does not exist.
I20261001 00:29:38.708104 0x16dbfb000 dictionary.cc:380] loading dictionary 'luna_pinyin'.
I20261001 00:29:38.708127 0x16dbfb000 table.cc:270] loading table file: /Users/doubleshy0n/Library/Developer/CoreSimulator/Devices/405D994F-28CB-4F89-BB22-B64AD81C05A2/data/Containers/Data/Application/7D0B2F85-7CBC-4F34-9B83-A135091C275B/tmp/rime-builtin-runtime-581C56EF-37F2-44A9-BE17-BFB5FE9F5854/shared/build/luna_pinyin.table.bin
I20261001 00:29:38.708248 0x16dbfb000 prism.cc:83] loading prism file: /Users/doubleshy0n/Library/Developer/CoreSimulator/Devices/405D994F-28CB-4F89-BB22-B64AD81C05A2/data/Containers/Data/Application/7D0B2F85-7CBC-4F34-9B83-A135091C275B/tmp/rime-builtin-runtime-581C56EF-37F2-44A9-BE17-BFB5FE9F5854/user/build/luna_pinyin.prism.bin
I20261001 00:29:38.708330 0x16dbfb000 prism.cc:121] found double array image of size 2048.
I20261001 00:29:38.708470 0x16dbfb000 engine.cc:377] ConcreteEngine::InitializeOptions
I20261001 00:29:38.708497 0x16dbfb000 engine.cc:382] found switch option: ascii_mode, reset: 0
I20261001 00:29:38.708523 0x16dbfb000 engine.cc:133] updated option: ascii_mode
I20261001 00:29:38.708546 0x16dbfb000 engine.cc:382] found switch option: full_shape, reset: -1
I20261001 00:29:38.708573 0x16dbfb000 engine.cc:382] found switch option: zh_hant, reset: 1
I20261001 00:29:38.708594 0x16dbfb000 engine.cc:133] updated option: zh_hant
I20261001 00:29:38.708611 0x16dbfb000 engine.cc:382] found switch option: zh_hans, reset: 1
I20261001 00:29:38.708636 0x16dbfb000 engine.cc:133] updated option: zh_hans
I20261001 00:29:38.708663 0x16dbfb000 engine.cc:382] found switch option: zh_hant_hk, reset: 1
I20261001 00:29:38.708681 0x16dbfb000 engine.cc:133] updated option: zh_hant_hk
I20261001 00:29:38.708704 0x16dbfb000 engine.cc:382] found switch option: zh_hant_tw, reset: 1
I20261001 00:29:38.708726 0x16dbfb000 engine.cc:133] updated option: zh_hant_tw
I20261001 00:29:38.708747 0x16dbfb000 engine.cc:382] found switch option: ascii_punct, reset: -1
2026-10-01 00:29:38.708775+0800 Universe Keyboard[12320:34535392] [RIME] createSession: sessionId=4855514584
I20261001 00:29:38.709097 0x16dbfb000 engine.cc:133] updated option: _auto_commit
I20261001 00:29:38.709181 0x16dbfb000 table_db.cc:73] stabledb 'custom_phrase' does not exist.
I20261001 00:29:38.709264 0x16dbfb000 dictionary.cc:380] loading dictionary 'luna_pinyin'.
I20261001 00:29:38.709285 0x16dbfb000 table.cc:270] loading table file: /Users/doubleshy0n/Library/Developer/CoreSimulator/Devices/405D994F-28CB-4F89-BB22-B64AD81C05A2/data/Containers/Data/Application/7D0B2F85-7CBC-4F34-9B83-A135091C275B/tmp/rime-builtin-runtime-581C56EF-37F2-44A9-BE17-BFB5FE9F5854/shared/build/luna_pinyin.table.bin
I20261001 00:29:38.709374 0x16dbfb000 prism.cc:83] loading prism file: /Users/doubleshy0n/Library/Developer/CoreSimulator/Devices/405D994F-28CB-4F89-BB22-B64AD81C05A2/data/Containers/Data/Application/7D0B2F85-7CBC-4F34-9B83-A135091C275B/tmp/rime-builtin-runtime-581C56EF-37F2-44A9-BE17-BFB5FE9F5854/user/build/luna_pinyin.prism.bin
I20261001 00:29:38.709448 0x16dbfb000 prism.cc:121] found double array image of size 2048.
I20261001 00:29:38.709585 0x16dbfb000 engine.cc:377] ConcreteEngine::InitializeOptions
I20261001 00:29:38.709610 0x16dbfb000 engine.cc:382] found switch option: ascii_mode, reset: 0
I20261001 00:29:38.709630 0x16dbfb000 engine.cc:133] updated option: ascii_mode
I20261001 00:29:38.709649 0x16dbfb000 engine.cc:382] found switch option: full_shape, reset: -1
I20261001 00:29:38.709669 0x16dbfb000 engine.cc:382] found switch option: zh_hant, reset: 1
I20261001 00:29:38.709690 0x16dbfb000 engine.cc:133] updated option: zh_hant
I20261001 00:29:38.709713 0x16dbfb000 engine.cc:382] found switch option: zh_hans, reset: 1
I20261001 00:29:38.709732 0x16dbfb000 engine.cc:133] updated option: zh_hans
I20261001 00:29:38.709751 0x16dbfb000 engine.cc:382] found switch option: zh_hant_hk, reset: 1
I20261001 00:29:38.709771 0x16dbfb000 engine.cc:133] updated option: zh_hant_hk
I20261001 00:29:38.709794 0x16dbfb000 engine.cc:382] found switch option: zh_hant_tw, reset: 1
I20261001 00:29:38.709811 0x16dbfb000 engine.cc:133] updated option: zh_hant_tw
I20261001 00:29:38.709828 0x16dbfb000 engine.cc:382] found switch option: ascii_punct, reset: -1
I20261001 00:29:38.709847 0x16dbfb000 config_data.cc:202] write: var/previously_selected_schema
I20261001 00:29:38.709874 0x16dbfb000 config_data.cc:202] write: var/schema_access_time/luna_pinyin
I20261001 00:29:38.709895 0x16dbfb000 config_data.cc:92] saving config file '/Users/doubleshy0n/Library/Developer/CoreSimulator/Devices/405D994F-28CB-4F89-BB22-B64AD81C05A2/data/Containers/Data/Application/7D0B2F85-7CBC-4F34-9B83-A135091C275B/tmp/rime-builtin-runtime-581C56EF-37F2-44A9-BE17-BFB5FE9F5854/user/user.yaml'.
I20261001 00:29:38.716813 0x16dbfb000 dictionary.cc:380] loading dictionary 'stroke'.
I20261001 00:29:38.716861 0x16dbfb000 table.cc:270] loading table file: /Users/doubleshy0n/Library/Developer/CoreSimulator/Devices/405D994F-28CB-4F89-BB22-B64AD81C05A2/data/Containers/Data/Application/7D0B2F85-7CBC-4F34-9B83-A135091C275B/tmp/rime-builtin-runtime-581C56EF-37F2-44A9-BE17-BFB5FE9F5854/shared/build/stroke.table.bin
I20261001 00:29:38.716975 0x16dbfb000 prism.cc:83] loading prism file: /Users/doubleshy0n/Library/Developer/CoreSimulator/Devices/405D994F-28CB-4F89-BB22-B64AD81C05A2/data/Containers/Data/Application/7D0B2F85-7CBC-4F34-9B83-A135091C275B/tmp/rime-builtin-runtime-581C56EF-37F2-44A9-BE17-BFB5FE9F5854/user/build/stroke.prism.bin
I20261001 00:29:38.717062 0x16dbfb000 prism.cc:121] found double array image of size 875264.
I20261001 00:29:38.717160 0x16dbfb000 reverse_lookup_dictionary.cc:33] loading reversedb: /Users/doubleshy0n/Library/Developer/CoreSimulator/Devices/405D994F-28CB-4F89-BB22-B64AD81C05A2/data/Containers/Data/Application/7D0B2F85-7CBC-4F34-9B83-A135091C275B/tmp/rime-builtin-runtime-581C56EF-37F2-44A9-BE17-BFB5FE9F5854/shared/build/luna_pinyin.reverse.bin
I20261001 00:29:38.718129 0x16dbfb000 engine.cc:96] engine disposed.
2026-10-01 00:29:38.718923+0800 Universe Keyboard[12320:34534778] [RIME] claiming process runtime on main thread
2026-10-01 00:29:38.718985+0800 Universe Keyboard[12320:34534778] [RIME] keyboard setup: modules=core+dict+gears+lua+octagram luaCompiledIn=YES luaModuleRegisteredBeforeSetup=YES octagramCompiledIn=YES octagramRegisteredBeforeSetup=YES
W20261001 00:29:38.719039 0x10269de40 setup.cc:91] Glog is already initialized.
I20261001 00:29:38.719840 0x10269de40 registry.cc:14] registering component: lua_translator
I20261001 00:29:38.719884 0x10269de40 registry.cc:14] registering component: lua_filter
I20261001 00:29:38.719909 0x10269de40 registry.cc:14] registering component: lua_segmentor
I20261001 00:29:38.719934 0x10269de40 registry.cc:14] registering component: lua_processor
I20261001 00:29:38.719955 0x10269de40 grammar_module.cc:15] registering components from module 'grammar'.
I20261001 00:29:38.719983 0x10269de40 registry.cc:14] registering component: grammar
2026-10-01 00:29:38.720021+0800 Universe Keyboard[12320:34534778] [RIME] keyboard setup complete: luaModuleRegisteredAfterSetup=YES luaComponents=lua_processor=true+lua_translator=true+lua_filter=true+lua_segmentor=true octagramRegistered=YES grammarComponent=true
2026-10-01 00:29:38.720069+0800 Universe Keyboard[12320:34534778] [RIME] claiming process runtime on main thread
I20261001 00:29:38.720116 0x10269de40 core_module.cc:20] registering core components.
I20261001 00:29:38.720144 0x10269de40 registry.cc:14] registering component: config_builder
I20261001 00:29:38.720190 0x10269de40 registry.cc:14] registering component: config
I20261001 00:29:38.720231 0x10269de40 registry.cc:14] registering component: schema
I20261001 00:29:38.720320 0x10269de40 registry.cc:14] registering component: user_config
I20261001 00:29:38.720361 0x10269de40 dict_module.cc:25] registering components from module 'dict'.
I20261001 00:29:38.720401 0x10269de40 registry.cc:14] registering component: tabledb
I20261001 00:29:38.720448 0x10269de40 registry.cc:14] registering component: stabledb
I20261001 00:29:38.720479 0x10269de40 registry.cc:14] registering component: plain_userdb
I20261001 00:29:38.720503 0x10269de40 registry.cc:14] registering component: userdb
I20261001 00:29:38.720537 0x10269de40 registry.cc:14] registering component: corrector
I20261001 00:29:38.720556 0x10269de40 registry.cc:14] registering component: dictionary
I20261001 00:29:38.720578 0x10269de40 registry.cc:14] registering component: reverse_lookup_dictionary
I20261001 00:29:38.720605 0x10269de40 registry.cc:14] registering component: user_dictionary
I20261001 00:29:38.720647 0x10269de40 registry.cc:14] registering component: userdb_recovery_task
I20261001 00:29:38.720680 0x10269de40 gears_module.cc:42] registering components from module 'gears'.
I20261001 00:29:38.720725 0x10269de40 registry.cc:14] registering component: ascii_composer
I20261001 00:29:38.720758 0x10269de40 registry.cc:14] registering component: chord_composer
I20261001 00:29:38.720781 0x10269de40 registry.cc:14] registering component: express_editor
I20261001 00:29:38.720806 0x10269de40 registry.cc:14] registering component: fluid_editor
I20261001 00:29:38.720830 0x10269de40 registry.cc:14] registering component: fluency_editor
I20261001 00:29:38.720859 0x10269de40 registry.cc:14] registering component: key_binder
I20261001 00:29:38.720891 0x10269de40 registry.cc:14] registering component: navigator
I20261001 00:29:38.720929 0x10269de40 registry.cc:14] registering component: punctuator
I20261001 00:29:38.720961 0x10269de40 registry.cc:14] registering component: recognizer
I20261001 00:29:38.720994 0x10269de40 registry.cc:14] registering component: selector
I20261001 00:29:38.721039 0x10269de40 registry.cc:14] registering component: speller
I20261001 00:29:38.721074 0x10269de40 registry.cc:14] registering component: shape_processor
I20261001 00:29:38.721116 0x10269de40 registry.cc:14] registering component: abc_segmentor
I20261001 00:29:38.721155 0x10269de40 registry.cc:14] registering component: affix_segmentor
I20261001 00:29:38.721189 0x10269de40 registry.cc:14] registering component: ascii_segmentor
I20261001 00:29:38.721215 0x10269de40 registry.cc:14] registering component: matcher
I20261001 00:29:38.721242 0x10269de40 registry.cc:14] registering component: punct_segmentor
I20261001 00:29:38.721274 0x10269de40 registry.cc:14] registering component: fallback_segmentor
I20261001 00:29:38.721303 0x10269de40 registry.cc:14] registering component: echo_translator
I20261001 00:29:38.721326 0x10269de40 registry.cc:14] registering component: punct_translator
I20261001 00:29:38.721349 0x10269de40 registry.cc:14] registering component: table_translator
I20261001 00:29:38.721374 0x10269de40 registry.cc:14] registering component: script_translator
I20261001 00:29:38.721392 0x10269de40 registry.cc:14] registering component: r10n_translator
I20261001 00:29:38.721412 0x10269de40 registry.cc:14] registering component: reverse_lookup_translator
I20261001 00:29:38.721451 0x10269de40 registry.cc:14] registering component: schema_list_translator
I20261001 00:29:38.721480 0x10269de40 registry.cc:14] registering component: switch_translator
I20261001 00:29:38.721511 0x10269de40 registry.cc:14] registering component: history_translator
I20261001 00:29:38.721544 0x10269de40 registry.cc:14] registering component: simplifier
I20261001 00:29:38.721599 0x10269de40 registry.cc:14] registering component: uniquifier
I20261001 00:29:38.721641 0x10269de40 registry.cc:14] registering component: charset_filter
I20261001 00:29:38.721668 0x10269de40 registry.cc:14] registering component: cjk_minifier
I20261001 00:29:38.721693 0x10269de40 registry.cc:14] registering component: reverse_lookup_filter
I20261001 00:29:38.721737 0x10269de40 registry.cc:14] registering component: single_char_filter
I20261001 00:29:38.721784 0x10269de40 registry.cc:14] registering component: shape_formatter
2026-10-01 00:29:38.721843+0800 Universe Keyboard[12320:34534778] [RIME] keyboard initialize complete: luaModuleRegisteredAfterInitialize=YES luaComponents=lua_processor=true+lua_translator=true+lua_filter=true+lua_segmentor=true
I20261001 00:29:38.721974 0x10269de40 config_data.cc:73] loading config file '/Users/doubleshy0n/Library/Developer/CoreSimulator/Devices/405D994F-28CB-4F89-BB22-B64AD81C05A2/data/Containers/Data/Application/7D0B2F85-7CBC-4F34-9B83-A135091C275B/tmp/rime-builtin-runtime-581C56EF-37F2-44A9-BE17-BFB5FE9F5854/user/build/default.yaml'.
I20261001 00:29:38.722729 0x10269de40 engine.cc:72] starting engine.
I20261001 00:29:38.722807 0x10269de40 config_data.cc:73] loading config file '/Users/doubleshy0n/Library/Developer/CoreSimulator/Devices/405D994F-28CB-4F89-BB22-B64AD81C05A2/data/Containers/Data/Application/7D0B2F85-7CBC-4F34-9B83-A135091C275B/tmp/rime-builtin-runtime-581C56EF-37F2-44A9-BE17-BFB5FE9F5854/user/user.yaml'.
I20261001 00:29:38.723082 0x10269de40 config_data.cc:73] loading config file '/Users/doubleshy0n/Library/Developer/CoreSimulator/Devices/405D994F-28CB-4F89-BB22-B64AD81C05A2/data/Containers/Data/Application/7D0B2F85-7CBC-4F34-9B83-A135091C275B/tmp/rime-builtin-runtime-581C56EF-37F2-44A9-BE17-BFB5FE9F5854/user/build/luna_pinyin.schema.yaml'.
I20261001 00:29:38.727370 0x10269de40 engine.cc:133] updated option: _auto_commit
I20261001 00:29:38.727510 0x10269de40 table_db.cc:73] stabledb 'custom_phrase' does not exist.
I20261001 00:29:38.727606 0x10269de40 dictionary.cc:380] loading dictionary 'luna_pinyin'.
I20261001 00:29:38.727629 0x10269de40 table.cc:270] loading table file: /Users/doubleshy0n/Library/Developer/CoreSimulator/Devices/405D994F-28CB-4F89-BB22-B64AD81C05A2/data/Containers/Data/Application/7D0B2F85-7CBC-4F34-9B83-A135091C275B/tmp/rime-builtin-runtime-581C56EF-37F2-44A9-BE17-BFB5FE9F5854/shared/build/luna_pinyin.table.bin
I20261001 00:29:38.727745 0x10269de40 prism.cc:83] loading prism file: /Users/doubleshy0n/Library/Developer/CoreSimulator/Devices/405D994F-28CB-4F89-BB22-B64AD81C05A2/data/Containers/Data/Application/7D0B2F85-7CBC-4F34-9B83-A135091C275B/tmp/rime-builtin-runtime-581C56EF-37F2-44A9-BE17-BFB5FE9F5854/user/build/luna_pinyin.prism.bin
I20261001 00:29:38.727826 0x10269de40 prism.cc:121] found double array image of size 2048.
I20261001 00:29:38.727956 0x10269de40 engine.cc:377] ConcreteEngine::InitializeOptions
I20261001 00:29:38.727984 0x10269de40 engine.cc:382] found switch option: ascii_mode, reset: 0
I20261001 00:29:38.728007 0x10269de40 engine.cc:133] updated option: ascii_mode
I20261001 00:29:38.728030 0x10269de40 engine.cc:382] found switch option: full_shape, reset: -1
I20261001 00:29:38.728053 0x10269de40 engine.cc:382] found switch option: zh_hant, reset: 1
I20261001 00:29:38.728079 0x10269de40 engine.cc:133] updated option: zh_hant
I20261001 00:29:38.728101 0x10269de40 engine.cc:382] found switch option: zh_hans, reset: 1
I20261001 00:29:38.728126 0x10269de40 engine.cc:133] updated option: zh_hans
I20261001 00:29:38.728149 0x10269de40 engine.cc:382] found switch option: zh_hant_hk, reset: 1
I20261001 00:29:38.728171 0x10269de40 engine.cc:133] updated option: zh_hant_hk
I20261001 00:29:38.728191 0x10269de40 engine.cc:382] found switch option: zh_hant_tw, reset: 1
I20261001 00:29:38.728208 0x10269de40 engine.cc:133] updated option: zh_hant_tw
I20261001 00:29:38.728229 0x10269de40 engine.cc:382] found switch option: ascii_punct, reset: -1
2026-10-01 00:29:38.728259+0800 Universe Keyboard[12320:34534778] [RIME] createSession: sessionId=5051074136
I20261001 00:29:38.728545 0x10269de40 engine.cc:133] updated option: _auto_commit
I20261001 00:29:38.728634 0x10269de40 table_db.cc:73] stabledb 'custom_phrase' does not exist.
I20261001 00:29:38.728710 0x10269de40 dictionary.cc:380] loading dictionary 'luna_pinyin'.
I20261001 00:29:38.728732 0x10269de40 table.cc:270] loading table file: /Users/doubleshy0n/Library/Developer/CoreSimulator/Devices/405D994F-28CB-4F89-BB22-B64AD81C05A2/data/Containers/Data/Application/7D0B2F85-7CBC-4F34-9B83-A135091C275B/tmp/rime-builtin-runtime-581C56EF-37F2-44A9-BE17-BFB5FE9F5854/shared/build/luna_pinyin.table.bin
I20261001 00:29:38.728816 0x10269de40 prism.cc:83] loading prism file: /Users/doubleshy0n/Library/Developer/CoreSimulator/Devices/405D994F-28CB-4F89-BB22-B64AD81C05A2/data/Containers/Data/Application/7D0B2F85-7CBC-4F34-9B83-A135091C275B/tmp/rime-builtin-runtime-581C56EF-37F2-44A9-BE17-BFB5FE9F5854/user/build/luna_pinyin.prism.bin
I20261001 00:29:38.728887 0x10269de40 prism.cc:121] found double array image of size 2048.
I20261001 00:29:38.729006 0x10269de40 engine.cc:377] ConcreteEngine::InitializeOptions
I20261001 00:29:38.729025 0x10269de40 engine.cc:382] found switch option: ascii_mode, reset: 0
I20261001 00:29:38.729046 0x10269de40 engine.cc:133] updated option: ascii_mode
I20261001 00:29:38.729063 0x10269de40 engine.cc:382] found switch option: full_shape, reset: -1
I20261001 00:29:38.729078 0x10269de40 engine.cc:382] found switch option: zh_hant, reset: 1
I20261001 00:29:38.729093 0x10269de40 engine.cc:133] updated option: zh_hant
I20261001 00:29:38.729106 0x10269de40 engine.cc:382] found switch option: zh_hans, reset: 1
I20261001 00:29:38.729119 0x10269de40 engine.cc:133] updated option: zh_hans
I20261001 00:29:38.729135 0x10269de40 engine.cc:382] found switch option: zh_hant_hk, reset: 1
I20261001 00:29:38.729151 0x10269de40 engine.cc:133] updated option: zh_hant_hk
I20261001 00:29:38.729165 0x10269de40 engine.cc:382] found switch option: zh_hant_tw, reset: 1
I20261001 00:29:38.729180 0x10269de40 engine.cc:133] updated option: zh_hant_tw
I20261001 00:29:38.729196 0x10269de40 engine.cc:382] found switch option: ascii_punct, reset: -1
I20261001 00:29:38.729210 0x10269de40 config_data.cc:202] write: var/previously_selected_schema
I20261001 00:29:38.729228 0x10269de40 config_data.cc:202] write: var/schema_access_time/luna_pinyin
I20261001 00:29:38.729244 0x10269de40 config_data.cc:92] saving config file '/Users/doubleshy0n/Library/Developer/CoreSimulator/Devices/405D994F-28CB-4F89-BB22-B64AD81C05A2/data/Containers/Data/Application/7D0B2F85-7CBC-4F34-9B83-A135091C275B/tmp/rime-builtin-runtime-581C56EF-37F2-44A9-BE17-BFB5FE9F5854/user/user.yaml'.
I20261001 00:29:38.734868 0x10269de40 dictionary.cc:380] loading dictionary 'stroke'.
I20261001 00:29:38.734910 0x10269de40 table.cc:270] loading table file: /Users/doubleshy0n/Library/Developer/CoreSimulator/Devices/405D994F-28CB-4F89-BB22-B64AD81C05A2/data/Containers/Data/Application/7D0B2F85-7CBC-4F34-9B83-A135091C275B/tmp/rime-builtin-runtime-581C56EF-37F2-44A9-BE17-BFB5FE9F5854/shared/build/stroke.table.bin
I20261001 00:29:38.735013 0x10269de40 prism.cc:83] loading prism file: /Users/doubleshy0n/Library/Developer/CoreSimulator/Devices/405D994F-28CB-4F89-BB22-B64AD81C05A2/data/Containers/Data/Application/7D0B2F85-7CBC-4F34-9B83-A135091C275B/tmp/rime-builtin-runtime-581C56EF-37F2-44A9-BE17-BFB5FE9F5854/user/build/stroke.prism.bin
I20261001 00:29:38.735077 0x10269de40 prism.cc:121] found double array image of size 875264.
I20261001 00:29:38.735123 0x10269de40 reverse_lookup_dictionary.cc:33] loading reversedb: /Users/doubleshy0n/Library/Developer/CoreSimulator/Devices/405D994F-28CB-4F89-BB22-B64AD81C05A2/data/Containers/Data/Application/7D0B2F85-7CBC-4F34-9B83-A135091C275B/tmp/rime-builtin-runtime-581C56EF-37F2-44A9-BE17-BFB5FE9F5854/shared/build/luna_pinyin.reverse.bin
I20261001 00:29:38.735865 0x10269de40 engine.cc:96] engine disposed.
2026-10-01 00:29:38.983002+0800 Universe Keyboard[12320:34535583] [RIME] deploy setup: modules=core+dict+gears+lua+octagram luaCompiledIn=YES luaModuleRegisteredBeforeSetup=YES octagramCompiledIn=YES octagramRegisteredBeforeSetup=YES
W20261001 00:29:38.983129 0x16dd9f000 setup.cc:91] Glog is already initialized.
I20261001 00:29:38.984019 0x16dd9f000 registry.cc:14] registering component: lua_translator
I20261001 00:29:38.984081 0x16dd9f000 registry.cc:14] registering component: lua_filter
I20261001 00:29:38.984134 0x16dd9f000 registry.cc:14] registering component: lua_segmentor
I20261001 00:29:38.984163 0x16dd9f000 registry.cc:14] registering component: lua_processor
I20261001 00:29:38.984195 0x16dd9f000 grammar_module.cc:15] registering components from module 'grammar'.
I20261001 00:29:38.984239 0x16dd9f000 registry.cc:14] registering component: grammar
2026-10-01 00:29:38.984466+0800 Universe Keyboard[12320:34535583] [RIME] deploy setup complete: luaComponents=lua_processor=true+lua_translator=true+lua_filter=true+lua_segmentor=true grammarComponent=true
I20261001 00:29:38.985315 0x16dd9f000 core_module.cc:20] registering core components.
I20261001 00:29:38.985364 0x16dd9f000 registry.cc:14] registering component: config_builder
I20261001 00:29:38.985396 0x16dd9f000 registry.cc:14] registering component: config
I20261001 00:29:38.985423 0x16dd9f000 registry.cc:14] registering component: schema
I20261001 00:29:38.985445 0x16dd9f000 registry.cc:14] registering component: user_config
I20261001 00:29:38.985467 0x16dd9f000 dict_module.cc:25] registering components from module 'dict'.
I20261001 00:29:38.985486 0x16dd9f000 registry.cc:14] registering component: tabledb
I20261001 00:29:38.985514 0x16dd9f000 registry.cc:14] registering component: stabledb
I20261001 00:29:38.985539 0x16dd9f000 registry.cc:14] registering component: plain_userdb
I20261001 00:29:38.985559 0x16dd9f000 registry.cc:14] registering component: userdb
I20261001 00:29:38.985579 0x16dd9f000 registry.cc:14] registering component: corrector
I20261001 00:29:38.985602 0x16dd9f000 registry.cc:14] registering component: dictionary
I20261001 00:29:38.987268 0x16dd9f000 registry.cc:14] registering component: reverse_lookup_dictionary
I20261001 00:29:38.987300 0x16dd9f000 registry.cc:14] registering component: user_dictionary
I20261001 00:29:38.987327 0x16dd9f000 registry.cc:14] registering component: userdb_recovery_task
I20261001 00:29:38.987345 0x16dd9f000 gears_module.cc:42] registering components from module 'gears'.
I20261001 00:29:38.987359 0x16dd9f000 registry.cc:14] registering component: ascii_composer
I20261001 00:29:38.987373 0x16dd9f000 registry.cc:14] registering component: chord_composer
I20261001 00:29:38.987388 0x16dd9f000 registry.cc:14] registering component: express_editor
I20261001 00:29:38.987408 0x16dd9f000 registry.cc:14] registering component: fluid_editor
I20261001 00:29:38.987425 0x16dd9f000 registry.cc:14] registering component: fluency_editor
I20261001 00:29:38.987441 0x16dd9f000 registry.cc:14] registering component: key_binder
I20261001 00:29:38.987455 0x16dd9f000 registry.cc:14] registering component: navigator
I20261001 00:29:38.987615 0x16dd9f000 registry.cc:14] registering component: punctuator
I20261001 00:29:38.987656 0x16dd9f000 registry.cc:14] registering component: recognizer
I20261001 00:29:38.987695 0x16dd9f000 registry.cc:14] registering component: selector
I20261001 00:29:38.987720 0x16dd9f000 registry.cc:14] registering component: speller
I20261001 00:29:38.987743 0x16dd9f000 registry.cc:14] registering component: shape_processor
I20261001 00:29:38.987764 0x16dd9f000 registry.cc:14] registering component: abc_segmentor
I20261001 00:29:38.987784 0x16dd9f000 registry.cc:14] registering component: affix_segmentor
I20261001 00:29:38.987807 0x16dd9f000 registry.cc:14] registering component: ascii_segmentor
I20261001 00:29:38.987826 0x16dd9f000 registry.cc:14] registering component: matcher
I20261001 00:29:38.987843 0x16dd9f000 registry.cc:14] registering component: punct_segmentor
I20261001 00:29:38.987857 0x16dd9f000 registry.cc:14] registering component: fallback_segmentor
I20261001 00:29:38.988099 0x16dd9f000 registry.cc:14] registering component: echo_translator
I20261001 00:29:38.988121 0x16dd9f000 registry.cc:14] registering component: punct_translator
I20261001 00:29:38.988139 0x16dd9f000 registry.cc:14] registering component: table_translator
I20261001 00:29:38.988155 0x16dd9f000 registry.cc:14] registering component: script_translator
I20261001 00:29:38.988173 0x16dd9f000 registry.cc:14] registering component: r10n_translator
I20261001 00:29:38.988187 0x16dd9f000 registry.cc:14] registering component: reverse_lookup_translator
I20261001 00:29:38.988205 0x16dd9f000 registry.cc:14] registering component: schema_list_translator
I20261001 00:29:38.988223 0x16dd9f000 registry.cc:14] registering component: switch_translator
I20261001 00:29:38.988238 0x16dd9f000 registry.cc:14] registering component: history_translator
I20261001 00:29:38.988253 0x16dd9f000 registry.cc:14] registering component: simplifier
I20261001 00:29:38.988271 0x16dd9f000 registry.cc:14] registering component: uniquifier
I20261001 00:29:38.988332 0x16dd9f000 registry.cc:14] registering component: charset_filter
I20261001 00:29:38.988350 0x16dd9f000 registry.cc:14] registering component: cjk_minifier
I20261001 00:29:38.988365 0x16dd9f000 registry.cc:14] registering component: reverse_lookup_filter
I20261001 00:29:38.988384 0x16dd9f000 registry.cc:14] registering component: single_char_filter
I20261001 00:29:38.988406 0x16dd9f000 registry.cc:14] registering component: shape_formatter
2026-10-01 00:29:38.988460+0800 Universe Keyboard[12320:34535583] [RIME] deploy initialized: luaModuleRegisteredAfterInitialize=YES luaComponents=lua_processor=true+lua_translator=true+lua_filter=true+lua_segmentor=true octagramRegistered=YES grammarComponent=true
I20261001 00:29:38.988569 0x16dd9f000 levers_module.cc:16] registering components from module 'levers'.
I20261001 00:29:38.988597 0x16dd9f000 registry.cc:14] registering component: detect_modifications
I20261001 00:29:38.988621 0x16dd9f000 registry.cc:14] registering component: installation_update
I20261001 00:29:38.988644 0x16dd9f000 registry.cc:14] registering component: workspace_update
I20261001 00:29:38.988666 0x16dd9f000 registry.cc:14] registering component: schema_update
I20261001 00:29:38.988687 0x16dd9f000 registry.cc:14] registering component: config_file_update
I20261001 00:29:38.988709 0x16dd9f000 registry.cc:14] registering component: prebuild_all_schemas
I20261001 00:29:38.988732 0x16dd9f000 registry.cc:14] registering component: user_dict_upgrade
I20261001 00:29:38.988761 0x16dd9f000 registry.cc:14] registering component: cleanup_trash
I20261001 00:29:38.988803 0x16dd9f000 registry.cc:14] registering component: user_dict_sync
I20261001 00:29:38.988828 0x16dd9f000 registry.cc:14] registering component: backup_config_files
I20261001 00:29:38.988846 0x16dd9f000 registry.cc:14] registering component: clean_old_log_files
I20261001 00:29:38.988941 0x16dd9f000 deployment_tasks.cc:83] updating rime installation info.
W20261001 00:29:38.988987 0x16dd9f000 config_data.cc:70] nonexistent config file '/Users/doubleshy0n/Library/Developer/CoreSimulator/Devices/405D994F-28CB-4F89-BB22-B64AD81C05A2/data/Containers/Data/Application/7D0B2F85-7CBC-4F34-9B83-A135091C275B/tmp/rime-builtin-runtime-3740E9CE-5782-429C-9FFB-E8E325985DF1/user/installation.yaml'.
I20261001 00:29:38.989009 0x16dd9f000 deployment_tasks.cc:133] creating installation info.
I20261001 00:29:38.989073 0x16dd9f000 deployment_tasks.cc:140] generated installation id: 3ddc276c-d6a8-49c6-b253-29c24660cfbc
I20261001 00:29:38.989094 0x16dd9f000 config_data.cc:202] write: installation_id
I20261001 00:29:38.989122 0x16dd9f000 config_data.cc:202] write: install_time
I20261001 00:29:38.989148 0x16dd9f000 config_data.cc:202] write: distribution_name
I20261001 00:29:38.989170 0x16dd9f000 deployment_tasks.cc:150] distribution: UniverseKeyboard
I20261001 00:29:38.989188 0x16dd9f000 config_data.cc:202] write: distribution_code_name
I20261001 00:29:38.989209 0x16dd9f000 deployment_tasks.cc:155] distribution code name: UniverseKeyboard
I20261001 00:29:38.989229 0x16dd9f000 config_data.cc:202] write: distribution_version
I20261001 00:29:38.989251 0x16dd9f000 deployment_tasks.cc:159] distribution version: 1.0.0
I20261001 00:29:38.989272 0x16dd9f000 config_data.cc:202] write: rime_version
I20261001 00:29:38.989291 0x16dd9f000 deployment_tasks.cc:162] Rime version: 1.16.1
I20261001 00:29:38.989313 0x16dd9f000 config_data.cc:92] saving config file '/Users/doubleshy0n/Library/Developer/CoreSimulator/Devices/405D994F-28CB-4F89-BB22-B64AD81C05A2/data/Containers/Data/Application/7D0B2F85-7CBC-4F34-9B83-A135091C275B/tmp/rime-builtin-runtime-3740E9CE-5782-429C-9FFB-E8E325985DF1/user/installation.yaml'.
I20261001 00:29:38.989576 0x16dd9f000 deployer.cc:119] starting work thread for 3 tasks.
I20261001 00:29:38.989658 0x16dfcf000 deployer.cc:80] running deployment tasks:
I20261001 00:29:38.989693 0x16dfcf000 deployment_tasks.cc:167] updating workspace.
W20261001 00:29:38.989770 0x16dfcf000 config_data.cc:70] nonexistent config file '/Users/doubleshy0n/Library/Developer/CoreSimulator/Devices/405D994F-28CB-4F89-BB22-B64AD81C05A2/data/Containers/Data/Application/7D0B2F85-7CBC-4F34-9B83-A135091C275B/tmp/rime-builtin-runtime-3740E9CE-5782-429C-9FFB-E8E325985DF1/user/build/default.yaml'.
I20261001 00:29:38.989802 0x16dfcf000 deployment_tasks.cc:396] missing build info
I20261001 00:29:38.989998 0x16dfcf000 config_data.cc:73] loading config file '/Users/doubleshy0n/Library/Developer/CoreSimulator/Devices/405D994F-28CB-4F89-BB22-B64AD81C05A2/data/Containers/Data/Application/7D0B2F85-7CBC-4F34-9B83-A135091C275B/tmp/rime-builtin-runtime-3740E9CE-5782-429C-9FFB-E8E325985DF1/shared/default.yaml'.
I20261001 00:29:38.990397 0x16dfcf000 auto_patch_config_plugin.cc:29] auto-patch default:/__patch: default.custom:/patch?
I20261001 00:29:38.990469 0x16dfcf000 config_data.cc:73] loading config file '/Users/doubleshy0n/Library/Developer/CoreSimulator/Devices/405D994F-28CB-4F89-BB22-B64AD81C05A2/data/Containers/Data/Application/7D0B2F85-7CBC-4F34-9B83-A135091C275B/tmp/rime-builtin-runtime-3740E9CE-5782-429C-9FFB-E8E325985DF1/shared/punctuation.yaml'.
I20261001 00:29:38.991299 0x16dfcf000 auto_patch_config_plugin.cc:29] auto-patch punctuation:/__patch: punctuation.custom:/patch?
I20261001 00:29:38.991373 0x16dfcf000 config_compiler.cc:426] optional resource not loaded: punctuation.custom
I20261001 00:29:38.991404 0x16dfcf000 config_compiler.cc:537] resolved: Patch(punctuation.custom:patch <optional>)
I20261001 00:29:38.991444 0x16dfcf000 config_compiler.cc:537] resolved: Include(punctuation:/full_shape)
I20261001 00:29:38.991479 0x16dfcf000 config_compiler.cc:537] resolved: PendingChild(default:/punctuator/full_shape)
I20261001 00:29:38.991516 0x16dfcf000 config_compiler.cc:537] resolved: Include(punctuation:/half_shape)
I20261001 00:29:38.991545 0x16dfcf000 config_compiler.cc:537] resolved: PendingChild(default:/punctuator/half_shape)
I20261001 00:29:38.991591 0x16dfcf000 config_compiler.cc:537] resolved: PendingChild(default:/punctuator)
I20261001 00:29:38.991667 0x16dfcf000 config_data.cc:73] loading config file '/Users/doubleshy0n/Library/Developer/CoreSimulator/Devices/405D994F-28CB-4F89-BB22-B64AD81C05A2/data/Containers/Data/Application/7D0B2F85-7CBC-4F34-9B83-A135091C275B/tmp/rime-builtin-runtime-3740E9CE-5782-429C-9FFB-E8E325985DF1/shared/key_bindings.yaml'.
I20261001 00:29:38.992252 0x16dfcf000 auto_patch_config_plugin.cc:29] auto-patch key_bindings:/__patch: key_bindings.custom:/patch?
I20261001 00:29:38.992356 0x16dfcf000 config_compiler.cc:426] optional resource not loaded: key_bindings.custom
I20261001 00:29:38.992388 0x16dfcf000 config_compiler.cc:537] resolved: Patch(key_bindings.custom:patch <optional>)
I20261001 00:29:38.992413 0x16dfcf000 config_compiler.cc:214] patching __append
I20261001 00:29:38.992444 0x16dfcf000 config_compiler.cc:537] resolved: Patch(key_bindings:/emacs_editing)
I20261001 00:29:38.992467 0x16dfcf000 config_compiler.cc:214] patching __append
I20261001 00:29:38.992491 0x16dfcf000 config_compiler.cc:537] resolved: Patch(key_bindings:/paging_with_minus_equal)
I20261001 00:29:38.992514 0x16dfcf000 config_compiler.cc:214] patching __append
I20261001 00:29:38.992537 0x16dfcf000 config_compiler.cc:537] resolved: Patch(key_bindings:/paging_with_comma_period)
I20261001 00:29:38.992560 0x16dfcf000 config_compiler.cc:214] patching __append
I20261001 00:29:38.992583 0x16dfcf000 config_compiler.cc:537] resolved: Patch(key_bindings:/numbered_mode_switch)
I20261001 00:29:38.992609 0x16dfcf000 config_compiler.cc:537] resolved: PendingChild(default:/key_binder/bindings)
I20261001 00:29:38.992642 0x16dfcf000 config_compiler.cc:537] resolved: PendingChild(default:/key_binder)
I20261001 00:29:38.992672 0x16dfcf000 config_compiler.cc:537] resolved: Include(key_bindings:/rotate_candidate_with_tab)
I20261001 00:29:38.992697 0x16dfcf000 config_compiler.cc:537] resolved: PendingChild(default:/selector/__patch/bindings)
I20261001 00:29:38.992715 0x16dfcf000 config_compiler.cc:537] resolved: Include(key_bindings:/rotate_candidate_with_tab)
I20261001 00:29:38.992733 0x16dfcf000 config_compiler.cc:537] resolved: PendingChild(default:/selector/__patch/linear/bindings)
I20261001 00:29:38.992752 0x16dfcf000 config_compiler.cc:537] resolved: Include(key_bindings:/rotate_candidate_with_tab)
I20261001 00:29:38.992768 0x16dfcf000 config_compiler.cc:537] resolved: PendingChild(default:/selector/__patch/vertical/bindings)
I20261001 00:29:38.992787 0x16dfcf000 config_compiler.cc:537] resolved: Include(key_bindings:/rotate_candidate_with_tab)
I20261001 00:29:38.992807 0x16dfcf000 config_compiler.cc:537] resolved: PendingChild(default:/selector/__patch/vertical/linear/bindings)
I20261001 00:29:38.992824 0x16dfcf000 config_compiler.cc:537] resolved: PendingChild(default:/selector/__patch)
I20261001 00:29:38.992838 0x16dfcf000 config_compiler.cc:214] patching bindings
I20261001 00:29:38.992855 0x16dfcf000 config_compiler.cc:214] patching linear/bindings
I20261001 00:29:38.992876 0x16dfcf000 config_compiler.cc:214] patching vertical/bindings
I20261001 00:29:38.992895 0x16dfcf000 config_compiler.cc:214] patching vertical/linear/bindings
I20261001 00:29:38.992919 0x16dfcf000 config_compiler.cc:537] resolved: Patch(<literal>)
I20261001 00:29:38.992940 0x16dfcf000 config_compiler.cc:537] resolved: PendingChild(default:/selector)
I20261001 00:29:38.992989 0x16dfcf000 config_data.cc:73] loading config file '/Users/doubleshy0n/Library/Developer/CoreSimulator/Devices/405D994F-28CB-4F89-BB22-B64AD81C05A2/data/Containers/Data/Application/7D0B2F85-7CBC-4F34-9B83-A135091C275B/tmp/rime-builtin-runtime-3740E9CE-5782-429C-9FFB-E8E325985DF1/user/default.custom.yaml'.
I20261001 00:29:38.993075 0x16dfcf000 config_compiler.cc:214] patching schema_list
I20261001 00:29:38.993096 0x16dfcf000 config_compiler.cc:537] resolved: Patch(default.custom:patch <optional>)
I20261001 00:29:38.993155 0x16dfcf000 build_info_plugin.cc:27] resource 'key_bindings.custom' not loaded.
I20261001 00:29:38.993194 0x16dfcf000 build_info_plugin.cc:27] resource 'punctuation.custom' not loaded.
I20261001 00:29:38.993216 0x16dfcf000 config_data.cc:92] saving config file '/Users/doubleshy0n/Library/Developer/CoreSimulator/Devices/405D994F-28CB-4F89-BB22-B64AD81C05A2/data/Containers/Data/Application/7D0B2F85-7CBC-4F34-9B83-A135091C275B/tmp/rime-builtin-runtime-3740E9CE-5782-429C-9FFB-E8E325985DF1/user/build/default.yaml'.
I20261001 00:29:38.994069 0x16dfcf000 config_data.cc:73] loading config file '/Users/doubleshy0n/Library/Developer/CoreSimulator/Devices/405D994F-28CB-4F89-BB22-B64AD81C05A2/data/Containers/Data/Application/7D0B2F85-7CBC-4F34-9B83-A135091C275B/tmp/rime-builtin-runtime-3740E9CE-5782-429C-9FFB-E8E325985DF1/user/build/default.yaml'.
I20261001 00:29:38.994792 0x16dfcf000 deployment_tasks.cc:190] updating schemas.
I20261001 00:29:38.994815 0x16dfcf000 deployment_tasks.cc:199] schema: luna_pinyin
I20261001 00:29:38.994907 0x16dfcf000 config_data.cc:73] loading config file '/Users/doubleshy0n/Library/Developer/CoreSimulator/Devices/405D994F-28CB-4F89-BB22-B64AD81C05A2/data/Containers/Data/Application/7D0B2F85-7CBC-4F34-9B83-A135091C275B/tmp/rime-builtin-runtime-3740E9CE-5782-429C-9FFB-E8E325985DF1/shared/luna_pinyin.schema.yaml'.
W20261001 00:29:38.995353 0x16dfcf000 config_data.cc:70] nonexistent config file '/Users/doubleshy0n/Library/Developer/CoreSimulator/Devices/405D994F-28CB-4F89-BB22-B64AD81C05A2/data/Containers/Data/Application/7D0B2F85-7CBC-4F34-9B83-A135091C275B/tmp/rime-builtin-runtime-3740E9CE-5782-429C-9FFB-E8E325985DF1/user/build/luna_pinyin.schema.yaml'.
I20261001 00:29:38.995377 0x16dfcf000 deployment_tasks.cc:396] missing build info
I20261001 00:29:38.995449 0x16dfcf000 config_data.cc:73] loading config file '/Users/doubleshy0n/Library/Developer/CoreSimulator/Devices/405D994F-28CB-4F89-BB22-B64AD81C05A2/data/Containers/Data/Application/7D0B2F85-7CBC-4F34-9B83-A135091C275B/tmp/rime-builtin-runtime-3740E9CE-5782-429C-9FFB-E8E325985DF1/shared/luna_pinyin.schema.yaml'.
I20261001 00:29:38.995917 0x16dfcf000 config_data.cc:73] loading config file '/Users/doubleshy0n/Library/Developer/CoreSimulator/Devices/405D994F-28CB-4F89-BB22-B64AD81C05A2/data/Containers/Data/Application/7D0B2F85-7CBC-4F34-9B83-A135091C275B/tmp/rime-builtin-runtime-3740E9CE-5782-429C-9FFB-E8E325985DF1/shared/pinyin.yaml'.
I20261001 00:29:38.996329 0x16dfcf000 auto_patch_config_plugin.cc:29] auto-patch pinyin:/__patch: pinyin.custom:/patch?
I20261001 00:29:38.996405 0x16dfcf000 config_compiler.cc:426] optional resource not loaded: pinyin.custom
I20261001 00:29:38.996432 0x16dfcf000 config_compiler.cc:537] resolved: Patch(pinyin.custom:patch <optional>)
I20261001 00:29:38.996455 0x16dfcf000 config_compiler.cc:214] patching __append
I20261001 00:29:38.996488 0x16dfcf000 config_compiler.cc:537] resolved: Patch(pinyin:/abbreviation)
I20261001 00:29:38.996522 0x16dfcf000 config_compiler.cc:214] patching __append
I20261001 00:29:38.996554 0x16dfcf000 config_compiler.cc:537] resolved: Patch(pinyin:/spelling_correction)
I20261001 00:29:38.996591 0x16dfcf000 config_compiler.cc:214] patching __append
I20261001 00:29:38.996623 0x16dfcf000 config_compiler.cc:537] resolved: Patch(pinyin:/key_correction)
I20261001 00:29:38.996655 0x16dfcf000 config_compiler.cc:537] resolved: PendingChild(luna_pinyin.schema:/speller/algebra)
I20261001 00:29:38.996687 0x16dfcf000 config_compiler.cc:537] resolved: PendingChild(luna_pinyin.schema:/speller)
W20261001 00:29:38.996785 0x16dfcf000 config_data.cc:70] nonexistent config file '/Users/doubleshy0n/Library/Developer/CoreSimulator/Devices/405D994F-28CB-4F89-BB22-B64AD81C05A2/data/Containers/Data/Application/7D0B2F85-7CBC-4F34-9B83-A135091C275B/tmp/rime-builtin-runtime-3740E9CE-5782-429C-9FFB-E8E325985DF1/user/grammar.yaml'.
I20261001 00:29:38.996812 0x16dfcf000 auto_patch_config_plugin.cc:29] auto-patch grammar:/__patch: grammar.custom:/patch?
I20261001 00:29:38.996831 0x16dfcf000 config_compiler.cc:426] optional resource not loaded: grammar
I20261001 00:29:38.996846 0x16dfcf000 config_compiler.cc:537] resolved: Patch(grammar:/hant <optional>)
I20261001 00:29:38.996905 0x16dfcf000 config_data.cc:73] loading config file '/Users/doubleshy0n/Library/Developer/CoreSimulator/Devices/405D994F-28CB-4F89-BB22-B64AD81C05A2/data/Containers/Data/Application/7D0B2F85-7CBC-4F34-9B83-A135091C275B/tmp/rime-builtin-runtime-3740E9CE-5782-429C-9FFB-E8E325985DF1/user/luna_pinyin.custom.yaml'.
I20261001 00:29:38.997021 0x16dfcf000 config_compiler.cc:214] patching speller/algebra/+
I20261001 00:29:38.997058 0x16dfcf000 config_compiler.cc:214] patching switches/@2/reset
I20261001 00:29:38.997080 0x16dfcf000 config_compiler.cc:214] patching translator/enable_user_dict
I20261001 00:29:38.997116 0x16dfcf000 config_compiler.cc:537] resolved: Patch(luna_pinyin.custom:/patch <optional>)
I20261001 00:29:38.997196 0x16dfcf000 config_data.cc:73] loading config file '/Users/doubleshy0n/Library/Developer/CoreSimulator/Devices/405D994F-28CB-4F89-BB22-B64AD81C05A2/data/Containers/Data/Application/7D0B2F85-7CBC-4F34-9B83-A135091C275B/tmp/rime-builtin-runtime-3740E9CE-5782-429C-9FFB-E8E325985DF1/shared/default.yaml'.
I20261001 00:29:38.997462 0x16dfcf000 auto_patch_config_plugin.cc:29] auto-patch default:/__patch: default.custom:/patch?
I20261001 00:29:38.997532 0x16dfcf000 config_data.cc:73] loading config file '/Users/doubleshy0n/Library/Developer/CoreSimulator/Devices/405D994F-28CB-4F89-BB22-B64AD81C05A2/data/Containers/Data/Application/7D0B2F85-7CBC-4F34-9B83-A135091C275B/tmp/rime-builtin-runtime-3740E9CE-5782-429C-9FFB-E8E325985DF1/shared/punctuation.yaml'.
I20261001 00:29:38.997970 0x16dfcf000 auto_patch_config_plugin.cc:29] auto-patch punctuation:/__patch: punctuation.custom:/patch?
I20261001 00:29:38.998030 0x16dfcf000 config_compiler.cc:426] optional resource not loaded: punctuation.custom
I20261001 00:29:38.998059 0x16dfcf000 config_compiler.cc:537] resolved: Patch(punctuation.custom:patch <optional>)
I20261001 00:29:38.998093 0x16dfcf000 config_compiler.cc:537] resolved: Include(punctuation:/full_shape)
I20261001 00:29:38.998131 0x16dfcf000 config_compiler.cc:537] resolved: PendingChild(default:/punctuator/full_shape)
I20261001 00:29:38.998164 0x16dfcf000 config_compiler.cc:537] resolved: Include(punctuation:/half_shape)
I20261001 00:29:38.998194 0x16dfcf000 config_compiler.cc:537] resolved: PendingChild(default:/punctuator/half_shape)
I20261001 00:29:38.998222 0x16dfcf000 config_compiler.cc:537] resolved: PendingChild(default:/punctuator)
I20261001 00:29:38.998290 0x16dfcf000 config_data.cc:73] loading config file '/Users/doubleshy0n/Library/Developer/CoreSimulator/Devices/405D994F-28CB-4F89-BB22-B64AD81C05A2/data/Containers/Data/Application/7D0B2F85-7CBC-4F34-9B83-A135091C275B/tmp/rime-builtin-runtime-3740E9CE-5782-429C-9FFB-E8E325985DF1/shared/key_bindings.yaml'.
I20261001 00:29:38.998797 0x16dfcf000 auto_patch_config_plugin.cc:29] auto-patch key_bindings:/__patch: key_bindings.custom:/patch?
I20261001 00:29:38.998865 0x16dfcf000 config_compiler.cc:426] optional resource not loaded: key_bindings.custom
I20261001 00:29:38.998896 0x16dfcf000 config_compiler.cc:537] resolved: Patch(key_bindings.custom:patch <optional>)
I20261001 00:29:38.998923 0x16dfcf000 config_compiler.cc:214] patching __append
I20261001 00:29:38.998952 0x16dfcf000 config_compiler.cc:537] resolved: Patch(key_bindings:/emacs_editing)
I20261001 00:29:38.998986 0x16dfcf000 config_compiler.cc:214] patching __append
I20261001 00:29:38.999017 0x16dfcf000 config_compiler.cc:537] resolved: Patch(key_bindings:/paging_with_minus_equal)
I20261001 00:29:38.999053 0x16dfcf000 config_compiler.cc:214] patching __append
I20261001 00:29:38.999088 0x16dfcf000 config_compiler.cc:537] resolved: Patch(key_bindings:/paging_with_comma_period)
I20261001 00:29:38.999116 0x16dfcf000 config_compiler.cc:214] patching __append
I20261001 00:29:38.999150 0x16dfcf000 config_compiler.cc:537] resolved: Patch(key_bindings:/numbered_mode_switch)
I20261001 00:29:38.999180 0x16dfcf000 config_compiler.cc:537] resolved: PendingChild(default:/key_binder/bindings)
I20261001 00:29:38.999211 0x16dfcf000 config_compiler.cc:537] resolved: PendingChild(default:/key_binder)
I20261001 00:29:38.999247 0x16dfcf000 config_compiler.cc:537] resolved: Include(key_bindings:/rotate_candidate_with_tab)
I20261001 00:29:38.999279 0x16dfcf000 config_compiler.cc:537] resolved: PendingChild(default:/selector/__patch/bindings)
I20261001 00:29:38.999312 0x16dfcf000 config_compiler.cc:537] resolved: Include(key_bindings:/rotate_candidate_with_tab)
I20261001 00:29:38.999338 0x16dfcf000 config_compiler.cc:537] resolved: PendingChild(default:/selector/__patch/linear/bindings)
I20261001 00:29:38.999372 0x16dfcf000 config_compiler.cc:537] resolved: Include(key_bindings:/rotate_candidate_with_tab)
I20261001 00:29:38.999404 0x16dfcf000 config_compiler.cc:537] resolved: PendingChild(default:/selector/__patch/vertical/bindings)
I20261001 00:29:38.999441 0x16dfcf000 config_compiler.cc:537] resolved: Include(key_bindings:/rotate_candidate_with_tab)
I20261001 00:29:38.999472 0x16dfcf000 config_compiler.cc:537] resolved: PendingChild(default:/selector/__patch/vertical/linear/bindings)
I20261001 00:29:38.999505 0x16dfcf000 config_compiler.cc:537] resolved: PendingChild(default:/selector/__patch)
I20261001 00:29:38.999543 0x16dfcf000 config_compiler.cc:214] patching bindings
I20261001 00:29:38.999572 0x16dfcf000 config_compiler.cc:214] patching linear/bindings
I20261001 00:29:38.999600 0x16dfcf000 config_compiler.cc:214] patching vertical/bindings
I20261001 00:29:38.999624 0x16dfcf000 config_compiler.cc:214] patching vertical/linear/bindings
I20261001 00:29:38.999660 0x16dfcf000 config_compiler.cc:537] resolved: Patch(<literal>)
I20261001 00:29:38.999695 0x16dfcf000 config_compiler.cc:537] resolved: PendingChild(default:/selector)
I20261001 00:29:38.999755 0x16dfcf000 config_data.cc:73] loading config file '/Users/doubleshy0n/Library/Developer/CoreSimulator/Devices/405D994F-28CB-4F89-BB22-B64AD81C05A2/data/Containers/Data/Application/7D0B2F85-7CBC-4F34-9B83-A135091C275B/tmp/rime-builtin-runtime-3740E9CE-5782-429C-9FFB-E8E325985DF1/user/default.custom.yaml'.
I20261001 00:29:38.999840 0x16dfcf000 config_compiler.cc:214] patching schema_list
I20261001 00:29:38.999899 0x16dfcf000 config_compiler.cc:537] resolved: Patch(default.custom:patch <optional>)
I20261001 00:29:38.999934 0x16dfcf000 legacy_preset_config_plugin.cc:26] interpreting key_binder/import_preset: default
I20261001 00:29:38.999976 0x16dfcf000 legacy_preset_config_plugin.cc:52] interpreting punctuator/import_preset: symbols
I20261001 00:29:39.000057 0x16dfcf000 config_data.cc:73] loading config file '/Users/doubleshy0n/Library/Developer/CoreSimulator/Devices/405D994F-28CB-4F89-BB22-B64AD81C05A2/data/Containers/Data/Application/7D0B2F85-7CBC-4F34-9B83-A135091C275B/tmp/rime-builtin-runtime-3740E9CE-5782-429C-9FFB-E8E325985DF1/shared/symbols.yaml'.
I20261001 00:29:39.005530 0x16dfcf000 auto_patch_config_plugin.cc:29] auto-patch symbols:/__patch: symbols.custom:/patch?
I20261001 00:29:39.005700 0x16dfcf000 config_compiler.cc:426] optional resource not loaded: symbols.custom
I20261001 00:29:39.005726 0x16dfcf000 config_compiler.cc:537] resolved: Patch(symbols.custom:patch <optional>)
I20261001 00:29:39.005752 0x16dfcf000 legacy_preset_config_plugin.cc:65] interpreting recognizer/import_preset: default
I20261001 00:29:39.005806 0x16dfcf000 build_info_plugin.cc:27] resource 'grammar' not loaded.
I20261001 00:29:39.005838 0x16dfcf000 build_info_plugin.cc:27] resource 'key_bindings.custom' not loaded.
I20261001 00:29:39.005915 0x16dfcf000 build_info_plugin.cc:27] resource 'pinyin.custom' not loaded.
I20261001 00:29:39.005971 0x16dfcf000 build_info_plugin.cc:27] resource 'punctuation.custom' not loaded.
I20261001 00:29:39.006027 0x16dfcf000 build_info_plugin.cc:27] resource 'symbols.custom' not loaded.
I20261001 00:29:39.006064 0x16dfcf000 config_data.cc:92] saving config file '/Users/doubleshy0n/Library/Developer/CoreSimulator/Devices/405D994F-28CB-4F89-BB22-B64AD81C05A2/data/Containers/Data/Application/7D0B2F85-7CBC-4F34-9B83-A135091C275B/tmp/rime-builtin-runtime-3740E9CE-5782-429C-9FFB-E8E325985DF1/user/build/luna_pinyin.schema.yaml'.
I20261001 00:29:39.007927 0x16dfcf000 config_data.cc:73] loading config file '/Users/doubleshy0n/Library/Developer/CoreSimulator/Devices/405D994F-28CB-4F89-BB22-B64AD81C05A2/data/Containers/Data/Application/7D0B2F85-7CBC-4F34-9B83-A135091C275B/tmp/rime-builtin-runtime-3740E9CE-5782-429C-9FFB-E8E325985DF1/user/build/luna_pinyin.schema.yaml'.
I20261001 00:29:39.012083 0x16dfcf000 deployment_tasks.cc:362] preparing dictionary 'luna_pinyin'.
I20261001 00:29:39.012183 0x16dfcf000 dict_compiler.cc:81] compiling dictionary for /Users/doubleshy0n/Library/Developer/CoreSimulator/Devices/405D994F-28CB-4F89-BB22-B64AD81C05A2/data/Containers/Data/Application/7D0B2F85-7CBC-4F34-9B83-A135091C275B/tmp/rime-builtin-runtime-3740E9CE-5782-429C-9FFB-E8E325985DF1/user/build/luna_pinyin.schema.yaml
I20261001 00:29:39.032180 0x16dfcf000 table.cc:270] loading table file: /Users/doubleshy0n/Library/Developer/CoreSimulator/Devices/405D994F-28CB-4F89-BB22-B64AD81C05A2/data/Containers/Data/Application/7D0B2F85-7CBC-4F34-9B83-A135091C275B/tmp/rime-builtin-runtime-3740E9CE-5782-429C-9FFB-E8E325985DF1/shared/build/luna_pinyin.table.bin
I20261001 00:29:39.032364 0x16dfcf000 prism.cc:83] loading prism file: /Users/doubleshy0n/Library/Developer/CoreSimulator/Devices/405D994F-28CB-4F89-BB22-B64AD81C05A2/data/Containers/Data/Application/7D0B2F85-7CBC-4F34-9B83-A135091C275B/tmp/rime-builtin-runtime-3740E9CE-5782-429C-9FFB-E8E325985DF1/shared/build/luna_pinyin.prism.bin
I20261001 00:29:39.032448 0x16dfcf000 prism.cc:121] found double array image of size 1792.
I20261001 00:29:39.032476 0x16dfcf000 dict_compiler.cc:126] /Users/doubleshy0n/Library/Developer/CoreSimulator/Devices/405D994F-28CB-4F89-BB22-B64AD81C05A2/data/Containers/Data/Application/7D0B2F85-7CBC-4F34-9B83-A135091C275B/tmp/rime-builtin-runtime-3740E9CE-5782-429C-9FFB-E8E325985DF1/shared/luna_pinyin.dict.yaml[1 file(s)] (179667845)
I20261001 00:29:39.032496 0x16dfcf000 dict_compiler.cc:128] /Users/doubleshy0n/Library/Developer/CoreSimulator/Devices/405D994F-28CB-4F89-BB22-B64AD81C05A2/data/Containers/Data/Application/7D0B2F85-7CBC-4F34-9B83-A135091C275B/tmp/rime-builtin-runtime-3740E9CE-5782-429C-9FFB-E8E325985DF1/user/build/luna_pinyin.schema.yaml (3631448970)
I20261001 00:29:39.032743 0x16dfcf000 reverse_lookup_dictionary.cc:33] loading reversedb: /Users/doubleshy0n/Library/Developer/CoreSimulator/Devices/405D994F-28CB-4F89-BB22-B64AD81C05A2/data/Containers/Data/Application/7D0B2F85-7CBC-4F34-9B83-A135091C275B/tmp/rime-builtin-runtime-3740E9CE-5782-429C-9FFB-E8E325985DF1/shared/build/luna_pinyin.reverse.bin
I20261001 00:29:39.032824 0x16dfcf000 dict_compiler.cc:299] building prism...
I20261001 00:29:39.032846 0x16dfcf000 table.cc:270] loading table file: /Users/doubleshy0n/Library/Developer/CoreSimulator/Devices/405D994F-28CB-4F89-BB22-B64AD81C05A2/data/Containers/Data/Application/7D0B2F85-7CBC-4F34-9B83-A135091C275B/tmp/rime-builtin-runtime-3740E9CE-5782-429C-9FFB-E8E325985DF1/shared/build/luna_pinyin.table.bin
I20261001 00:29:39.033068 0x16dfcf000 config_data.cc:73] loading config file '/Users/doubleshy0n/Library/Developer/CoreSimulator/Devices/405D994F-28CB-4F89-BB22-B64AD81C05A2/data/Containers/Data/Application/7D0B2F85-7CBC-4F34-9B83-A135091C275B/tmp/rime-builtin-runtime-3740E9CE-5782-429C-9FFB-E8E325985DF1/user/build/luna_pinyin.schema.yaml'.
I20261001 00:29:39.043380 0x16dfcf000 mapped_file.cc:59] creating file '/Users/doubleshy0n/Library/Developer/CoreSimulator/Devices/405D994F-28CB-4F89-BB22-B64AD81C05A2/data/Containers/Data/Application/7D0B2F85-7CBC-4F34-9B83-A135091C275B/tmp/rime-builtin-runtime-3740E9CE-5782-429C-9FFB-E8E325985DF1/user/build/luna_pinyin.prism.bin'.
I20261001 00:29:39.043615 0x16dfcf000 mapped_file.cc:70] opening file for read/write access.
I20261001 00:29:39.044093 0x16dfcf000 prism.cc:132] saving prism file: /Users/doubleshy0n/Library/Developer/CoreSimulator/Devices/405D994F-28CB-4F89-BB22-B64AD81C05A2/data/Containers/Data/Application/7D0B2F85-7CBC-4F34-9B83-A135091C275B/tmp/rime-builtin-runtime-3740E9CE-5782-429C-9FFB-E8E325985DF1/user/build/luna_pinyin.prism.bin
I20261001 00:29:39.044119 0x16dfcf000 mapped_file.cc:118] shrinking file to fit data size. capacity: 72580
I20261001 00:29:39.044139 0x16dfcf000 mapped_file.cc:129] resize file to: 41816
I20261001 00:29:39.044396 0x16dfcf000 deployment_tasks.cc:379] dictionary 'luna_pinyin' is ready.
I20261001 00:29:39.044627 0x16dfcf000 config_data.cc:73] loading config file '/Users/doubleshy0n/Library/Developer/CoreSimulator/Devices/405D994F-28CB-4F89-BB22-B64AD81C05A2/data/Containers/Data/Application/7D0B2F85-7CBC-4F34-9B83-A135091C275B/tmp/rime-builtin-runtime-3740E9CE-5782-429C-9FFB-E8E325985DF1/user/build/luna_pinyin.schema.yaml'.
I20261001 00:29:39.048549 0x16dfcf000 deployment_tasks.cc:199] schema: stroke
I20261001 00:29:39.048651 0x16dfcf000 config_data.cc:73] loading config file '/Users/doubleshy0n/Library/Developer/CoreSimulator/Devices/405D994F-28CB-4F89-BB22-B64AD81C05A2/data/Containers/Data/Application/7D0B2F85-7CBC-4F34-9B83-A135091C275B/tmp/rime-builtin-runtime-3740E9CE-5782-429C-9FFB-E8E325985DF1/shared/stroke.schema.yaml'.
W20261001 00:29:39.049076 0x16dfcf000 config_data.cc:70] nonexistent config file '/Users/doubleshy0n/Library/Developer/CoreSimulator/Devices/405D994F-28CB-4F89-BB22-B64AD81C05A2/data/Containers/Data/Application/7D0B2F85-7CBC-4F34-9B83-A135091C275B/tmp/rime-builtin-runtime-3740E9CE-5782-429C-9FFB-E8E325985DF1/user/build/stroke.schema.yaml'.
I20261001 00:29:39.049104 0x16dfcf000 deployment_tasks.cc:396] missing build info
I20261001 00:29:39.049179 0x16dfcf000 config_data.cc:73] loading config file '/Users/doubleshy0n/Library/Developer/CoreSimulator/Devices/405D994F-28CB-4F89-BB22-B64AD81C05A2/data/Containers/Data/Application/7D0B2F85-7CBC-4F34-9B83-A135091C275B/tmp/rime-builtin-runtime-3740E9CE-5782-429C-9FFB-E8E325985DF1/shared/stroke.schema.yaml'.
I20261001 00:29:39.049559 0x16dfcf000 auto_patch_config_plugin.cc:29] auto-patch stroke.schema:/__patch: stroke.custom:/patch?
I20261001 00:29:39.049623 0x16dfcf000 config_compiler.cc:426] optional resource not loaded: stroke.custom
I20261001 00:29:39.049643 0x16dfcf000 config_compiler.cc:537] resolved: Patch(stroke.custom:patch <optional>)
I20261001 00:29:39.049694 0x16dfcf000 config_data.cc:73] loading config file '/Users/doubleshy0n/Library/Developer/CoreSimulator/Devices/405D994F-28CB-4F89-BB22-B64AD81C05A2/data/Containers/Data/Application/7D0B2F85-7CBC-4F34-9B83-A135091C275B/tmp/rime-builtin-runtime-3740E9CE-5782-429C-9FFB-E8E325985DF1/shared/default.yaml'.
I20261001 00:29:39.049951 0x16dfcf000 auto_patch_config_plugin.cc:29] auto-patch default:/__patch: default.custom:/patch?
I20261001 00:29:39.050005 0x16dfcf000 config_data.cc:73] loading config file '/Users/doubleshy0n/Library/Developer/CoreSimulator/Devices/405D994F-28CB-4F89-BB22-B64AD81C05A2/data/Containers/Data/Application/7D0B2F85-7CBC-4F34-9B83-A135091C275B/tmp/rime-builtin-runtime-3740E9CE-5782-429C-9FFB-E8E325985DF1/shared/punctuation.yaml'.
I20261001 00:29:39.050403 0x16dfcf000 auto_patch_config_plugin.cc:29] auto-patch punctuation:/__patch: punctuation.custom:/patch?
I20261001 00:29:39.050454 0x16dfcf000 config_compiler.cc:426] optional resource not loaded: punctuation.custom
I20261001 00:29:39.050473 0x16dfcf000 config_compiler.cc:537] resolved: Patch(punctuation.custom:patch <optional>)
I20261001 00:29:39.051910 0x16dfcf000 config_compiler.cc:537] resolved: Include(punctuation:/full_shape)
I20261001 00:29:39.051934 0x16dfcf000 config_compiler.cc:537] resolved: PendingChild(default:/punctuator/full_shape)
I20261001 00:29:39.051957 0x16dfcf000 config_compiler.cc:537] resolved: Include(punctuation:/half_shape)
I20261001 00:29:39.051977 0x16dfcf000 config_compiler.cc:537] resolved: PendingChild(default:/punctuator/half_shape)
I20261001 00:29:39.051991 0x16dfcf000 config_compiler.cc:537] resolved: PendingChild(default:/punctuator)
I20261001 00:29:39.052037 0x16dfcf000 config_data.cc:73] loading config file '/Users/doubleshy0n/Library/Developer/CoreSimulator/Devices/405D994F-28CB-4F89-BB22-B64AD81C05A2/data/Containers/Data/Application/7D0B2F85-7CBC-4F34-9B83-A135091C275B/tmp/rime-builtin-runtime-3740E9CE-5782-429C-9FFB-E8E325985DF1/shared/key_bindings.yaml'.
I20261001 00:29:39.052492 0x16dfcf000 auto_patch_config_plugin.cc:29] auto-patch key_bindings:/__patch: key_bindings.custom:/patch?
I20261001 00:29:39.052961 0x16dfcf000 config_compiler.cc:426] optional resource not loaded: key_bindings.custom
I20261001 00:29:39.052982 0x16dfcf000 config_compiler.cc:537] resolved: Patch(key_bindings.custom:patch <optional>)
I20261001 00:29:39.053002 0x16dfcf000 config_compiler.cc:214] patching __append
I20261001 00:29:39.053018 0x16dfcf000 config_compiler.cc:537] resolved: Patch(key_bindings:/emacs_editing)
I20261001 00:29:39.053033 0x16dfcf000 config_compiler.cc:214] patching __append
I20261001 00:29:39.053054 0x16dfcf000 config_compiler.cc:537] resolved: Patch(key_bindings:/paging_with_minus_equal)
I20261001 00:29:39.053073 0x16dfcf000 config_compiler.cc:214] patching __append
I20261001 00:29:39.053088 0x16dfcf000 config_compiler.cc:537] resolved: Patch(key_bindings:/paging_with_comma_period)
I20261001 00:29:39.053104 0x16dfcf000 config_compiler.cc:214] patching __append
I20261001 00:29:39.053121 0x16dfcf000 config_compiler.cc:537] resolved: Patch(key_bindings:/numbered_mode_switch)
I20261001 00:29:39.053146 0x16dfcf000 config_compiler.cc:537] resolved: PendingChild(default:/key_binder/bindings)
I20261001 00:29:39.053162 0x16dfcf000 config_compiler.cc:537] resolved: PendingChild(default:/key_binder)
I20261001 00:29:39.053181 0x16dfcf000 config_compiler.cc:537] resolved: Include(key_bindings:/rotate_candidate_with_tab)
I20261001 00:29:39.053196 0x16dfcf000 config_compiler.cc:537] resolved: PendingChild(default:/selector/__patch/bindings)
I20261001 00:29:39.053210 0x16dfcf000 config_compiler.cc:537] resolved: Include(key_bindings:/rotate_candidate_with_tab)
I20261001 00:29:39.053224 0x16dfcf000 config_compiler.cc:537] resolved: PendingChild(default:/selector/__patch/linear/bindings)
I20261001 00:29:39.053240 0x16dfcf000 config_compiler.cc:537] resolved: Include(key_bindings:/rotate_candidate_with_tab)
I20261001 00:29:39.053254 0x16dfcf000 config_compiler.cc:537] resolved: PendingChild(default:/selector/__patch/vertical/bindings)
I20261001 00:29:39.053355 0x16dfcf000 config_compiler.cc:537] resolved: Include(key_bindings:/rotate_candidate_with_tab)
I20261001 00:29:39.053371 0x16dfcf000 config_compiler.cc:537] resolved: PendingChild(default:/selector/__patch/vertical/linear/bindings)
I20261001 00:29:39.053388 0x16dfcf000 config_compiler.cc:537] resolved: PendingChild(default:/selector/__patch)
I20261001 00:29:39.053401 0x16dfcf000 config_compiler.cc:214] patching bindings
I20261001 00:29:39.053417 0x16dfcf000 config_compiler.cc:214] patching linear/bindings
I20261001 00:29:39.053432 0x16dfcf000 config_compiler.cc:214] patching vertical/bindings
I20261001 00:29:39.053445 0x16dfcf000 config_compiler.cc:214] patching vertical/linear/bindings
I20261001 00:29:39.053461 0x16dfcf000 config_compiler.cc:537] resolved: Patch(<literal>)
I20261001 00:29:39.053473 0x16dfcf000 config_compiler.cc:537] resolved: PendingChild(default:/selector)
I20261001 00:29:39.053513 0x16dfcf000 config_data.cc:73] loading config file '/Users/doubleshy0n/Library/Developer/CoreSimulator/Devices/405D994F-28CB-4F89-BB22-B64AD81C05A2/data/Containers/Data/Application/7D0B2F85-7CBC-4F34-9B83-A135091C275B/tmp/rime-builtin-runtime-3740E9CE-5782-429C-9FFB-E8E325985DF1/user/default.custom.yaml'.
I20261001 00:29:39.053625 0x16dfcf000 config_compiler.cc:214] patching schema_list
I20261001 00:29:39.053642 0x16dfcf000 config_compiler.cc:537] resolved: Patch(default.custom:patch <optional>)
I20261001 00:29:39.053664 0x16dfcf000 legacy_preset_config_plugin.cc:26] interpreting key_binder/import_preset: default
I20261001 00:29:39.053684 0x16dfcf000 legacy_preset_config_plugin.cc:52] interpreting punctuator/import_preset: default
I20261001 00:29:39.053700 0x16dfcf000 legacy_preset_config_plugin.cc:65] interpreting recognizer/import_preset: default
I20261001 00:29:39.053757 0x16dfcf000 build_info_plugin.cc:27] resource 'key_bindings.custom' not loaded.
I20261001 00:29:39.053788 0x16dfcf000 build_info_plugin.cc:27] resource 'punctuation.custom' not loaded.
I20261001 00:29:39.053806 0x16dfcf000 build_info_plugin.cc:27] resource 'stroke.custom' not loaded.
I20261001 00:29:39.053831 0x16dfcf000 config_data.cc:92] saving config file '/Users/doubleshy0n/Library/Developer/CoreSimulator/Devices/405D994F-28CB-4F89-BB22-B64AD81C05A2/data/Containers/Data/Application/7D0B2F85-7CBC-4F34-9B83-A135091C275B/tmp/rime-builtin-runtime-3740E9CE-5782-429C-9FFB-E8E325985DF1/user/build/stroke.schema.yaml'.
I20261001 00:29:39.054636 0x16dfcf000 config_data.cc:73] loading config file '/Users/doubleshy0n/Library/Developer/CoreSimulator/Devices/405D994F-28CB-4F89-BB22-B64AD81C05A2/data/Containers/Data/Application/7D0B2F85-7CBC-4F34-9B83-A135091C275B/tmp/rime-builtin-runtime-3740E9CE-5782-429C-9FFB-E8E325985DF1/user/build/stroke.schema.yaml'.
I20261001 00:29:39.055668 0x16dfcf000 deployment_tasks.cc:362] preparing dictionary 'stroke'.
I20261001 00:29:39.056183 0x16dfcf000 dict_compiler.cc:81] compiling dictionary for /Users/doubleshy0n/Library/Developer/CoreSimulator/Devices/405D994F-28CB-4F89-BB22-B64AD81C05A2/data/Containers/Data/Application/7D0B2F85-7CBC-4F34-9B83-A135091C275B/tmp/rime-builtin-runtime-3740E9CE-5782-429C-9FFB-E8E325985DF1/user/build/stroke.schema.yaml
I20261001 00:29:39.082944 0x16dfcf000 table.cc:270] loading table file: /Users/doubleshy0n/Library/Developer/CoreSimulator/Devices/405D994F-28CB-4F89-BB22-B64AD81C05A2/data/Containers/Data/Application/7D0B2F85-7CBC-4F34-9B83-A135091C275B/tmp/rime-builtin-runtime-3740E9CE-5782-429C-9FFB-E8E325985DF1/shared/build/stroke.table.bin
I20261001 00:29:39.083108 0x16dfcf000 prism.cc:83] loading prism file: /Users/doubleshy0n/Library/Developer/CoreSimulator/Devices/405D994F-28CB-4F89-BB22-B64AD81C05A2/data/Containers/Data/Application/7D0B2F85-7CBC-4F34-9B83-A135091C275B/tmp/rime-builtin-runtime-3740E9CE-5782-429C-9FFB-E8E325985DF1/shared/build/stroke.prism.bin
I20261001 00:29:39.083175 0x16dfcf000 prism.cc:121] found double array image of size 875264.
I20261001 00:29:39.083200 0x16dfcf000 dict_compiler.cc:126] /Users/doubleshy0n/Library/Developer/CoreSimulator/Devices/405D994F-28CB-4F89-BB22-B64AD81C05A2/data/Containers/Data/Application/7D0B2F85-7CBC-4F34-9B83-A135091C275B/tmp/rime-builtin-runtime-3740E9CE-5782-429C-9FFB-E8E325985DF1/shared/stroke.dict.yaml[1 file(s)] (1673701102)
I20261001 00:29:39.083222 0x16dfcf000 dict_compiler.cc:128] /Users/doubleshy0n/Library/Developer/CoreSimulator/Devices/405D994F-28CB-4F89-BB22-B64AD81C05A2/data/Containers/Data/Application/7D0B2F85-7CBC-4F34-9B83-A135091C275B/tmp/rime-builtin-runtime-3740E9CE-5782-429C-9FFB-E8E325985DF1/user/build/stroke.schema.yaml (1298831655)
I20261001 00:29:39.083541 0x16dfcf000 reverse_lookup_dictionary.cc:33] loading reversedb: /Users/doubleshy0n/Library/Developer/CoreSimulator/Devices/405D994F-28CB-4F89-BB22-B64AD81C05A2/data/Containers/Data/Application/7D0B2F85-7CBC-4F34-9B83-A135091C275B/tmp/rime-builtin-runtime-3740E9CE-5782-429C-9FFB-E8E325985DF1/shared/build/stroke.reverse.bin
I20261001 00:29:39.083638 0x16dfcf000 dict_compiler.cc:299] building prism...
I20261001 00:29:39.083660 0x16dfcf000 table.cc:270] loading table file: /Users/doubleshy0n/Library/Developer/CoreSimulator/Devices/405D994F-28CB-4F89-BB22-B64AD81C05A2/data/Containers/Data/Application/7D0B2F85-7CBC-4F34-9B83-A135091C275B/tmp/rime-builtin-runtime-3740E9CE-5782-429C-9FFB-E8E325985DF1/shared/build/stroke.table.bin
I20261001 00:29:39.192574 0x16dfcf000 config_data.cc:73] loading config file '/Users/doubleshy0n/Library/Developer/CoreSimulator/Devices/405D994F-28CB-4F89-BB22-B64AD81C05A2/data/Containers/Data/Application/7D0B2F85-7CBC-4F34-9B83-A135091C275B/tmp/rime-builtin-runtime-3740E9CE-5782-429C-9FFB-E8E325985DF1/user/build/stroke.schema.yaml'.
I20261001 00:29:39.371391 0x16dfcf000 mapped_file.cc:59] creating file '/Users/doubleshy0n/Library/Developer/CoreSimulator/Devices/405D994F-28CB-4F89-BB22-B64AD81C05A2/data/Containers/Data/Application/7D0B2F85-7CBC-4F34-9B83-A135091C275B/tmp/rime-builtin-runtime-3740E9CE-5782-429C-9FFB-E8E325985DF1/user/build/stroke.prism.bin'.
I20261001 00:29:39.372360 0x16dfcf000 mapped_file.cc:70] opening file for read/write access.
I20261001 00:29:39.386284 0x16dfcf000 prism.cc:132] saving prism file: /Users/doubleshy0n/Library/Developer/CoreSimulator/Devices/405D994F-28CB-4F89-BB22-B64AD81C05A2/data/Containers/Data/Application/7D0B2F85-7CBC-4F34-9B83-A135091C275B/tmp/rime-builtin-runtime-3740E9CE-5782-429C-9FFB-E8E325985DF1/user/build/stroke.prism.bin
I20261001 00:29:39.386368 0x16dfcf000 mapped_file.cc:118] shrinking file to fit data size. capacity: 5386068
I20261001 00:29:39.386387 0x16dfcf000 mapped_file.cc:129] resize file to: 3501372
I20261001 00:29:39.390110 0x16dfcf000 deployment_tasks.cc:379] dictionary 'stroke' is ready.
I20261001 00:29:39.390517 0x16dfcf000 deployment_tasks.cc:247] finished updating schemas: 2 success, 0 failure.
W20261001 00:29:39.390645 0x16dfcf000 config_data.cc:70] nonexistent config file '/Users/doubleshy0n/Library/Developer/CoreSimulator/Devices/405D994F-28CB-4F89-BB22-B64AD81C05A2/data/Containers/Data/Application/7D0B2F85-7CBC-4F34-9B83-A135091C275B/tmp/rime-builtin-runtime-3740E9CE-5782-429C-9FFB-E8E325985DF1/user/user.yaml'.
I20261001 00:29:39.390679 0x16dfcf000 config_data.cc:202] write: var/last_build_time
I20261001 00:29:39.390706 0x16dfcf000 config_data.cc:92] saving config file '/Users/doubleshy0n/Library/Developer/CoreSimulator/Devices/405D994F-28CB-4F89-BB22-B64AD81C05A2/data/Containers/Data/Application/7D0B2F85-7CBC-4F34-9B83-A135091C275B/tmp/rime-builtin-runtime-3740E9CE-5782-429C-9FFB-E8E325985DF1/user/user.yaml'.
I20261001 00:29:39.391006 0x16dfcf000 deployment_tasks.cc:589] clean up trash.
I20261001 00:29:39.391157 0x16dfcf000 deployer.cc:97] 3 tasks ran: 3 success, 0 failure.
2026-10-01 00:29:39.415463+0800 Universe Keyboard[12320:34535583] [RIME] claiming process runtime on non-main thread
2026-10-01 00:29:39.415599+0800 Universe Keyboard[12320:34535583] [RIME] keyboard setup: modules=core+dict+gears+lua+octagram luaCompiledIn=YES luaModuleRegisteredBeforeSetup=YES octagramCompiledIn=YES octagramRegisteredBeforeSetup=YES
W20261001 00:29:39.415662 0x16dd9f000 setup.cc:91] Glog is already initialized.
I20261001 00:29:39.416509 0x16dd9f000 registry.cc:14] registering component: lua_translator
I20261001 00:29:39.416540 0x16dd9f000 registry.cc:14] registering component: lua_filter
I20261001 00:29:39.416568 0x16dd9f000 registry.cc:14] registering component: lua_segmentor
I20261001 00:29:39.416592 0x16dd9f000 registry.cc:14] registering component: lua_processor
I20261001 00:29:39.416616 0x16dd9f000 grammar_module.cc:15] registering components from module 'grammar'.
I20261001 00:29:39.416640 0x16dd9f000 registry.cc:14] registering component: grammar
2026-10-01 00:29:39.416679+0800 Universe Keyboard[12320:34535583] [RIME] keyboard setup complete: luaModuleRegisteredAfterSetup=YES luaComponents=lua_processor=true+lua_translator=true+lua_filter=true+lua_segmentor=true octagramRegistered=YES grammarComponent=true
2026-10-01 00:29:39.416720+0800 Universe Keyboard[12320:34535583] [RIME] claiming process runtime on non-main thread
I20261001 00:29:39.416756 0x16dd9f000 core_module.cc:20] registering core components.
I20261001 00:29:39.416780 0x16dd9f000 registry.cc:14] registering component: config_builder
I20261001 00:29:39.416800 0x16dd9f000 registry.cc:14] registering component: config
I20261001 00:29:39.416823 0x16dd9f000 registry.cc:14] registering component: schema
I20261001 00:29:39.416844 0x16dd9f000 registry.cc:14] registering component: user_config
I20261001 00:29:39.416869 0x16dd9f000 dict_module.cc:25] registering components from module 'dict'.
I20261001 00:29:39.416889 0x16dd9f000 registry.cc:14] registering component: tabledb
I20261001 00:29:39.416912 0x16dd9f000 registry.cc:14] registering component: stabledb
I20261001 00:29:39.416940 0x16dd9f000 registry.cc:14] registering component: plain_userdb
I20261001 00:29:39.416959 0x16dd9f000 registry.cc:14] registering component: userdb
I20261001 00:29:39.416985 0x16dd9f000 registry.cc:14] registering component: corrector
I20261001 00:29:39.417003 0x16dd9f000 registry.cc:14] registering component: dictionary
I20261001 00:29:39.417022 0x16dd9f000 registry.cc:14] registering component: reverse_lookup_dictionary
I20261001 00:29:39.417043 0x16dd9f000 registry.cc:14] registering component: user_dictionary
I20261001 00:29:39.417062 0x16dd9f000 registry.cc:14] registering component: userdb_recovery_task
I20261001 00:29:39.417081 0x16dd9f000 gears_module.cc:42] registering components from module 'gears'.
I20261001 00:29:39.417100 0x16dd9f000 registry.cc:14] registering component: ascii_composer
I20261001 00:29:39.419000 0x16dd9f000 registry.cc:14] registering component: chord_composer
I20261001 00:29:39.419022 0x16dd9f000 registry.cc:14] registering component: express_editor
I20261001 00:29:39.419040 0x16dd9f000 registry.cc:14] registering component: fluid_editor
I20261001 00:29:39.419057 0x16dd9f000 registry.cc:14] registering component: fluency_editor
I20261001 00:29:39.419073 0x16dd9f000 registry.cc:14] registering component: key_binder
I20261001 00:29:39.419092 0x16dd9f000 registry.cc:14] registering component: navigator
I20261001 00:29:39.419111 0x16dd9f000 registry.cc:14] registering component: punctuator
I20261001 00:29:39.419127 0x16dd9f000 registry.cc:14] registering component: recognizer
I20261001 00:29:39.419147 0x16dd9f000 registry.cc:14] registering component: selector
I20261001 00:29:39.419162 0x16dd9f000 registry.cc:14] registering component: speller
I20261001 00:29:39.419179 0x16dd9f000 registry.cc:14] registering component: shape_processor
I20261001 00:29:39.419554 0x16dd9f000 registry.cc:14] registering component: abc_segmentor
I20261001 00:29:39.419577 0x16dd9f000 registry.cc:14] registering component: affix_segmentor
I20261001 00:29:39.419593 0x16dd9f000 registry.cc:14] registering component: ascii_segmentor
I20261001 00:29:39.419610 0x16dd9f000 registry.cc:14] registering component: matcher
I20261001 00:29:39.419626 0x16dd9f000 registry.cc:14] registering component: punct_segmentor
I20261001 00:29:39.419642 0x16dd9f000 registry.cc:14] registering component: fallback_segmentor
I20261001 00:29:39.419660 0x16dd9f000 registry.cc:14] registering component: echo_translator
I20261001 00:29:39.419678 0x16dd9f000 registry.cc:14] registering component: punct_translator
I20261001 00:29:39.419695 0x16dd9f000 registry.cc:14] registering component: table_translator
I20261001 00:29:39.419717 0x16dd9f000 registry.cc:14] registering component: script_translator
I20261001 00:29:39.419736 0x16dd9f000 registry.cc:14] registering component: r10n_translator
I20261001 00:29:39.419834 0x16dd9f000 registry.cc:14] registering component: reverse_lookup_translator
I20261001 00:29:39.419853 0x16dd9f000 registry.cc:14] registering component: schema_list_translator
I20261001 00:29:39.419870 0x16dd9f000 registry.cc:14] registering component: switch_translator
I20261001 00:29:39.419886 0x16dd9f000 registry.cc:14] registering component: history_translator
I20261001 00:29:39.419903 0x16dd9f000 registry.cc:14] registering component: simplifier
I20261001 00:29:39.419919 0x16dd9f000 registry.cc:14] registering component: uniquifier
I20261001 00:29:39.419936 0x16dd9f000 registry.cc:14] registering component: charset_filter
I20261001 00:29:39.419955 0x16dd9f000 registry.cc:14] registering component: cjk_minifier
I20261001 00:29:39.419974 0x16dd9f000 registry.cc:14] registering component: reverse_lookup_filter
I20261001 00:29:39.419990 0x16dd9f000 registry.cc:14] registering component: single_char_filter
I20261001 00:29:39.420008 0x16dd9f000 registry.cc:14] registering component: shape_formatter
2026-10-01 00:29:39.420099+0800 Universe Keyboard[12320:34535583] [RIME] keyboard initialize complete: luaModuleRegisteredAfterInitialize=YES luaComponents=lua_processor=true+lua_translator=true+lua_filter=true+lua_segmentor=true
I20261001 00:29:39.420165 0x16dd9f000 config_data.cc:73] loading config file '/Users/doubleshy0n/Library/Developer/CoreSimulator/Devices/405D994F-28CB-4F89-BB22-B64AD81C05A2/data/Containers/Data/Application/7D0B2F85-7CBC-4F34-9B83-A135091C275B/tmp/rime-builtin-runtime-3740E9CE-5782-429C-9FFB-E8E325985DF1/user/build/default.yaml'.
I20261001 00:29:39.420883 0x16dd9f000 engine.cc:72] starting engine.
I20261001 00:29:39.420933 0x16dd9f000 config_data.cc:73] loading config file '/Users/doubleshy0n/Library/Developer/CoreSimulator/Devices/405D994F-28CB-4F89-BB22-B64AD81C05A2/data/Containers/Data/Application/7D0B2F85-7CBC-4F34-9B83-A135091C275B/tmp/rime-builtin-runtime-3740E9CE-5782-429C-9FFB-E8E325985DF1/user/user.yaml'.
I20261001 00:29:39.421184 0x16dd9f000 config_data.cc:73] loading config file '/Users/doubleshy0n/Library/Developer/CoreSimulator/Devices/405D994F-28CB-4F89-BB22-B64AD81C05A2/data/Containers/Data/Application/7D0B2F85-7CBC-4F34-9B83-A135091C275B/tmp/rime-builtin-runtime-3740E9CE-5782-429C-9FFB-E8E325985DF1/user/build/luna_pinyin.schema.yaml'.
I20261001 00:29:39.425543 0x16dd9f000 engine.cc:133] updated option: _auto_commit
I20261001 00:29:39.425693 0x16dd9f000 table_db.cc:73] stabledb 'custom_phrase' does not exist.
I20261001 00:29:39.425799 0x16dd9f000 dictionary.cc:380] loading dictionary 'luna_pinyin'.
I20261001 00:29:39.425821 0x16dd9f000 table.cc:270] loading table file: /Users/doubleshy0n/Library/Developer/CoreSimulator/Devices/405D994F-28CB-4F89-BB22-B64AD81C05A2/data/Containers/Data/Application/7D0B2F85-7CBC-4F34-9B83-A135091C275B/tmp/rime-builtin-runtime-3740E9CE-5782-429C-9FFB-E8E325985DF1/shared/build/luna_pinyin.table.bin
I20261001 00:29:39.425947 0x16dd9f000 prism.cc:83] loading prism file: /Users/doubleshy0n/Library/Developer/CoreSimulator/Devices/405D994F-28CB-4F89-BB22-B64AD81C05A2/data/Containers/Data/Application/7D0B2F85-7CBC-4F34-9B83-A135091C275B/tmp/rime-builtin-runtime-3740E9CE-5782-429C-9FFB-E8E325985DF1/user/build/luna_pinyin.prism.bin
I20261001 00:29:39.426020 0x16dd9f000 prism.cc:121] found double array image of size 2048.
I20261001 00:29:39.426157 0x16dd9f000 engine.cc:377] ConcreteEngine::InitializeOptions
I20261001 00:29:39.426178 0x16dd9f000 engine.cc:382] found switch option: ascii_mode, reset: 0
I20261001 00:29:39.426198 0x16dd9f000 engine.cc:133] updated option: ascii_mode
I20261001 00:29:39.426217 0x16dd9f000 engine.cc:382] found switch option: full_shape, reset: -1
I20261001 00:29:39.426239 0x16dd9f000 engine.cc:382] found switch option: zh_hant, reset: 1
I20261001 00:29:39.426257 0x16dd9f000 engine.cc:133] updated option: zh_hant
I20261001 00:29:39.426276 0x16dd9f000 engine.cc:382] found switch option: zh_hans, reset: 1
I20261001 00:29:39.426298 0x16dd9f000 engine.cc:133] updated option: zh_hans
I20261001 00:29:39.426318 0x16dd9f000 engine.cc:382] found switch option: zh_hant_hk, reset: 1
I20261001 00:29:39.426335 0x16dd9f000 engine.cc:133] updated option: zh_hant_hk
I20261001 00:29:39.426352 0x16dd9f000 engine.cc:382] found switch option: zh_hant_tw, reset: 1
I20261001 00:29:39.426369 0x16dd9f000 engine.cc:133] updated option: zh_hant_tw
I20261001 00:29:39.426589 0x16dd9f000 engine.cc:382] found switch option: ascii_punct, reset: -1
2026-10-01 00:29:39.426622+0800 Universe Keyboard[12320:34535583] [RIME] createSession: sessionId=5050353112
I20261001 00:29:39.426899 0x16dd9f000 engine.cc:133] updated option: _auto_commit
I20261001 00:29:39.426983 0x16dd9f000 table_db.cc:73] stabledb 'custom_phrase' does not exist.
I20261001 00:29:39.427056 0x16dd9f000 dictionary.cc:380] loading dictionary 'luna_pinyin'.
I20261001 00:29:39.427074 0x16dd9f000 table.cc:270] loading table file: /Users/doubleshy0n/Library/Developer/CoreSimulator/Devices/405D994F-28CB-4F89-BB22-B64AD81C05A2/data/Containers/Data/Application/7D0B2F85-7CBC-4F34-9B83-A135091C275B/tmp/rime-builtin-runtime-3740E9CE-5782-429C-9FFB-E8E325985DF1/shared/build/luna_pinyin.table.bin
I20261001 00:29:39.427150 0x16dd9f000 prism.cc:83] loading prism file: /Users/doubleshy0n/Library/Developer/CoreSimulator/Devices/405D994F-28CB-4F89-BB22-B64AD81C05A2/data/Containers/Data/Application/7D0B2F85-7CBC-4F34-9B83-A135091C275B/tmp/rime-builtin-runtime-3740E9CE-5782-429C-9FFB-E8E325985DF1/user/build/luna_pinyin.prism.bin
I20261001 00:29:39.427246 0x16dd9f000 prism.cc:121] found double array image of size 2048.
I20261001 00:29:39.427364 0x16dd9f000 engine.cc:377] ConcreteEngine::InitializeOptions
I20261001 00:29:39.427384 0x16dd9f000 engine.cc:382] found switch option: ascii_mode, reset: 0
I20261001 00:29:39.427400 0x16dd9f000 engine.cc:133] updated option: ascii_mode
I20261001 00:29:39.427416 0x16dd9f000 engine.cc:382] found switch option: full_shape, reset: -1
I20261001 00:29:39.427431 0x16dd9f000 engine.cc:382] found switch option: zh_hant, reset: 1
I20261001 00:29:39.427445 0x16dd9f000 engine.cc:133] updated option: zh_hant
I20261001 00:29:39.427461 0x16dd9f000 engine.cc:382] found switch option: zh_hans, reset: 1
I20261001 00:29:39.427478 0x16dd9f000 engine.cc:133] updated option: zh_hans
I20261001 00:29:39.427494 0x16dd9f000 engine.cc:382] found switch option: zh_hant_hk, reset: 1
I20261001 00:29:39.427509 0x16dd9f000 engine.cc:133] updated option: zh_hant_hk
I20261001 00:29:39.427615 0x16dd9f000 engine.cc:382] found switch option: zh_hant_tw, reset: 1
I20261001 00:29:39.427634 0x16dd9f000 engine.cc:133] updated option: zh_hant_tw
I20261001 00:29:39.427650 0x16dd9f000 engine.cc:382] found switch option: ascii_punct, reset: -1
I20261001 00:29:39.427667 0x16dd9f000 config_data.cc:202] write: var/previously_selected_schema
I20261001 00:29:39.427686 0x16dd9f000 config_data.cc:202] write: var/schema_access_time/luna_pinyin
I20261001 00:29:39.427706 0x16dd9f000 config_data.cc:92] saving config file '/Users/doubleshy0n/Library/Developer/CoreSimulator/Devices/405D994F-28CB-4F89-BB22-B64AD81C05A2/data/Containers/Data/Application/7D0B2F85-7CBC-4F34-9B83-A135091C275B/tmp/rime-builtin-runtime-3740E9CE-5782-429C-9FFB-E8E325985DF1/user/user.yaml'.
I20261001 00:29:39.434752 0x16dd9f000 dictionary.cc:380] loading dictionary 'stroke'.
I20261001 00:29:39.434785 0x16dd9f000 table.cc:270] loading table file: /Users/doubleshy0n/Library/Developer/CoreSimulator/Devices/405D994F-28CB-4F89-BB22-B64AD81C05A2/data/Containers/Data/Application/7D0B2F85-7CBC-4F34-9B83-A135091C275B/tmp/rime-builtin-runtime-3740E9CE-5782-429C-9FFB-E8E325985DF1/shared/build/stroke.table.bin
I20261001 00:29:39.434875 0x16dd9f000 prism.cc:83] loading prism file: /Users/doubleshy0n/Library/Developer/CoreSimulator/Devices/405D994F-28CB-4F89-BB22-B64AD81C05A2/data/Containers/Data/Application/7D0B2F85-7CBC-4F34-9B83-A135091C275B/tmp/rime-builtin-runtime-3740E9CE-5782-429C-9FFB-E8E325985DF1/user/build/stroke.prism.bin
I20261001 00:29:39.434937 0x16dd9f000 prism.cc:121] found double array image of size 875264.
I20261001 00:29:39.434983 0x16dd9f000 reverse_lookup_dictionary.cc:33] loading reversedb: /Users/doubleshy0n/Library/Developer/CoreSimulator/Devices/405D994F-28CB-4F89-BB22-B64AD81C05A2/data/Containers/Data/Application/7D0B2F85-7CBC-4F34-9B83-A135091C275B/tmp/rime-builtin-runtime-3740E9CE-5782-429C-9FFB-E8E325985DF1/shared/build/luna_pinyin.reverse.bin
I20261001 00:29:39.436358 0x16dd9f000 engine.cc:96] engine disposed.
2026-10-01 00:29:39.437121+0800 Universe Keyboard[12320:34534778] [RIME] claiming process runtime on main thread
2026-10-01 00:29:39.437183+0800 Universe Keyboard[12320:34534778] [RIME] keyboard setup: modules=core+dict+gears+lua+octagram luaCompiledIn=YES luaModuleRegisteredBeforeSetup=YES octagramCompiledIn=YES octagramRegisteredBeforeSetup=YES
W20261001 00:29:39.437274 0x10269de40 setup.cc:91] Glog is already initialized.
I20261001 00:29:39.438107 0x10269de40 registry.cc:14] registering component: lua_translator
I20261001 00:29:39.438141 0x10269de40 registry.cc:14] registering component: lua_filter
I20261001 00:29:39.438171 0x10269de40 registry.cc:14] registering component: lua_segmentor
I20261001 00:29:39.438190 0x10269de40 registry.cc:14] registering component: lua_processor
I20261001 00:29:39.438212 0x10269de40 grammar_module.cc:15] registering components from module 'grammar'.
I20261001 00:29:39.438230 0x10269de40 registry.cc:14] registering component: grammar
2026-10-01 00:29:39.438263+0800 Universe Keyboard[12320:34534778] [RIME] keyboard setup complete: luaModuleRegisteredAfterSetup=YES luaComponents=lua_processor=true+lua_translator=true+lua_filter=true+lua_segmentor=true octagramRegistered=YES grammarComponent=true
2026-10-01 00:29:39.438304+0800 Universe Keyboard[12320:34534778] [RIME] claiming process runtime on main thread
I20261001 00:29:39.438337 0x10269de40 core_module.cc:20] registering core components.
I20261001 00:29:39.438358 0x10269de40 registry.cc:14] registering component: config_builder
I20261001 00:29:39.438378 0x10269de40 registry.cc:14] registering component: config
I20261001 00:29:39.439059 0x10269de40 registry.cc:14] registering component: schema
I20261001 00:29:39.439081 0x10269de40 registry.cc:14] registering component: user_config
I20261001 00:29:39.439102 0x10269de40 dict_module.cc:25] registering components from module 'dict'.
I20261001 00:29:39.439121 0x10269de40 registry.cc:14] registering component: tabledb
I20261001 00:29:39.439139 0x10269de40 registry.cc:14] registering component: stabledb
I20261001 00:29:39.439156 0x10269de40 registry.cc:14] registering component: plain_userdb
I20261001 00:29:39.439172 0x10269de40 registry.cc:14] registering component: userdb
I20261001 00:29:39.439188 0x10269de40 registry.cc:14] registering component: corrector
I20261001 00:29:39.439205 0x10269de40 registry.cc:14] registering component: dictionary
I20261001 00:29:39.439221 0x10269de40 registry.cc:14] registering component: reverse_lookup_dictionary
I20261001 00:29:39.439242 0x10269de40 registry.cc:14] registering component: user_dictionary
I20261001 00:29:39.440700 0x10269de40 registry.cc:14] registering component: userdb_recovery_task
I20261001 00:29:39.440720 0x10269de40 gears_module.cc:42] registering components from module 'gears'.
I20261001 00:29:39.440743 0x10269de40 registry.cc:14] registering component: ascii_composer
I20261001 00:29:39.440764 0x10269de40 registry.cc:14] registering component: chord_composer
I20261001 00:29:39.440784 0x10269de40 registry.cc:14] registering component: express_editor
I20261001 00:29:39.440804 0x10269de40 registry.cc:14] registering component: fluid_editor
I20261001 00:29:39.440827 0x10269de40 registry.cc:14] registering component: fluency_editor
I20261001 00:29:39.440850 0x10269de40 registry.cc:14] registering component: key_binder
I20261001 00:29:39.440874 0x10269de40 registry.cc:14] registering component: navigator
I20261001 00:29:39.440892 0x10269de40 registry.cc:14] registering component: punctuator
I20261001 00:29:39.440910 0x10269de40 registry.cc:14] registering component: recognizer
I20261001 00:29:39.440956 0x10269de40 registry.cc:14] registering component: selector
I20261001 00:29:39.440980 0x10269de40 registry.cc:14] registering component: speller
I20261001 00:29:39.440998 0x10269de40 registry.cc:14] registering component: shape_processor
I20261001 00:29:39.441018 0x10269de40 registry.cc:14] registering component: abc_segmentor
I20261001 00:29:39.441036 0x10269de40 registry.cc:14] registering component: affix_segmentor
I20261001 00:29:39.441057 0x10269de40 registry.cc:14] registering component: ascii_segmentor
I20261001 00:29:39.441076 0x10269de40 registry.cc:14] registering component: matcher
I20261001 00:29:39.441100 0x10269de40 registry.cc:14] registering component: punct_segmentor
I20261001 00:29:39.441120 0x10269de40 registry.cc:14] registering component: fallback_segmentor
I20261001 00:29:39.441141 0x10269de40 registry.cc:14] registering component: echo_translator
I20261001 00:29:39.441159 0x10269de40 registry.cc:14] registering component: punct_translator
I20261001 00:29:39.441179 0x10269de40 registry.cc:14] registering component: table_translator
I20261001 00:29:39.441200 0x10269de40 registry.cc:14] registering component: script_translator
I20261001 00:29:39.441223 0x10269de40 registry.cc:14] registering component: r10n_translator
I20261001 00:29:39.441246 0x10269de40 registry.cc:14] registering component: reverse_lookup_translator
I20261001 00:29:39.441264 0x10269de40 registry.cc:14] registering component: schema_list_translator
I20261001 00:29:39.441287 0x10269de40 registry.cc:14] registering component: switch_translator
I20261001 00:29:39.441308 0x10269de40 registry.cc:14] registering component: history_translator
I20261001 00:29:39.441329 0x10269de40 registry.cc:14] registering component: simplifier
I20261001 00:29:39.441368 0x10269de40 registry.cc:14] registering component: uniquifier
I20261001 00:29:39.441390 0x10269de40 registry.cc:14] registering component: charset_filter
I20261001 00:29:39.441412 0x10269de40 registry.cc:14] registering component: cjk_minifier
I20261001 00:29:39.441432 0x10269de40 registry.cc:14] registering component: reverse_lookup_filter
I20261001 00:29:39.441454 0x10269de40 registry.cc:14] registering component: single_char_filter
I20261001 00:29:39.441475 0x10269de40 registry.cc:14] registering component: shape_formatter
2026-10-01 00:29:39.441506+0800 Universe Keyboard[12320:34534778] [RIME] keyboard initialize complete: luaModuleRegisteredAfterInitialize=YES luaComponents=lua_processor=true+lua_translator=true+lua_filter=true+lua_segmentor=true
I20261001 00:29:39.441598 0x10269de40 config_data.cc:73] loading config file '/Users/doubleshy0n/Library/Developer/CoreSimulator/Devices/405D994F-28CB-4F89-BB22-B64AD81C05A2/data/Containers/Data/Application/7D0B2F85-7CBC-4F34-9B83-A135091C275B/tmp/rime-builtin-runtime-3740E9CE-5782-429C-9FFB-E8E325985DF1/user/build/default.yaml'.
I20261001 00:29:39.442293 0x10269de40 engine.cc:72] starting engine.
I20261001 00:29:39.442346 0x10269de40 config_data.cc:73] loading config file '/Users/doubleshy0n/Library/Developer/CoreSimulator/Devices/405D994F-28CB-4F89-BB22-B64AD81C05A2/data/Containers/Data/Application/7D0B2F85-7CBC-4F34-9B83-A135091C275B/tmp/rime-builtin-runtime-3740E9CE-5782-429C-9FFB-E8E325985DF1/user/user.yaml'.
I20261001 00:29:39.442605 0x10269de40 config_data.cc:73] loading config file '/Users/doubleshy0n/Library/Developer/CoreSimulator/Devices/405D994F-28CB-4F89-BB22-B64AD81C05A2/data/Containers/Data/Application/7D0B2F85-7CBC-4F34-9B83-A135091C275B/tmp/rime-builtin-runtime-3740E9CE-5782-429C-9FFB-E8E325985DF1/user/build/luna_pinyin.schema.yaml'.
I20261001 00:29:39.446660 0x10269de40 engine.cc:133] updated option: _auto_commit
I20261001 00:29:39.446764 0x10269de40 table_db.cc:73] stabledb 'custom_phrase' does not exist.
I20261001 00:29:39.446847 0x10269de40 dictionary.cc:380] loading dictionary 'luna_pinyin'.
I20261001 00:29:39.446865 0x10269de40 table.cc:270] loading table file: /Users/doubleshy0n/Library/Developer/CoreSimulator/Devices/405D994F-28CB-4F89-BB22-B64AD81C05A2/data/Containers/Data/Application/7D0B2F85-7CBC-4F34-9B83-A135091C275B/tmp/rime-builtin-runtime-3740E9CE-5782-429C-9FFB-E8E325985DF1/shared/build/luna_pinyin.table.bin
I20261001 00:29:39.446965 0x10269de40 prism.cc:83] loading prism file: /Users/doubleshy0n/Library/Developer/CoreSimulator/Devices/405D994F-28CB-4F89-BB22-B64AD81C05A2/data/Containers/Data/Application/7D0B2F85-7CBC-4F34-9B83-A135091C275B/tmp/rime-builtin-runtime-3740E9CE-5782-429C-9FFB-E8E325985DF1/user/build/luna_pinyin.prism.bin
I20261001 00:29:39.447033 0x10269de40 prism.cc:121] found double array image of size 2048.
I20261001 00:29:39.448093 0x10269de40 engine.cc:377] ConcreteEngine::InitializeOptions
I20261001 00:29:39.448118 0x10269de40 engine.cc:382] found switch option: ascii_mode, reset: 0
I20261001 00:29:39.448144 0x10269de40 engine.cc:133] updated option: ascii_mode
I20261001 00:29:39.448164 0x10269de40 engine.cc:382] found switch option: full_shape, reset: -1
I20261001 00:29:39.448185 0x10269de40 engine.cc:382] found switch option: zh_hant, reset: 1
I20261001 00:29:39.448205 0x10269de40 engine.cc:133] updated option: zh_hant
I20261001 00:29:39.448224 0x10269de40 engine.cc:382] found switch option: zh_hans, reset: 1
I20261001 00:29:39.448249 0x10269de40 engine.cc:133] updated option: zh_hans
I20261001 00:29:39.448269 0x10269de40 engine.cc:382] found switch option: zh_hant_hk, reset: 1
I20261001 00:29:39.448293 0x10269de40 engine.cc:133] updated option: zh_hant_hk
I20261001 00:29:39.448312 0x10269de40 engine.cc:382] found switch option: zh_hant_tw, reset: 1
I20261001 00:29:39.448333 0x10269de40 engine.cc:133] updated option: zh_hant_tw
I20261001 00:29:39.448351 0x10269de40 engine.cc:382] found switch option: ascii_punct, reset: -1
2026-10-01 00:29:39.448378+0800 Universe Keyboard[12320:34534778] [RIME] createSession: sessionId=4855531096
I20261001 00:29:39.448648 0x10269de40 engine.cc:133] updated option: _auto_commit
I20261001 00:29:39.448730 0x10269de40 table_db.cc:73] stabledb 'custom_phrase' does not exist.
I20261001 00:29:39.448808 0x10269de40 dictionary.cc:380] loading dictionary 'luna_pinyin'.
I20261001 00:29:39.448829 0x10269de40 table.cc:270] loading table file: /Users/doubleshy0n/Library/Developer/CoreSimulator/Devices/405D994F-28CB-4F89-BB22-B64AD81C05A2/data/Containers/Data/Application/7D0B2F85-7CBC-4F34-9B83-A135091C275B/tmp/rime-builtin-runtime-3740E9CE-5782-429C-9FFB-E8E325985DF1/shared/build/luna_pinyin.table.bin
I20261001 00:29:39.448918 0x10269de40 prism.cc:83] loading prism file: /Users/doubleshy0n/Library/Developer/CoreSimulator/Devices/405D994F-28CB-4F89-BB22-B64AD81C05A2/data/Containers/Data/Application/7D0B2F85-7CBC-4F34-9B83-A135091C275B/tmp/rime-builtin-runtime-3740E9CE-5782-429C-9FFB-E8E325985DF1/user/build/luna_pinyin.prism.bin
I20261001 00:29:39.448991 0x10269de40 prism.cc:121] found double array image of size 2048.
I20261001 00:29:39.449137 0x10269de40 engine.cc:377] ConcreteEngine::InitializeOptions
I20261001 00:29:39.449161 0x10269de40 engine.cc:382] found switch option: ascii_mode, reset: 0
I20261001 00:29:39.449186 0x10269de40 engine.cc:133] updated option: ascii_mode
I20261001 00:29:39.449233 0x10269de40 engine.cc:382] found switch option: full_shape, reset: -1
I20261001 00:29:39.449276 0x10269de40 engine.cc:382] found switch option: zh_hant, reset: 1
I20261001 00:29:39.449307 0x10269de40 engine.cc:133] updated option: zh_hant
I20261001 00:29:39.449347 0x10269de40 engine.cc:382] found switch option: zh_hans, reset: 1
I20261001 00:29:39.449371 0x10269de40 engine.cc:133] updated option: zh_hans
I20261001 00:29:39.449400 0x10269de40 engine.cc:382] found switch option: zh_hant_hk, reset: 1
I20261001 00:29:39.449438 0x10269de40 engine.cc:133] updated option: zh_hant_hk
I20261001 00:29:39.449468 0x10269de40 engine.cc:382] found switch option: zh_hant_tw, reset: 1
I20261001 00:29:39.449492 0x10269de40 engine.cc:133] updated option: zh_hant_tw
I20261001 00:29:39.449517 0x10269de40 engine.cc:382] found switch option: ascii_punct, reset: -1
I20261001 00:29:39.449539 0x10269de40 config_data.cc:202] write: var/previously_selected_schema
I20261001 00:29:39.449566 0x10269de40 config_data.cc:202] write: var/schema_access_time/luna_pinyin
I20261001 00:29:39.449596 0x10269de40 config_data.cc:92] saving config file '/Users/doubleshy0n/Library/Developer/CoreSimulator/Devices/405D994F-28CB-4F89-BB22-B64AD81C05A2/data/Containers/Data/Application/7D0B2F85-7CBC-4F34-9B83-A135091C275B/tmp/rime-builtin-runtime-3740E9CE-5782-429C-9FFB-E8E325985DF1/user/user.yaml'.
I20261001 00:29:39.455030 0x10269de40 dictionary.cc:380] loading dictionary 'stroke'.
I20261001 00:29:39.455085 0x10269de40 table.cc:270] loading table file: /Users/doubleshy0n/Library/Developer/CoreSimulator/Devices/405D994F-28CB-4F89-BB22-B64AD81C05A2/data/Containers/Data/Application/7D0B2F85-7CBC-4F34-9B83-A135091C275B/tmp/rime-builtin-runtime-3740E9CE-5782-429C-9FFB-E8E325985DF1/shared/build/stroke.table.bin
I20261001 00:29:39.455206 0x10269de40 prism.cc:83] loading prism file: /Users/doubleshy0n/Library/Developer/CoreSimulator/Devices/405D994F-28CB-4F89-BB22-B64AD81C05A2/data/Containers/Data/Application/7D0B2F85-7CBC-4F34-9B83-A135091C275B/tmp/rime-builtin-runtime-3740E9CE-5782-429C-9FFB-E8E325985DF1/user/build/stroke.prism.bin
I20261001 00:29:39.455370 0x10269de40 prism.cc:121] found double array image of size 875264.
I20261001 00:29:39.455431 0x10269de40 reverse_lookup_dictionary.cc:33] loading reversedb: /Users/doubleshy0n/Library/Developer/CoreSimulator/Devices/405D994F-28CB-4F89-BB22-B64AD81C05A2/data/Containers/Data/Application/7D0B2F85-7CBC-4F34-9B83-A135091C275B/tmp/rime-builtin-runtime-3740E9CE-5782-429C-9FFB-E8E325985DF1/shared/build/luna_pinyin.reverse.bin
I20261001 00:29:39.456283 0x10269de40 engine.cc:96] engine disposed.
Test Case '-[UniverseKeyboardTests.RimeBuiltinRuntimeClosureTests testBundledOfficialLunaClosureDeploysWithFuzzyPinyinOffAndOn]' passed (3.099 seconds).
Test Suite 'RimeBuiltinRuntimeClosureTests' passed at 2026-10-01 00:29:39.473.
	 Executed 1 test, with 0 failures (0 unexpected) in 3.099 (3.100) seconds
Test Suite 'RimeIcePinnedArtifactTests' started at 2026-10-01 00:29:39.473.
Test Case '-[UniverseKeyboardTests.RimeIcePinnedArtifactTests testCatalogUsesDatedReleaseWithBoundDiagnostics]' started.
Test Case '-[UniverseKeyboardTests.RimeIcePinnedArtifactTests testCatalogUsesDatedReleaseWithBoundDiagnostics]' passed (0.008 seconds).
Test Case '-[UniverseKeyboardTests.RimeIcePinnedArtifactTests testVerifiedOfficialAndMirrorArchivesConvergeAfterProductionProcessing]' started.
/Users/doubleshy0n/.codex/worktrees/paired-rollout-preflight/Universe Keyboard/UniverseKeyboardTests/RimeIcePinnedArtifactTests.swift:26: -[UniverseKeyboardTests.RimeIcePinnedArtifactTests testVerifiedOfficialAndMirrorArchivesConvergeAfterProductionProcessing] : Test skipped - Set TEST_RUNNER_SCHEME_PIN_ARCHIVE_ROOT to the independently downloaded source archives
Test Case '-[UniverseKeyboardTests.RimeIcePinnedArtifactTests testVerifiedOfficialAndMirrorArchivesConvergeAfterProductionProcessing]' skipped (0.010 seconds).
Test Suite 'RimeIcePinnedArtifactTests' passed at 2026-10-01 00:29:39.492.
	 Executed 2 tests, with 1 test skipped and 0 failures (0 unexpected) in 0.018 (0.019) seconds
Test Suite 'RimeSettingsStoreTests' started at 2026-10-01 00:29:39.492.
Test Case '-[UniverseKeyboardTests.RimeSettingsStoreTests testAdvancedInputStatusExplainsRuntimeLuaModuleMissing]' started.
Test Case '-[UniverseKeyboardTests.RimeSettingsStoreTests testAdvancedInputStatusExplainsRuntimeLuaModuleMissing]' passed (0.001 seconds).
Test Case '-[UniverseKeyboardTests.RimeSettingsStoreTests testAdvancedInputStatusOffersApplyWhenDeploymentIsPending]' started.
Test Case '-[UniverseKeyboardTests.RimeSettingsStoreTests testAdvancedInputStatusOffersApplyWhenDeploymentIsPending]' passed (0.001 seconds).
Test Case '-[UniverseKeyboardTests.RimeSettingsStoreTests testAdvancedInputStatusOffersRedownloadForStrippedOrMissingLuaFiles]' started.
Test Case '-[UniverseKeyboardTests.RimeSettingsStoreTests testAdvancedInputStatusOffersRedownloadForStrippedOrMissingLuaFiles]' passed (0.000 seconds).
Test Case '-[UniverseKeyboardTests.RimeSettingsStoreTests testAdvancedInputStatusOffersSchemaSwitchForInactiveRimeIce]' started.
Test Case '-[UniverseKeyboardTests.RimeSettingsStoreTests testAdvancedInputStatusOffersSchemaSwitchForInactiveRimeIce]' passed (0.000 seconds).
Test Case '-[UniverseKeyboardTests.RimeSettingsStoreTests testAdvancedInputStatusRejectsSmokePassFromStaleDeployment]' started.
Test Case '-[UniverseKeyboardTests.RimeSettingsStoreTests testAdvancedInputStatusRejectsSmokePassFromStaleDeployment]' passed (0.001 seconds).
Test Case '-[UniverseKeyboardTests.RimeSettingsStoreTests testAdvancedInputStatusUsesReadyTextForAvailableDiagnostic]' started.
Test Case '-[UniverseKeyboardTests.RimeSettingsStoreTests testAdvancedInputStatusUsesReadyTextForAvailableDiagnostic]' passed (0.001 seconds).
Test Case '-[UniverseKeyboardTests.RimeSettingsStoreTests testAdvancedInputSupportedSchemeReportsAvailablePreferences]' started.
Test Case '-[UniverseKeyboardTests.RimeSettingsStoreTests testAdvancedInputSupportedSchemeReportsAvailablePreferences]' passed (0.001 seconds).
Test Case '-[UniverseKeyboardTests.RimeSettingsStoreTests testAdvancedInputUnsupportedSchemeKeepsSettingsButDisablesCapability]' started.
Test Case '-[UniverseKeyboardTests.RimeSettingsStoreTests testAdvancedInputUnsupportedSchemeKeepsSettingsButDisablesCapability]' passed (0.000 seconds).
Test Case '-[UniverseKeyboardTests.RimeSettingsStoreTests testAutoBackupIsOffByDefaultAndDoesNotBackup]' started.
Test Case '-[UniverseKeyboardTests.RimeSettingsStoreTests testAutoBackupIsOffByDefaultAndDoesNotBackup]' passed (0.001 seconds).
Test Case '-[UniverseKeyboardTests.RimeSettingsStoreTests testAutoBackupRunsForChangedLearningDataWhenEnabled]' started.
Test Case '-[UniverseKeyboardTests.RimeSettingsStoreTests testAutoBackupRunsForChangedLearningDataWhenEnabled]' passed (0.001 seconds).
Test Case '-[UniverseKeyboardTests.RimeSettingsStoreTests testAutoBackupSkipsWhenLatestBackupMatchesCurrentLearningData]' started.
Test Case '-[UniverseKeyboardTests.RimeSettingsStoreTests testAutoBackupSkipsWhenLatestBackupMatchesCurrentLearningData]' passed (0.001 seconds).
Test Case '-[UniverseKeyboardTests.RimeSettingsStoreTests testBackupUserDictionaryShowsPlainUserMessage]' started.
Test Case '-[UniverseKeyboardTests.RimeSettingsStoreTests testBackupUserDictionaryShowsPlainUserMessage]' passed (0.001 seconds).
Test Case '-[UniverseKeyboardTests.RimeSettingsStoreTests testCancelFailedDeploymentStillResetsToIdle]' started.
Test Case '-[UniverseKeyboardTests.RimeSettingsStoreTests testCancelFailedDeploymentStillResetsToIdle]' passed (0.001 seconds).
Test Case '-[UniverseKeyboardTests.RimeSettingsStoreTests testCancelLiveDeploymentReleasesRetryWithoutWaitingForCompletion]' started.
Test Case '-[UniverseKeyboardTests.RimeSettingsStoreTests testCancelLiveDeploymentReleasesRetryWithoutWaitingForCompletion]' passed (0.013 seconds).
Test Case '-[UniverseKeyboardTests.RimeSettingsStoreTests testCheckForUpdateReportsAlreadyCurrentWithoutStartingDownload]' started.
Test Case '-[UniverseKeyboardTests.RimeSettingsStoreTests testCheckForUpdateReportsAlreadyCurrentWithoutStartingDownload]' passed (0.001 seconds).
Test Case '-[UniverseKeyboardTests.RimeSettingsStoreTests testDefaultAppGroupSettingsStoreDeinitDoesNotAbort]' started.
Test Case '-[UniverseKeyboardTests.RimeSettingsStoreTests testDefaultAppGroupSettingsStoreDeinitDoesNotAbort]' passed (0.001 seconds).
Test Case '-[UniverseKeyboardTests.RimeSettingsStoreTests testDefaultSchemaManagerDeinitDoesNotAbort]' started.
Test Case '-[UniverseKeyboardTests.RimeSettingsStoreTests testDefaultSchemaManagerDeinitDoesNotAbort]' passed (0.001 seconds).
Test Case '-[UniverseKeyboardTests.RimeSettingsStoreTests testDownloadFailureStaysWithItsSchemeAcrossNavigationAndReplacement]' started.
Test Case '-[UniverseKeyboardTests.RimeSettingsStoreTests testDownloadFailureStaysWithItsSchemeAcrossNavigationAndReplacement]' passed (0.000 seconds).
Test Case '-[UniverseKeyboardTests.RimeSettingsStoreTests testFailedAutomaticDeploymentRemainsSuppressedAfterLoadAndRelaunch]' started.
Test Case '-[UniverseKeyboardTests.RimeSettingsStoreTests testFailedAutomaticDeploymentRemainsSuppressedAfterLoadAndRelaunch]' passed (0.001 seconds).
Test Case '-[UniverseKeyboardTests.RimeSettingsStoreTests testLoadDoesNotSeedDeployIntentWhenAlreadyDeployed]' started.
Test Case '-[UniverseKeyboardTests.RimeSettingsStoreTests testLoadDoesNotSeedDeployIntentWhenAlreadyDeployed]' passed (0.001 seconds).
Test Case '-[UniverseKeyboardTests.RimeSettingsStoreTests testLoadDoesNotSeedDeployIntentWhenAutomaticRetryIsSuppressed]' started.
Test Case '-[UniverseKeyboardTests.RimeSettingsStoreTests testLoadDoesNotSeedDeployIntentWhenAutomaticRetryIsSuppressed]' passed (0.001 seconds).
Test Case '-[UniverseKeyboardTests.RimeSettingsStoreTests testLoadReadsPreferencesThroughInjectedPersistence]' started.
Test Case '-[UniverseKeyboardTests.RimeSettingsStoreTests testLoadReadsPreferencesThroughInjectedPersistence]' passed (0.001 seconds).
Test Case '-[UniverseKeyboardTests.RimeSettingsStoreTests testLoadReadsStoredAdvancedInputPreferences]' started.
Test Case '-[UniverseKeyboardTests.RimeSettingsStoreTests testLoadReadsStoredAdvancedInputPreferences]' passed (0.000 seconds).
Test Case '-[UniverseKeyboardTests.RimeSettingsStoreTests testLoadReadsStoredFuzzyPinyinPreferences]' started.
Test Case '-[UniverseKeyboardTests.RimeSettingsStoreTests testLoadReadsStoredFuzzyPinyinPreferences]' passed (0.001 seconds).
Test Case '-[UniverseKeyboardTests.RimeSettingsStoreTests testLoadReadsStoredUserDictionaryPreferences]' started.
Test Case '-[UniverseKeyboardTests.RimeSettingsStoreTests testLoadReadsStoredUserDictionaryPreferences]' passed (0.000 seconds).
Test Case '-[UniverseKeyboardTests.RimeSettingsStoreTests testLoadSeedsBuiltinDeployIntentOnFreshAppGroup]' started.
Test Case '-[UniverseKeyboardTests.RimeSettingsStoreTests testLoadSeedsBuiltinDeployIntentOnFreshAppGroup]' passed (0.001 seconds).
Test Case '-[UniverseKeyboardTests.RimeSettingsStoreTests testLoadTreatsOrphanedDeployingFlagAsFailedWithoutAutoRetry]' started.
Test Case '-[UniverseKeyboardTests.RimeSettingsStoreTests testLoadTreatsOrphanedDeployingFlagAsFailedWithoutAutoRetry]' passed (0.001 seconds).
Test Case '-[UniverseKeyboardTests.RimeSettingsStoreTests testManualDeploymentCanRetryAfterAutomaticFailure]' started.
Test Case '-[UniverseKeyboardTests.RimeSettingsStoreTests testManualDeploymentCanRetryAfterAutomaticFailure]' passed (0.001 seconds).
Test Case '-[UniverseKeyboardTests.RimeSettingsStoreTests testNewGenericIntentAllowsOneAutomaticAttemptAfterPriorFailure]' started.
Test Case '-[UniverseKeyboardTests.RimeSettingsStoreTests testNewGenericIntentAllowsOneAutomaticAttemptAfterPriorFailure]' passed (0.002 seconds).
Test Case '-[UniverseKeyboardTests.RimeSettingsStoreTests testNineKeyLayoutUsesFogCapabilityWhileTwentySixKeyIsWanxiang]' started.
Test Case '-[UniverseKeyboardTests.RimeSettingsStoreTests testNineKeyLayoutUsesFogCapabilityWhileTwentySixKeyIsWanxiang]' passed (0.001 seconds).
Test Case '-[UniverseKeyboardTests.RimeSettingsStoreTests testResetUserDictionaryDoesNotDeployWhenSafetyPreparationFails]' started.
Test Case '-[UniverseKeyboardTests.RimeSettingsStoreTests testResetUserDictionaryDoesNotDeployWhenSafetyPreparationFails]' passed (0.001 seconds).
Test Case '-[UniverseKeyboardTests.RimeSettingsStoreTests testRestoreUserDictionaryDoesNotDeployWhenNoBackupExists]' started.
Test Case '-[UniverseKeyboardTests.RimeSettingsStoreTests testRestoreUserDictionaryDoesNotDeployWhenNoBackupExists]' passed (0.000 seconds).
Test Case '-[UniverseKeyboardTests.RimeSettingsStoreTests testRestoreUserDictionaryMarksPendingDeploymentWhenSuccessful]' started.
Test Case '-[UniverseKeyboardTests.RimeSettingsStoreTests testRestoreUserDictionaryMarksPendingDeploymentWhenSuccessful]' passed (0.000 seconds).
Test Case '-[UniverseKeyboardTests.RimeSettingsStoreTests testSaveAdvancedInputSettingsPersistsAndMarksDeploymentNeeded]' started.
Test Case '-[UniverseKeyboardTests.RimeSettingsStoreTests testSaveAdvancedInputSettingsPersistsAndMarksDeploymentNeeded]' passed (0.001 seconds).
Test Case '-[UniverseKeyboardTests.RimeSettingsStoreTests testSaveAdvancedInputSettingsSkipsDeployWhenSignatureAlreadyMatches]' started.
Test Case '-[UniverseKeyboardTests.RimeSettingsStoreTests testSaveAdvancedInputSettingsSkipsDeployWhenSignatureAlreadyMatches]' passed (0.001 seconds).
Test Case '-[UniverseKeyboardTests.RimeSettingsStoreTests testSaveFuzzyPinyinSettingsPersistsAndMarksDeploymentNeeded]' started.
Test Case '-[UniverseKeyboardTests.RimeSettingsStoreTests testSaveFuzzyPinyinSettingsPersistsAndMarksDeploymentNeeded]' passed (0.001 seconds).
Test Case '-[UniverseKeyboardTests.RimeSettingsStoreTests testSaveFuzzyPinyinSettingsSkipsDeployWhenSignatureAlreadyMatches]' started.
Test Case '-[UniverseKeyboardTests.RimeSettingsStoreTests testSaveFuzzyPinyinSettingsSkipsDeployWhenSignatureAlreadyMatches]' passed (0.000 seconds).
Test Case '-[UniverseKeyboardTests.RimeSettingsStoreTests testSaveUserDictionarySettingsPersistsAndMarksDeploymentNeeded]' started.
Test Case '-[UniverseKeyboardTests.RimeSettingsStoreTests testSaveUserDictionarySettingsPersistsAndMarksDeploymentNeeded]' passed (0.001 seconds).
Test Case '-[UniverseKeyboardTests.RimeSettingsStoreTests testSaveUserDictionarySettingsSkipsDeployWhenSignatureAlreadyMatches]' started.
Test Case '-[UniverseKeyboardTests.RimeSettingsStoreTests testSaveUserDictionarySettingsSkipsDeployWhenSignatureAlreadyMatches]' passed (0.000 seconds).
Test Case '-[UniverseKeyboardTests.RimeSettingsStoreTests testTriggerDeploymentCompletesInsideMainAppBeforeKeyboardUse]' started.
Test Case '-[UniverseKeyboardTests.RimeSettingsStoreTests testTriggerDeploymentCompletesInsideMainAppBeforeKeyboardUse]' passed (0.001 seconds).
Test Case '-[UniverseKeyboardTests.RimeSettingsStoreTests testTriggerFuzzyDeploymentIfNeededOnlyRunsWhenPending]' started.
Test Case '-[UniverseKeyboardTests.RimeSettingsStoreTests testTriggerFuzzyDeploymentIfNeededOnlyRunsWhenPending]' passed (0.001 seconds).
Test Case '-[UniverseKeyboardTests.RimeSettingsStoreTests testTriggerPendingDeploymentIfNeededDoesNotLoopAfterFailure]' started.
Test Case '-[UniverseKeyboardTests.RimeSettingsStoreTests testTriggerPendingDeploymentIfNeededDoesNotLoopAfterFailure]' passed (0.001 seconds).
Test Case '-[UniverseKeyboardTests.RimeSettingsStoreTests testTriggerPendingDeploymentIfNeededRunsAfterFreshLoadSeed]' started.
Test Case '-[UniverseKeyboardTests.RimeSettingsStoreTests testTriggerPendingDeploymentIfNeededRunsAfterFreshLoadSeed]' passed (0.002 seconds).
Test Case '-[UniverseKeyboardTests.RimeSettingsStoreTests testTriggerPendingDeploymentIfNeededRunsForGenericNeedsDeployIntent]' started.
Test Case '-[UniverseKeyboardTests.RimeSettingsStoreTests testTriggerPendingDeploymentIfNeededRunsForGenericNeedsDeployIntent]' passed (0.001 seconds).
Test Case '-[UniverseKeyboardTests.RimeSettingsStoreTests testTriggerPendingDeploymentIfNeededRunsForUserDictionaryIntent]' started.
Test Case '-[UniverseKeyboardTests.RimeSettingsStoreTests testTriggerPendingDeploymentIfNeededRunsForUserDictionaryIntent]' passed (0.001 seconds).
Test Case '-[UniverseKeyboardTests.RimeSettingsStoreTests testUserDictionaryBackupStatusDisablesBackupWhenUpToDate]' started.
Test Case '-[UniverseKeyboardTests.RimeSettingsStoreTests testUserDictionaryBackupStatusDisablesBackupWhenUpToDate]' passed (0.001 seconds).
Test Case '-[UniverseKeyboardTests.RimeSettingsStoreTests testUserDictionaryBackupStatusExplainsLearningAndBackupState]' started.
Test Case '-[UniverseKeyboardTests.RimeSettingsStoreTests testUserDictionaryBackupStatusExplainsLearningAndBackupState]' passed (0.001 seconds).
Test Case '-[UniverseKeyboardTests.RimeSettingsStoreTests testUserDictionaryStatusUsesPlainTextForInstalledSchema]' started.
Test Case '-[UniverseKeyboardTests.RimeSettingsStoreTests testUserDictionaryStatusUsesPlainTextForInstalledSchema]' passed (0.001 seconds).
Test Case '-[UniverseKeyboardTests.RimeSettingsStoreTests testWanxiangLayoutBindingGatesFuzzyAndAdvancedWithoutClearingPreferences]' started.
Test Case '-[UniverseKeyboardTests.RimeSettingsStoreTests testWanxiangLayoutBindingGatesFuzzyAndAdvancedWithoutClearingPreferences]' passed (0.001 seconds).
Test Suite 'RimeSettingsStoreTests' passed at 2026-10-01 00:29:39.556.
	 Executed 49 tests, with 0 failures (0 unexpected) in 0.052 (0.064) seconds
Test Suite 'RimeSyncCryptoTests' started at 2026-10-01 00:29:39.556.
Test Case '-[UniverseKeyboardTests.RimeSyncCryptoTests testCoordinatorRejectsTamperedRemoteBeforePublishingMergedSettings]' started.
Test Case '-[UniverseKeyboardTests.RimeSyncCryptoTests testCoordinatorRejectsTamperedRemoteBeforePublishingMergedSettings]' passed (0.007 seconds).
Test Case '-[UniverseKeyboardTests.RimeSyncCryptoTests testEncryptionRoundTripAndRecoveryCodeRoundTrip]' started.
Test Case '-[UniverseKeyboardTests.RimeSyncCryptoTests testEncryptionRoundTripAndRecoveryCodeRoundTrip]' passed (0.002 seconds).
Test Case '-[UniverseKeyboardTests.RimeSyncCryptoTests testTamperedCiphertextFailsClosedAndContainsNoManagedValue]' started.
Test Case '-[UniverseKeyboardTests.RimeSyncCryptoTests testTamperedCiphertextFailsClosedAndContainsNoManagedValue]' passed (0.001 seconds).
Test Case '-[UniverseKeyboardTests.RimeSyncCryptoTests testWrongKeyFailsClosed]' started.
Test Case '-[UniverseKeyboardTests.RimeSyncCryptoTests testWrongKeyFailsClosed]' passed (0.001 seconds).
Test Suite 'RimeSyncCryptoTests' passed at 2026-10-01 00:29:39.569.
	 Executed 4 tests, with 0 failures (0 unexpected) in 0.011 (0.013) seconds
Test Suite 'RimeSyncDiagnosticsTests' started at 2026-10-01 00:29:39.569.
Test Case '-[UniverseKeyboardTests.RimeSyncDiagnosticsTests testBackgroundSuccessRecordsOneCoherentPhaseSequence]' started.
Test Case '-[UniverseKeyboardTests.RimeSyncDiagnosticsTests testBackgroundSuccessRecordsOneCoherentPhaseSequence]' passed (0.005 seconds).
Test Case '-[UniverseKeyboardTests.RimeSyncDiagnosticsTests testFailureMapperNeverPersistsRawErrorText]' started.
Test Case '-[UniverseKeyboardTests.RimeSyncDiagnosticsTests testFailureMapperNeverPersistsRawErrorText]' passed (0.004 seconds).
Test Case '-[UniverseKeyboardTests.RimeSyncDiagnosticsTests testProcessBusyRecordsSkipWithoutPhaseStart]' started.
Test Case '-[UniverseKeyboardTests.RimeSyncDiagnosticsTests testProcessBusyRecordsSkipWithoutPhaseStart]' passed (0.005 seconds).
Test Case '-[UniverseKeyboardTests.RimeSyncDiagnosticsTests testSchedulerCompletionCommitsProposedTerminalAfterLifecycleClaim]' started.
Test Case '-[UniverseKeyboardTests.RimeSyncDiagnosticsTests testSchedulerCompletionCommitsProposedTerminalAfterLifecycleClaim]' passed (0.001 seconds).
Test Case '-[UniverseKeyboardTests.RimeSyncDiagnosticsTests testSchedulerExpirationRecordsBeforeLateCancellation]' started.
Test Case '-[UniverseKeyboardTests.RimeSyncDiagnosticsTests testSchedulerExpirationRecordsBeforeLateCancellation]' passed (0.000 seconds).
Test Case '-[UniverseKeyboardTests.RimeSyncDiagnosticsTests testSessionRejectsUnrequestedAndOutOfOrderPhases]' started.
Test Case '-[UniverseKeyboardTests.RimeSyncDiagnosticsTests testSessionRejectsUnrequestedAndOutOfOrderPhases]' passed (0.001 seconds).
Test Suite 'RimeSyncDiagnosticsTests' passed at 2026-10-01 00:29:39.587.
	 Executed 6 tests, with 0 failures (0 unexpected) in 0.016 (0.017) seconds
Test Suite 'RimeSyncModelTests' started at 2026-10-01 00:29:39.587.
Test Case '-[UniverseKeyboardTests.RimeSyncModelTests testAutomaticCancellationNotificationRequiresAnUnfinishedScope]' started.
Test Case '-[UniverseKeyboardTests.RimeSyncModelTests testAutomaticCancellationNotificationRequiresAnUnfinishedScope]' passed (0.001 seconds).
Test Case '-[UniverseKeyboardTests.RimeSyncModelTests testAutomaticSyncRequiresUserOptInAndTurnsOffWithLastScope]' started.
Test Case '-[UniverseKeyboardTests.RimeSyncModelTests testAutomaticSyncRequiresUserOptInAndTurnsOffWithLastScope]' passed (0.012 seconds).
Test Case '-[UniverseKeyboardTests.RimeSyncModelTests testAutomaticSyncSuboptionsDefaultOnAndPreserveExplicitChoice]' started.
Test Case '-[UniverseKeyboardTests.RimeSyncModelTests testAutomaticSyncSuboptionsDefaultOnAndPreserveExplicitChoice]' passed (0.004 seconds).
Test Case '-[UniverseKeyboardTests.RimeSyncModelTests testCancellablePhaseRejectsLateSuccessAfterCancellation]' started.
Test Case '-[UniverseKeyboardTests.RimeSyncModelTests testCancellablePhaseRejectsLateSuccessAfterCancellation]' passed (0.001 seconds).
Test Case '-[UniverseKeyboardTests.RimeSyncModelTests testCancellablePhaseReturnsSuccessfulValueWhenStillActive]' started.
Test Case '-[UniverseKeyboardTests.RimeSyncModelTests testCancellablePhaseReturnsSuccessfulValueWhenStillActive]' passed (0.001 seconds).
Test Case '-[UniverseKeyboardTests.RimeSyncModelTests testConfigurationAndManualSyncAreRejectedWhileAnotherProcessOwnsGate]' started.
Test Case '-[UniverseKeyboardTests.RimeSyncModelTests testConfigurationAndManualSyncAreRejectedWhileAnotherProcessOwnsGate]' passed (0.007 seconds).
Test Case '-[UniverseKeyboardTests.RimeSyncModelTests testDisconnectDoesNotMutateStateWhileAnotherProcessSyncOwnsGate]' started.
Test Case '-[UniverseKeyboardTests.RimeSyncModelTests testDisconnectDoesNotMutateStateWhileAnotherProcessSyncOwnsGate]' passed (0.004 seconds).
Test Case '-[UniverseKeyboardTests.RimeSyncModelTests testKeychainAccessDeniedGuidanceDoesNotReferToSyncFolder]' started.
Test Case '-[UniverseKeyboardTests.RimeSyncModelTests testKeychainAccessDeniedGuidanceDoesNotReferToSyncFolder]' passed (0.001 seconds).
Test Case '-[UniverseKeyboardTests.RimeSyncModelTests testLocalFolderDeletionFailurePreservesPackageConfigurationAndSecrets]' started.
Test Case '-[UniverseKeyboardTests.RimeSyncModelTests testLocalFolderDeletionFailurePreservesPackageConfigurationAndSecrets]' passed (0.036 seconds).
Test Case '-[UniverseKeyboardTests.RimeSyncModelTests testProfileMergeKeepsIndependentChangesAndDeterministicallyResolvesSameField]' started.
Test Case '-[UniverseKeyboardTests.RimeSyncModelTests testProfileMergeKeepsIndependentChangesAndDeterministicallyResolvesSameField]' passed (0.001 seconds).
Test Case '-[UniverseKeyboardTests.RimeSyncModelTests testProfileUpdatesOnlyChangedFieldsAndPreservesUnknownFields]' started.
Test Case '-[UniverseKeyboardTests.RimeSyncModelTests testProfileUpdatesOnlyChangedFieldsAndPreservesUnknownFields]' passed (0.001 seconds).
Test Case '-[UniverseKeyboardTests.RimeSyncModelTests testRemoteDeletionDisconnectRemovesSecretsAndSyncConfiguration]' started.
Test Case '-[UniverseKeyboardTests.RimeSyncModelTests testRemoteDeletionDisconnectRemovesSecretsAndSyncConfiguration]' passed (0.007 seconds).
Test Case '-[UniverseKeyboardTests.RimeSyncModelTests testRemoteDeletionReportsPartialKeychainCleanupAndCanBeRetried]' started.
Test Case '-[UniverseKeyboardTests.RimeSyncModelTests testRemoteDeletionReportsPartialKeychainCleanupAndCanBeRetried]' passed (0.006 seconds).
Test Case '-[UniverseKeyboardTests.RimeSyncModelTests testRimeSyncSecretStorePersistsUpdatesAndDeletesAUniqueKeychainItem]' started.
/Users/doubleshy0n/.codex/worktrees/paired-rollout-preflight/Universe Keyboard/UniverseKeyboardTests/RimeSyncTests.swift:91: -[UniverseKeyboardTests.RimeSyncModelTests testRimeSyncSecretStorePersistsUpdatesAndDeletesAUniqueKeychainItem] : Test skipped - Unsigned host lacks Keychain entitlement; signed Simulator lane covers integration.
Test Case '-[UniverseKeyboardTests.RimeSyncModelTests testRimeSyncSecretStorePersistsUpdatesAndDeletesAUniqueKeychainItem]' skipped (0.002 seconds).
Test Case '-[UniverseKeyboardTests.RimeSyncModelTests testScalarUsesPlainJSONValues]' started.
Test Case '-[UniverseKeyboardTests.RimeSyncModelTests testScalarUsesPlainJSONValues]' passed (0.001 seconds).
Test Case '-[UniverseKeyboardTests.RimeSyncModelTests testSyncNotificationCopyFiltersAndCombinesSelectedScopes]' started.
Test Case '-[UniverseKeyboardTests.RimeSyncModelTests testSyncNotificationCopyFiltersAndCombinesSelectedScopes]' passed (0.001 seconds).
Test Case '-[UniverseKeyboardTests.RimeSyncModelTests testSyncPhasesDescribeTheSingleVisibleSyncFlow]' started.
Test Case '-[UniverseKeyboardTests.RimeSyncModelTests testSyncPhasesDescribeTheSingleVisibleSyncFlow]' passed (0.000 seconds).
Test Case '-[UniverseKeyboardTests.RimeSyncModelTests testUITestFixtureDisablesProductionBackgroundScheduling]' started.
Test Case '-[UniverseKeyboardTests.RimeSyncModelTests testUITestFixtureDisablesProductionBackgroundScheduling]' passed (0.004 seconds).
Test Case '-[UniverseKeyboardTests.RimeSyncModelTests testUnknownPackageRootTypePreservesConfigurationAndSecrets]' started.
Test Case '-[UniverseKeyboardTests.RimeSyncModelTests testUnknownPackageRootTypePreservesConfigurationAndSecrets]' passed (0.006 seconds).
Test Suite 'RimeSyncModelTests' passed at 2026-10-01 00:29:39.685.
	 Executed 19 tests, with 1 test skipped and 0 failures (0 unexpected) in 0.093 (0.098) seconds
Test Suite 'RimeSyncTransportTests' started at 2026-10-01 00:29:39.685.
Test Case '-[UniverseKeyboardTests.RimeSyncTransportTests testCoordinatorRejectsOversizedRemotePackageBeforeDecryption]' started.
Test Case '-[UniverseKeyboardTests.RimeSyncTransportTests testCoordinatorRejectsOversizedRemotePackageBeforeDecryption]' passed (0.001 seconds).
Test Case '-[UniverseKeyboardTests.RimeSyncTransportTests testCoordinatorRetriesOneConcurrentWrite]' started.
Test Case '-[UniverseKeyboardTests.RimeSyncTransportTests testCoordinatorRetriesOneConcurrentWrite]' passed (0.002 seconds).
Test Case '-[UniverseKeyboardTests.RimeSyncTransportTests testDiagnosticErrorCodesAreStableAndExcludeUnderlyingDetails]' started.
Test Case '-[UniverseKeyboardTests.RimeSyncTransportTests testDiagnosticErrorCodesAreStableAndExcludeUnderlyingDetails]' passed (0.001 seconds).
Test Case '-[UniverseKeyboardTests.RimeSyncTransportTests testFolderPreflightDiagnosticIncludesTheFailingStage]' started.
Test Case '-[UniverseKeyboardTests.RimeSyncTransportTests testFolderPreflightDiagnosticIncludesTheFailingStage]' passed (0.000 seconds).
Test Case '-[UniverseKeyboardTests.RimeSyncTransportTests testLocalFolderDeletionDoesNotRemoveNonDirectoryAtPackageRoot]' started.
Test Case '-[UniverseKeyboardTests.RimeSyncTransportTests testLocalFolderDeletionDoesNotRemoveNonDirectoryAtPackageRoot]' passed (0.004 seconds).
Test Case '-[UniverseKeyboardTests.RimeSyncTransportTests testLocalFolderDeletionRemovesPrivatePackageOnly]' started.
Test Case '-[UniverseKeyboardTests.RimeSyncTransportTests testLocalFolderDeletionRemovesPrivatePackageOnly]' passed (0.004 seconds).
Test Case '-[UniverseKeyboardTests.RimeSyncTransportTests testLocalFolderDeletionSucceedsWhenPrivatePackageIsConfirmedMissing]' started.
Test Case '-[UniverseKeyboardTests.RimeSyncTransportTests testLocalFolderDeletionSucceedsWhenPrivatePackageIsConfirmedMissing]' passed (0.003 seconds).
Test Case '-[UniverseKeyboardTests.RimeSyncTransportTests testLocalFolderPreflightVerifiesAccessWithoutLeavingFiles]' started.
Test Case '-[UniverseKeyboardTests.RimeSyncTransportTests testLocalFolderPreflightVerifiesAccessWithoutLeavingFiles]' passed (0.004 seconds).
Test Case '-[UniverseKeyboardTests.RimeSyncTransportTests testLocalFolderPublishesContractLayoutAndRejectsStaleETag]' started.
Test Case '-[UniverseKeyboardTests.RimeSyncTransportTests testLocalFolderPublishesContractLayoutAndRejectsStaleETag]' passed (0.008 seconds).
Test Case '-[UniverseKeyboardTests.RimeSyncTransportTests testLocalFolderPublishFailsClosedWhenExistingSettingsCannotBeRead]' started.
Test Case '-[UniverseKeyboardTests.RimeSyncTransportTests testLocalFolderPublishFailsClosedWhenExistingSettingsCannotBeRead]' passed (0.015 seconds).
Test Case '-[UniverseKeyboardTests.RimeSyncTransportTests testWebDAVDeletionIsScopedToThePrivatePackageRoot]' started.
Test Case '-[UniverseKeyboardTests.RimeSyncTransportTests testWebDAVDeletionIsScopedToThePrivatePackageRoot]' passed (0.005 seconds).
Test Case '-[UniverseKeyboardTests.RimeSyncTransportTests testWebDAVUsesConditionalWriteAndExpectedPackagePaths]' started.
Test Case '-[UniverseKeyboardTests.RimeSyncTransportTests testWebDAVUsesConditionalWriteAndExpectedPackagePaths]' passed (0.001 seconds).
Test Suite 'RimeSyncTransportTests' passed at 2026-10-01 00:29:39.736.
	 Executed 12 tests, with 0 failures (0 unexpected) in 0.048 (0.051) seconds
Test Suite 'RimeUserDictionaryBackupServiceTests' started at 2026-10-01 00:29:39.737.
Test Case '-[UniverseKeyboardTests.RimeUserDictionaryBackupServiceTests testBackupAndRestoreLatestUserDictionaryFiles]' started.
Test Case '-[UniverseKeyboardTests.RimeUserDictionaryBackupServiceTests testBackupAndRestoreLatestUserDictionaryFiles]' passed (0.010 seconds).
Test Case '-[UniverseKeyboardTests.RimeUserDictionaryBackupServiceTests testBackupDetectsNewLearningDataAfterManifestChanges]' started.
Test Case '-[UniverseKeyboardTests.RimeUserDictionaryBackupServiceTests testBackupDetectsNewLearningDataAfterManifestChanges]' passed (0.007 seconds).
Test Case '-[UniverseKeyboardTests.RimeUserDictionaryBackupServiceTests testBackupReportsNoLearningDataWhenUserDBIsMissing]' started.
Test Case '-[UniverseKeyboardTests.RimeUserDictionaryBackupServiceTests testBackupReportsNoLearningDataWhenUserDBIsMissing]' passed (0.001 seconds).
Test Case '-[UniverseKeyboardTests.RimeUserDictionaryBackupServiceTests testResetCreatesRecoveryBackupBeforeDeletingLearningData]' started.
Test Case '-[UniverseKeyboardTests.RimeUserDictionaryBackupServiceTests testResetCreatesRecoveryBackupBeforeDeletingLearningData]' passed (0.006 seconds).
Test Case '-[UniverseKeyboardTests.RimeUserDictionaryBackupServiceTests testRestoreCreatesRecoveryBackupBeforeReplacingNewerLearningData]' started.
Test Case '-[UniverseKeyboardTests.RimeUserDictionaryBackupServiceTests testRestoreCreatesRecoveryBackupBeforeReplacingNewerLearningData]' passed (0.014 seconds).
Test Suite 'RimeUserDictionaryBackupServiceTests' passed at 2026-10-01 00:29:39.777.
	 Executed 5 tests, with 0 failures (0 unexpected) in 0.039 (0.041) seconds
Test Suite 'SchemaArtifactSecurityTests' started at 2026-10-01 00:29:39.777.
Test Case '-[UniverseKeyboardTests.SchemaArtifactSecurityTests testArchiveVerificationBindsExactSizeAndSHA256]' started.
Test Case '-[UniverseKeyboardTests.SchemaArtifactSecurityTests testArchiveVerificationBindsExactSizeAndSHA256]' passed (0.002 seconds).
Test Case '-[UniverseKeyboardTests.SchemaArtifactSecurityTests testCleanupAcceptsRegisteredAlreadyAbsentArtifact]' started.
Test Case '-[UniverseKeyboardTests.SchemaArtifactSecurityTests testCleanupAcceptsRegisteredAlreadyAbsentArtifact]' passed (0.002 seconds).
Test Case '-[UniverseKeyboardTests.SchemaArtifactSecurityTests testCleanupFailsClosedWhenDeletionFails]' started.
Test Case '-[UniverseKeyboardTests.SchemaArtifactSecurityTests testCleanupFailsClosedWhenDeletionFails]' passed (0.002 seconds).
Test Case '-[UniverseKeyboardTests.SchemaArtifactSecurityTests testCleanupFailsClosedWhenExistenceCheckFails]' started.
Test Case '-[UniverseKeyboardTests.SchemaArtifactSecurityTests testCleanupFailsClosedWhenExistenceCheckFails]' passed (0.002 seconds).
Test Case '-[UniverseKeyboardTests.SchemaArtifactSecurityTests testCleanupReceiptBindsExactRegisteredArtifactAndVerifiesAbsence]' started.
Test Case '-[UniverseKeyboardTests.SchemaArtifactSecurityTests testCleanupReceiptBindsExactRegisteredArtifactAndVerifiesAbsence]' passed (0.002 seconds).
Test Case '-[UniverseKeyboardTests.SchemaArtifactSecurityTests testCleanupRejectsUnregisteredAlreadyAbsentArtifact]' started.
Test Case '-[UniverseKeyboardTests.SchemaArtifactSecurityTests testCleanupRejectsUnregisteredAlreadyAbsentArtifact]' passed (0.001 seconds).
Test Case '-[UniverseKeyboardTests.SchemaArtifactSecurityTests testDownloaderRemovesUnregisteredFileOnDisallowedHostAndZeroLength]' started.
Test Case '-[UniverseKeyboardTests.SchemaArtifactSecurityTests testDownloaderRemovesUnregisteredFileOnDisallowedHostAndZeroLength]' passed (0.002 seconds).
Test Case '-[UniverseKeyboardTests.SchemaArtifactSecurityTests testDownloaderRemovesUnregisteredFileOnNonHTTPResponse]' started.
Test Case '-[UniverseKeyboardTests.SchemaArtifactSecurityTests testDownloaderRemovesUnregisteredFileOnNonHTTPResponse]' passed (0.001 seconds).
Test Case '-[UniverseKeyboardTests.SchemaArtifactSecurityTests testLocalizedIntegrityErrorsDoNotExposeRawDigests]' started.
Test Case '-[UniverseKeyboardTests.SchemaArtifactSecurityTests testLocalizedIntegrityErrorsDoNotExposeRawDigests]' passed (0.005 seconds).
Test Case '-[UniverseKeyboardTests.SchemaArtifactSecurityTests testLocalizedNetworkErrorsDoNotExposeRawSystemText]' started.
Test Case '-[UniverseKeyboardTests.SchemaArtifactSecurityTests testLocalizedNetworkErrorsDoNotExposeRawSystemText]' passed (0.003 seconds).
Test Case '-[UniverseKeyboardTests.SchemaArtifactSecurityTests testManifestRejectsMalformedDigestAndStaleImplementationRevision]' started.
Test Case '-[UniverseKeyboardTests.SchemaArtifactSecurityTests testManifestRejectsMalformedDigestAndStaleImplementationRevision]' passed (0.001 seconds).
Test Case '-[UniverseKeyboardTests.SchemaArtifactSecurityTests testManifestRejectsUnresolvedStagedIdentity]' started.
Test Case '-[UniverseKeyboardTests.SchemaArtifactSecurityTests testManifestRejectsUnresolvedStagedIdentity]' passed (0.000 seconds).
Test Case '-[UniverseKeyboardTests.SchemaArtifactSecurityTests testManifestResolvesAllSourcesToOneExplicitStagedIdentity]' started.
Test Case '-[UniverseKeyboardTests.SchemaArtifactSecurityTests testManifestResolvesAllSourcesToOneExplicitStagedIdentity]' passed (0.001 seconds).
Test Case '-[UniverseKeyboardTests.SchemaArtifactSecurityTests testSchemeDeliveryFormatterUsesReviewedEnumsWithoutPaths]' started.
Test Case '-[UniverseKeyboardTests.SchemaArtifactSecurityTests testSchemeDeliveryFormatterUsesReviewedEnumsWithoutPaths]' passed (0.001 seconds).
Test Case '-[UniverseKeyboardTests.SchemaArtifactSecurityTests testSchemeDeliveryPhaseLinesAreSearchableWithoutChineseFreeText]' started.
Test Case '-[UniverseKeyboardTests.SchemaArtifactSecurityTests testSchemeDeliveryPhaseLinesAreSearchableWithoutChineseFreeText]' passed (0.001 seconds).
Test Case '-[UniverseKeyboardTests.SchemaArtifactSecurityTests testSourceSelectionHedgesAndCancelsSlowerPreferredProbe]' started.
Test Case '-[UniverseKeyboardTests.SchemaArtifactSecurityTests testSourceSelectionHedgesAndCancelsSlowerPreferredProbe]' passed (0.008 seconds).
Test Case '-[UniverseKeyboardTests.SchemaArtifactSecurityTests testSourceSelectionNeverProbesMoreThanTwoVariants]' started.
Test Case '-[UniverseKeyboardTests.SchemaArtifactSecurityTests testSourceSelectionNeverProbesMoreThanTwoVariants]' passed (0.009 seconds).
Test Case '-[UniverseKeyboardTests.SchemaArtifactSecurityTests testStagedDigestIgnoresUnadmittedPurePayloadButBindsInstalledFiles]' started.
Test Case '-[UniverseKeyboardTests.SchemaArtifactSecurityTests testStagedDigestIgnoresUnadmittedPurePayloadButBindsInstalledFiles]' passed (0.009 seconds).
Test Case '-[UniverseKeyboardTests.SchemaArtifactSecurityTests testStagedDigestSeparatesLuaAndNonLuaInstallProfiles]' started.
Test Case '-[UniverseKeyboardTests.SchemaArtifactSecurityTests testStagedDigestSeparatesLuaAndNonLuaInstallProfiles]' passed (0.004 seconds).
Test Case '-[UniverseKeyboardTests.SchemaArtifactSecurityTests testStagedMismatchNeverPermitsSourceFallback]' started.
Test Case '-[UniverseKeyboardTests.SchemaArtifactSecurityTests testStagedMismatchNeverPermitsSourceFallback]' passed (0.000 seconds).
Test Case '-[UniverseKeyboardTests.SchemaArtifactSecurityTests testStaleCleanupReceiptDoesNotProveALaterAttempt]' started.
Test Case '-[UniverseKeyboardTests.SchemaArtifactSecurityTests testStaleCleanupReceiptDoesNotProveALaterAttempt]' passed (0.002 seconds).
Test Suite 'SchemaArtifactSecurityTests' passed at 2026-10-01 00:29:39.842.
	 Executed 21 tests, with 0 failures (0 unexpected) in 0.059 (0.065) seconds
Test Suite 'SchemaManagerTests' started at 2026-10-01 00:29:39.843.
Test Case '-[UniverseKeyboardTests.SchemaManagerTests testActiveUninstallAwaitsLunaDeployBeforeCommittingFiles]' started.
Test Case '-[UniverseKeyboardTests.SchemaManagerTests testActiveUninstallAwaitsLunaDeployBeforeCommittingFiles]' passed (0.006 seconds).
Test Case '-[UniverseKeyboardTests.SchemaManagerTests testActiveUninstallKeepsFilesAndRestoresSchemaWhenLunaDeployFails]' started.
Test Case '-[UniverseKeyboardTests.SchemaManagerTests testActiveUninstallKeepsFilesAndRestoresSchemaWhenLunaDeployFails]' passed (0.002 seconds).
Test Case '-[UniverseKeyboardTests.SchemaManagerTests testActiveUninstallRestoresSchemaWhenStagingFailsAfterLunaDeploy]' started.
Test Case '-[UniverseKeyboardTests.SchemaManagerTests testActiveUninstallRestoresSchemaWhenStagingFailsAfterLunaDeploy]' passed (0.001 seconds).
Test Case '-[UniverseKeyboardTests.SchemaManagerTests testActiveWanxiangUninstallRestoresCompleteRouteStateWhenLunaDeployFails]' started.
Test Case '-[UniverseKeyboardTests.SchemaManagerTests testActiveWanxiangUninstallRestoresCompleteRouteStateWhenLunaDeployFails]' passed (0.002 seconds).
Test Case '-[UniverseKeyboardTests.SchemaManagerTests testActiveWanxiangUninstallRestoresCompleteRouteStateWhenStagingFails]' started.
Test Case '-[UniverseKeyboardTests.SchemaManagerTests testActiveWanxiangUninstallRestoresCompleteRouteStateWhenStagingFails]' passed (0.002 seconds).
Test Case '-[UniverseKeyboardTests.SchemaManagerTests testActiveWanxiangUninstallUsesFailClosedTwentySixKeyRoute]' started.
Test Case '-[UniverseKeyboardTests.SchemaManagerTests testActiveWanxiangUninstallUsesFailClosedTwentySixKeyRoute]' passed (0.002 seconds).
Test Case '-[UniverseKeyboardTests.SchemaManagerTests testAllArchiveIntegrityFailuresStopAfterCleaningEachRegisteredArtifact]' started.
Test Case '-[UniverseKeyboardTests.SchemaManagerTests testAllArchiveIntegrityFailuresStopAfterCleaningEachRegisteredArtifact]' passed (0.003 seconds).
Test Case '-[UniverseKeyboardTests.SchemaManagerTests testArchiveDigestMismatchCleansExactArtifactBeforePinnedFallback]' started.
Test Case '-[UniverseKeyboardTests.SchemaManagerTests testArchiveDigestMismatchCleansExactArtifactBeforePinnedFallback]' passed (0.003 seconds).
Test Case '-[UniverseKeyboardTests.SchemaManagerTests testArchiveSizeMismatchCleansExactRegisteredArtifactBeforePinnedFallback]' started.
Test Case '-[UniverseKeyboardTests.SchemaManagerTests testArchiveSizeMismatchCleansExactRegisteredArtifactBeforePinnedFallback]' passed (0.005 seconds).
Test Case '-[UniverseKeyboardTests.SchemaManagerTests testCancellationAfterCleanupDoesNotRequestFallbackSource]' started.
Test Case '-[UniverseKeyboardTests.SchemaManagerTests testCancellationAfterCleanupDoesNotRequestFallbackSource]' passed (0.005 seconds).
Test Case '-[UniverseKeyboardTests.SchemaManagerTests testCancellationCannotInterruptOwnedCommitLease]' started.
Test Case '-[UniverseKeyboardTests.SchemaManagerTests testCancellationCannotInterruptOwnedCommitLease]' passed (0.001 seconds).
Test Case '-[UniverseKeyboardTests.SchemaManagerTests testCancelledCommitLeaseAttemptDoesNotRegisterAvailabilityWaiter]' started.
Test Case '-[UniverseKeyboardTests.SchemaManagerTests testCancelledCommitLeaseAttemptDoesNotRegisterAvailabilityWaiter]' passed (0.001 seconds).
Test Case '-[UniverseKeyboardTests.SchemaManagerTests testCheckForUpdateReportsCurrentPinnedVersion]' started.
Test Case '-[UniverseKeyboardTests.SchemaManagerTests testCheckForUpdateReportsCurrentPinnedVersion]' passed (0.001 seconds).
Test Case '-[UniverseKeyboardTests.SchemaManagerTests testCheckForUpdateUsesPinnedManifestVersion]' started.
Test Case '-[UniverseKeyboardTests.SchemaManagerTests testCheckForUpdateUsesPinnedManifestVersion]' passed (0.001 seconds).
Test Case '-[UniverseKeyboardTests.SchemaManagerTests testCheckForUpdateUsesWanxiangPinnedVersion]' started.
Test Case '-[UniverseKeyboardTests.SchemaManagerTests testCheckForUpdateUsesWanxiangPinnedVersion]' passed (0.001 seconds).
Test Case '-[UniverseKeyboardTests.SchemaManagerTests testCleanupFailureStopsIntegrityFallback]' started.
Test Case '-[UniverseKeyboardTests.SchemaManagerTests testCleanupFailureStopsIntegrityFallback]' passed (0.001 seconds).
Test Case '-[UniverseKeyboardTests.SchemaManagerTests testCommitLeaseCoalescesConcurrentDeploymentWaiters]' started.
Test Case '-[UniverseKeyboardTests.SchemaManagerTests testCommitLeaseCoalescesConcurrentDeploymentWaiters]' passed (0.001 seconds).
Test Case '-[UniverseKeyboardTests.SchemaManagerTests testCommitLeaseCoalescesMutationsAndAppliesThemAfterRelease]' started.
Test Case '-[UniverseKeyboardTests.SchemaManagerTests testCommitLeaseCoalescesMutationsAndAppliesThemAfterRelease]' passed (0.001 seconds).
Test Case '-[UniverseKeyboardTests.SchemaManagerTests testCommitLeaseKeepsOnlyLatestDeferredDownloadIntent]' started.
Test Case '-[UniverseKeyboardTests.SchemaManagerTests testCommitLeaseKeepsOnlyLatestDeferredDownloadIntent]' passed (0.001 seconds).
Test Case '-[UniverseKeyboardTests.SchemaManagerTests testCS05_UninstallInactiveIceKeepsWanxiangSelectionWithoutLunaDeploy]' started.
Test Case '-[UniverseKeyboardTests.SchemaManagerTests testCS05_UninstallInactiveIceKeepsWanxiangSelectionWithoutLunaDeploy]' passed (0.001 seconds).
Test Case '-[UniverseKeyboardTests.SchemaManagerTests testCS06_UninstallInactiveWanxiangKeepsIceSelectionWithoutLunaDeploy]' started.
Test Case '-[UniverseKeyboardTests.SchemaManagerTests testCS06_UninstallInactiveWanxiangKeepsIceSelectionWithoutLunaDeploy]' passed (0.001 seconds).
Test Case '-[UniverseKeyboardTests.SchemaManagerTests testCS07_ActiveIceUninstallWithWanxiangPeerDeploysLunaBeforeRemovingIce]' started.
Test Case '-[UniverseKeyboardTests.SchemaManagerTests testCS07_ActiveIceUninstallWithWanxiangPeerDeploysLunaBeforeRemovingIce]' passed (0.001 seconds).
Test Case '-[UniverseKeyboardTests.SchemaManagerTests testCS08_ActiveWanxiangUninstallWithIcePeerDeploysLunaBeforeRemovingWanxiang]' started.
Test Case '-[UniverseKeyboardTests.SchemaManagerTests testCS08_ActiveWanxiangUninstallWithIcePeerDeploysLunaBeforeRemovingWanxiang]' passed (0.002 seconds).
Test Case '-[UniverseKeyboardTests.SchemaManagerTests testCS09_UninstallLastActiveIceDeploysLunaAndClearsIceReceipt]' started.
Test Case '-[UniverseKeyboardTests.SchemaManagerTests testCS09_UninstallLastActiveIceDeploysLunaAndClearsIceReceipt]' passed (0.001 seconds).
Test Case '-[UniverseKeyboardTests.SchemaManagerTests testCS09_UninstallLastActiveWanxiangDeploysLunaAndClearsWanxiangReceipt]' started.
Test Case '-[UniverseKeyboardTests.SchemaManagerTests testCS09_UninstallLastActiveWanxiangDeploysLunaAndClearsWanxiangReceipt]' passed (0.001 seconds).
Test Case '-[UniverseKeyboardTests.SchemaManagerTests testCS10_RetainedIceDeploysAfterActiveWanxiangUninstall]' started.
Test Case '-[UniverseKeyboardTests.SchemaManagerTests testCS10_RetainedIceDeploysAfterActiveWanxiangUninstall]' passed (0.001 seconds).
Test Case '-[UniverseKeyboardTests.SchemaManagerTests testCS10_RetainedWanxiangDeploysAfterActiveIceUninstall]' started.
Test Case '-[UniverseKeyboardTests.SchemaManagerTests testCS10_RetainedWanxiangDeploysAfterActiveIceUninstall]' passed (0.001 seconds).
Test Case '-[UniverseKeyboardTests.SchemaManagerTests testCSF1_IceDeployFailureWithWanxiangPeerKeepsPeerAndSkipsIceReceipt]' started.
Test Case '-[UniverseKeyboardTests.SchemaManagerTests testCSF1_IceDeployFailureWithWanxiangPeerKeepsPeerAndSkipsIceReceipt]' passed (0.017 seconds).
Test Case '-[UniverseKeyboardTests.SchemaManagerTests testCSF1_WanxiangDeployFailureWithIcePeerKeepsPeerAndSkipsWanxiangReceipt]' started.
Test Case '-[UniverseKeyboardTests.SchemaManagerTests testCSF1_WanxiangDeployFailureWithIcePeerKeepsPeerAndSkipsWanxiangReceipt]' passed (0.008 seconds).
Test Case '-[UniverseKeyboardTests.SchemaManagerTests testCSF2_ActiveIceUninstallWithWanxiangPeerRestoresIceWhenLunaDeployFails]' started.
Test Case '-[UniverseKeyboardTests.SchemaManagerTests testCSF2_ActiveIceUninstallWithWanxiangPeerRestoresIceWhenLunaDeployFails]' passed (0.001 seconds).
Test Case '-[UniverseKeyboardTests.SchemaManagerTests testCSF2_ActiveWanxiangUninstallWithIcePeerRestoresWanxiangWhenLunaDeployFails]' started.
Test Case '-[UniverseKeyboardTests.SchemaManagerTests testCSF2_ActiveWanxiangUninstallWithIcePeerRestoresWanxiangWhenLunaDeployFails]' passed (0.003 seconds).
Test Case '-[UniverseKeyboardTests.SchemaManagerTests testCSF3_ManagerIceStagingFailureRestoresSelectionAndWanxiangPeerFiles]' started.
Test Case '-[UniverseKeyboardTests.SchemaManagerTests testCSF3_ManagerIceStagingFailureRestoresSelectionAndWanxiangPeerFiles]' passed (0.008 seconds).
Test Case '-[UniverseKeyboardTests.SchemaManagerTests testCSF3_ManagerWanxiangStagingFailureRestoresSelectionAndIcePeerFiles]' started.
Test Case '-[UniverseKeyboardTests.SchemaManagerTests testCSF3_ManagerWanxiangStagingFailureRestoresSelectionAndIcePeerFiles]' passed (0.007 seconds).
Test Case '-[UniverseKeyboardTests.SchemaManagerTests testDeploymentAppliesAdvancedInputFeatureSwitchesToRimeIce]' started.
Test Case '-[UniverseKeyboardTests.SchemaManagerTests testDeploymentAppliesAdvancedInputFeatureSwitchesToRimeIce]' passed (0.008 seconds).
Test Case '-[UniverseKeyboardTests.SchemaManagerTests testDeploymentAppliesFuzzyPinyinToDownloadableSchemaAndPreservesOfficialLuna]' started.
Test Case '-[UniverseKeyboardTests.SchemaManagerTests testDeploymentAppliesFuzzyPinyinToDownloadableSchemaAndPreservesOfficialLuna]' passed (0.003 seconds).
Test Case '-[UniverseKeyboardTests.SchemaManagerTests testDeploymentDoesNotMutateOfficialLunaWhenFuzzyPinyinIsDisabled]' started.
Test Case '-[UniverseKeyboardTests.SchemaManagerTests testDeploymentDoesNotMutateOfficialLunaWhenFuzzyPinyinIsDisabled]' passed (0.004 seconds).
Test Case '-[UniverseKeyboardTests.SchemaManagerTests testDeploymentForwardsOnlyActiveWanxiangSchemaToSmoke]' started.
Test Case '-[UniverseKeyboardTests.SchemaManagerTests testDeploymentForwardsOnlyActiveWanxiangSchemaToSmoke]' passed (0.002 seconds).
Test Case '-[UniverseKeyboardTests.SchemaManagerTests testDisabledDiagnosticsDoNotChangeArchiveFallback]' started.
Test Case '-[UniverseKeyboardTests.SchemaManagerTests testDisabledDiagnosticsDoNotChangeArchiveFallback]' passed (0.010 seconds).
Test Case '-[UniverseKeyboardTests.SchemaManagerTests testDownloadableSchemesUseTheirOwnLicenseDescriptors]' started.
Test Case '-[UniverseKeyboardTests.SchemaManagerTests testDownloadableSchemesUseTheirOwnLicenseDescriptors]' passed (0.001 seconds).
Test Case '-[UniverseKeyboardTests.SchemaManagerTests testDownloadFailureBindsSchemaIDFromDownloadOperation]' started.
Test Case '-[UniverseKeyboardTests.SchemaManagerTests testDownloadFailureBindsSchemaIDFromDownloadOperation]' passed (0.005 seconds).
Test Case '-[UniverseKeyboardTests.SchemaManagerTests testDownloadIsBlockedUntilCurrentLicenseRevisionIsAccepted]' started.
Test Case '-[UniverseKeyboardTests.SchemaManagerTests testDownloadIsBlockedUntilCurrentLicenseRevisionIsAccepted]' passed (0.001 seconds).
Test Case '-[UniverseKeyboardTests.SchemaManagerTests testDownloadSchemeDisplayNameUsesCatalogName]' started.
Test Case '-[UniverseKeyboardTests.SchemaManagerTests testDownloadSchemeDisplayNameUsesCatalogName]' passed (0.000 seconds).
Test Case '-[UniverseKeyboardTests.SchemaManagerTests testDownloadToastMessagesUseSchemeNameAndIndeterminateProgress]' started.
Test Case '-[UniverseKeyboardTests.SchemaManagerTests testDownloadToastMessagesUseSchemeNameAndIndeterminateProgress]' passed (0.000 seconds).
Test Case '-[UniverseKeyboardTests.SchemaManagerTests testEveryThirdPartyCatalogEntryHasBundledOfflineDocuments]' started.
Test Case '-[UniverseKeyboardTests.SchemaManagerTests testEveryThirdPartyCatalogEntryHasBundledOfflineDocuments]' passed (0.004 seconds).
Test Case '-[UniverseKeyboardTests.SchemaManagerTests testExplicitLuaSmokeFailureCannotBeMaskedByDeployedFlag]' started.
Test Case '-[UniverseKeyboardTests.SchemaManagerTests testExplicitLuaSmokeFailureCannotBeMaskedByDeployedFlag]' passed (0.009 seconds).
Test Case '-[UniverseKeyboardTests.SchemaManagerTests testFailedDeploymentPreservesRecoveryIntent]' started.
Test Case '-[UniverseKeyboardTests.SchemaManagerTests testFailedDeploymentPreservesRecoveryIntent]' passed (0.001 seconds).
Test Case '-[UniverseKeyboardTests.SchemaManagerTests testFetchAndDownloadSkipsIdenticalIceReceiptBeforeLiveMutation]' started.
Test Case '-[UniverseKeyboardTests.SchemaManagerTests testFetchAndDownloadSkipsIdenticalIceReceiptBeforeLiveMutation]' passed (0.012 seconds).
Test Case '-[UniverseKeyboardTests.SchemaManagerTests testForceRedownloadPreservesLastVerifiedReceiptUntilReplacementSucceeds]' started.
Test Case '-[UniverseKeyboardTests.SchemaManagerTests testForceRedownloadPreservesLastVerifiedReceiptUntilReplacementSucceeds]' passed (0.001 seconds).
Test Case '-[UniverseKeyboardTests.SchemaManagerTests testGenerationInvalidationAfterLeaseWaitRollsBackLease]' started.
Test Case '-[UniverseKeyboardTests.SchemaManagerTests testGenerationInvalidationAfterLeaseWaitRollsBackLease]' passed (0.001 seconds).
Test Case '-[UniverseKeyboardTests.SchemaManagerTests testInactiveIceUninstallForcesTwentySixKeyAndInvalidatesT9Readiness]' started.
Test Case '-[UniverseKeyboardTests.SchemaManagerTests testInactiveIceUninstallForcesTwentySixKeyAndInvalidatesT9Readiness]' passed (0.001 seconds).
Test Case '-[UniverseKeyboardTests.SchemaManagerTests testIncompleteRollbackStopsWithoutRedeployingOriginalSchema]' started.
Test Case '-[UniverseKeyboardTests.SchemaManagerTests testIncompleteRollbackStopsWithoutRedeployingOriginalSchema]' passed (0.003 seconds).
Test Case '-[UniverseKeyboardTests.SchemaManagerTests testInstallationPassesSharedLuaCapabilityToInstaller]' started.
Test Case '-[UniverseKeyboardTests.SchemaManagerTests testInstallationPassesSharedLuaCapabilityToInstaller]' passed (0.001 seconds).
Test Case '-[UniverseKeyboardTests.SchemaManagerTests testInvalidDeferredDownloadDoesNotStrandDeploymentWaiter]' started.
Test Case '-[UniverseKeyboardTests.SchemaManagerTests testInvalidDeferredDownloadDoesNotStrandDeploymentWaiter]' passed (0.004 seconds).
Test Case '-[UniverseKeyboardTests.SchemaManagerTests testLayoutReadPathsNeverPrepareDeploymentResources]' started.
Test Case '-[UniverseKeyboardTests.SchemaManagerTests testLayoutReadPathsNeverPrepareDeploymentResources]' passed (0.001 seconds).
Test Case '-[UniverseKeyboardTests.SchemaManagerTests testLegacyNightlyInstallationOffersPinnedReleaseUpdate]' started.
Test Case '-[UniverseKeyboardTests.SchemaManagerTests testLegacyNightlyInstallationOffersPinnedReleaseUpdate]' passed (0.001 seconds).
Test Case '-[UniverseKeyboardTests.SchemaManagerTests testLegacyRimeIceAcceptanceMigratesToCurrentRevision]' started.
Test Case '-[UniverseKeyboardTests.SchemaManagerTests testLegacyRimeIceAcceptanceMigratesToCurrentRevision]' passed (0.000 seconds).
Test Case '-[UniverseKeyboardTests.SchemaManagerTests testLegacyWanxiangAcceptanceDoesNotMigrateFromIncorrectSharedDialog]' started.
Test Case '-[UniverseKeyboardTests.SchemaManagerTests testLegacyWanxiangAcceptanceDoesNotMigrateFromIncorrectSharedDialog]' passed (0.000 seconds).
Test Case '-[UniverseKeyboardTests.SchemaManagerTests testLicenseAcceptanceIsIsolatedPerScheme]' started.
Test Case '-[UniverseKeyboardTests.SchemaManagerTests testLicenseAcceptanceIsIsolatedPerScheme]' passed (0.000 seconds).
Test Case '-[UniverseKeyboardTests.SchemaManagerTests testLuaDiagnosticDetectsMissingLuaEntryScript]' started.
Test Case '-[UniverseKeyboardTests.SchemaManagerTests testLuaDiagnosticDetectsMissingLuaEntryScript]' passed (0.004 seconds).
Test Case '-[UniverseKeyboardTests.SchemaManagerTests testLuaDiagnosticDetectsMissingLuaFiles]' started.
Test Case '-[UniverseKeyboardTests.SchemaManagerTests testLuaDiagnosticDetectsMissingLuaFiles]' passed (0.003 seconds).
Test Case '-[UniverseKeyboardTests.SchemaManagerTests testLuaDiagnosticDetectsStrippedSchemaBeforeLuaFileChecks]' started.
Test Case '-[UniverseKeyboardTests.SchemaManagerTests testLuaDiagnosticDetectsStrippedSchemaBeforeLuaFileChecks]' passed (0.004 seconds).
Test Case '-[UniverseKeyboardTests.SchemaManagerTests testLuaDiagnosticDoesNotRequireEntryScriptForAutoloadLuaComponents]' started.
Test Case '-[UniverseKeyboardTests.SchemaManagerTests testLuaDiagnosticDoesNotRequireEntryScriptForAutoloadLuaComponents]' passed (0.003 seconds).
Test Case '-[UniverseKeyboardTests.SchemaManagerTests testLuaDiagnosticPassesWhenAllSchemaReferencedLuaComponentsExist]' started.
Test Case '-[UniverseKeyboardTests.SchemaManagerTests testLuaDiagnosticPassesWhenAllSchemaReferencedLuaComponentsExist]' passed (0.005 seconds).
Test Case '-[UniverseKeyboardTests.SchemaManagerTests testLuaDiagnosticReportsAvailableWhenEngineSchemaFilesAndDeploymentAreReady]' started.
Test Case '-[UniverseKeyboardTests.SchemaManagerTests testLuaDiagnosticReportsAvailableWhenEngineSchemaFilesAndDeploymentAreReady]' passed (0.004 seconds).
Test Case '-[UniverseKeyboardTests.SchemaManagerTests testLuaDiagnosticReportsMissingLuaRequireDependencies]' started.
Test Case '-[UniverseKeyboardTests.SchemaManagerTests testLuaDiagnosticReportsMissingLuaRequireDependencies]' passed (0.003 seconds).
Test Case '-[UniverseKeyboardTests.SchemaManagerTests testLuaDiagnosticReportsNeedsDeployAfterCompleteInstallButBeforeDeployment]' started.
Test Case '-[UniverseKeyboardTests.SchemaManagerTests testLuaDiagnosticReportsNeedsDeployAfterCompleteInstallButBeforeDeployment]' passed (0.003 seconds).
Test Case '-[UniverseKeyboardTests.SchemaManagerTests testLuaDiagnosticReportsSchemaReferencedMissingLuaComponents]' started.
Test Case '-[UniverseKeyboardTests.SchemaManagerTests testLuaDiagnosticReportsSchemaReferencedMissingLuaComponents]' passed (0.003 seconds).
Test Case '-[UniverseKeyboardTests.SchemaManagerTests testMalformedInactiveBindingStopsBeforeStagingWithReconciliationDiagnostic]' started.
Test Case '-[UniverseKeyboardTests.SchemaManagerTests testMalformedInactiveBindingStopsBeforeStagingWithReconciliationDiagnostic]' passed (0.001 seconds).
Test Case '-[UniverseKeyboardTests.SchemaManagerTests testMixedArchiveIntegrityFailuresUseAggregateClassification]' started.
Test Case '-[UniverseKeyboardTests.SchemaManagerTests testMixedArchiveIntegrityFailuresUseAggregateClassification]' passed (0.002 seconds).
Test Case '-[UniverseKeyboardTests.SchemaManagerTests testNonActiveUninstallKeepsFilesWhenStagingFails]' started.
Test Case '-[UniverseKeyboardTests.SchemaManagerTests testNonActiveUninstallKeepsFilesWhenStagingFails]' passed (0.001 seconds).
Test Case '-[UniverseKeyboardTests.SchemaManagerTests testNonActiveUninstallStillRemovesFilesWithoutLunaFallback]' started.
Test Case '-[UniverseKeyboardTests.SchemaManagerTests testNonActiveUninstallStillRemovesFilesWithoutLunaFallback]' passed (0.001 seconds).
Test Case '-[UniverseKeyboardTests.SchemaManagerTests testOpenCCCatalogRequiresLicenseAndPinnedAuthorsDocument]' started.
Test Case '-[UniverseKeyboardTests.SchemaManagerTests testOpenCCCatalogRequiresLicenseAndPinnedAuthorsDocument]' passed (0.001 seconds).
Test Case '-[UniverseKeyboardTests.SchemaManagerTests testPinnedSourceVariantsDoNotShareArchiveReceipt]' started.
Test Case '-[UniverseKeyboardTests.SchemaManagerTests testPinnedSourceVariantsDoNotShareArchiveReceipt]' passed (0.000 seconds).
Test Case '-[UniverseKeyboardTests.SchemaManagerTests testRefreshSchemaListUsesInjectedInstallationState]' started.
Test Case '-[UniverseKeyboardTests.SchemaManagerTests testRefreshSchemaListUsesInjectedInstallationState]' passed (0.014 seconds).
Test Case '-[UniverseKeyboardTests.SchemaManagerTests testReleaseVersionIdentifierFallsBackToFilenameForNonReleaseURLs]' started.
Test Case '-[UniverseKeyboardTests.SchemaManagerTests testReleaseVersionIdentifierFallsBackToFilenameForNonReleaseURLs]' passed (0.001 seconds).
Test Case '-[UniverseKeyboardTests.SchemaManagerTests testSchemaSwitchAndLicenseAcceptancePersistIntentFlags]' started.
Test Case '-[UniverseKeyboardTests.SchemaManagerTests testSchemaSwitchAndLicenseAcceptancePersistIntentFlags]' passed (0.001 seconds).
Test Case '-[UniverseKeyboardTests.SchemaManagerTests testShouldSkipIdenticalReinstallRequiresInstalledSchemaPresence]' started.
Test Case '-[UniverseKeyboardTests.SchemaManagerTests testShouldSkipIdenticalReinstallRequiresInstalledSchemaPresence]' passed (0.000 seconds).
Test Case '-[UniverseKeyboardTests.SchemaManagerTests testShouldSkipIdenticalReinstallWhenReceiptMatchesStagedContent]' started.
Test Case '-[UniverseKeyboardTests.SchemaManagerTests testShouldSkipIdenticalReinstallWhenReceiptMatchesStagedContent]' passed (0.000 seconds).
Test Case '-[UniverseKeyboardTests.SchemaManagerTests testStaleCleanupReceiptStopsFallbackWithoutRequestingNextSource]' started.
Test Case '-[UniverseKeyboardTests.SchemaManagerTests testStaleCleanupReceiptStopsFallbackWithoutRequestingNextSource]' passed (0.013 seconds).
Test Case '-[UniverseKeyboardTests.SchemaManagerTests testStaleLicenseRevisionRequiresNewAcceptance]' started.
Test Case '-[UniverseKeyboardTests.SchemaManagerTests testStaleLicenseRevisionRequiresNewAcceptance]' passed (0.001 seconds).
Test Case '-[UniverseKeyboardTests.SchemaManagerTests testStartDownloadAllowsCompletedStateForInstalledSchemaUpdates]' started.
Test Case '-[UniverseKeyboardTests.SchemaManagerTests testStartDownloadAllowsCompletedStateForInstalledSchemaUpdates]' passed (0.001 seconds).
Test Case '-[UniverseKeyboardTests.SchemaManagerTests testSuccessfulDeploymentUsesFullCheckAndUpdatesSharedFlags]' started.
Test Case '-[UniverseKeyboardTests.SchemaManagerTests testSuccessfulDeploymentUsesFullCheckAndUpdatesSharedFlags]' passed (0.001 seconds).
Test Case '-[UniverseKeyboardTests.SchemaManagerTests testTransportFailureRecordsFallbackToNextPinnedSource]' started.
Test Case '-[UniverseKeyboardTests.SchemaManagerTests testTransportFailureRecordsFallbackToNextPinnedSource]' passed (0.001 seconds).
Test Case '-[UniverseKeyboardTests.SchemaManagerTests testWanxiangCatalogEntryIsDownloadableFullPinyin]' started.
Test Case '-[UniverseKeyboardTests.SchemaManagerTests testWanxiangCatalogEntryIsDownloadableFullPinyin]' passed (0.017 seconds).
Test Case '-[UniverseKeyboardTests.SchemaManagerTests testWanxiangUpgradeRestoresPriorSelectionAndSkipsReceiptWhenDeployFails]' started.
Test Case '-[UniverseKeyboardTests.SchemaManagerTests testWanxiangUpgradeRestoresPriorSelectionAndSkipsReceiptWhenDeployFails]' passed (0.001 seconds).
Test Suite 'SchemaManagerTests' passed at 2026-10-01 00:29:40.122.
	 Executed 85 tests, with 0 failures (0 unexpected) in 0.251 (0.280) seconds
Test Suite 'SchemaSourceProbeTests' started at 2026-10-01 00:29:40.123.
Test Case '-[UniverseKeyboardTests.SchemaSourceProbeTests testChangedAndUnreachableSourcesDoNotBecomeNetworkOnlyError]' started.
Test Case '-[UniverseKeyboardTests.SchemaSourceProbeTests testChangedAndUnreachableSourcesDoNotBecomeNetworkOnlyError]' passed (0.001 seconds).
Test Case '-[UniverseKeyboardTests.SchemaSourceProbeTests testProbeDistinguishesChangedArtifactFromUnavailableSource]' started.
Test Case '-[UniverseKeyboardTests.SchemaSourceProbeTests testProbeDistinguishesChangedArtifactFromUnavailableSource]' passed (0.001 seconds).
Test Case '-[UniverseKeyboardTests.SchemaSourceProbeTests testProbeFailureDiagnosticsRemainTypedAndSearchable]' started.
Test Case '-[UniverseKeyboardTests.SchemaSourceProbeTests testProbeFailureDiagnosticsRemainTypedAndSearchable]' passed (0.005 seconds).
Test Case '-[UniverseKeyboardTests.SchemaSourceProbeTests testSizeRejectionDoesNotHideValidAlternativeAndRecordsSource]' started.
Test Case '-[UniverseKeyboardTests.SchemaSourceProbeTests testSizeRejectionDoesNotHideValidAlternativeAndRecordsSource]' passed (0.003 seconds).
Test Case '-[UniverseKeyboardTests.SchemaSourceProbeTests testTransportAndCancellationRemainDistinct]' started.
Test Case '-[UniverseKeyboardTests.SchemaSourceProbeTests testTransportAndCancellationRemainDistinct]' passed (0.001 seconds).
Test Suite 'SchemaSourceProbeTests' passed at 2026-10-01 00:29:40.134.
	 Executed 5 tests, with 0 failures (0 unexpected) in 0.011 (0.012) seconds
Test Suite 'SchemeLicenseDownloadCopyTests' started at 2026-10-01 00:29:40.135.
Test Case '-[UniverseKeyboardTests.SchemeLicenseDownloadCopyTests testActivationAliasesUseTheSharedOwner]' started.
Test Case '-[UniverseKeyboardTests.SchemeLicenseDownloadCopyTests testActivationAliasesUseTheSharedOwner]' passed (0.001 seconds).
Test Case '-[UniverseKeyboardTests.SchemeLicenseDownloadCopyTests testDismissOnlyDismissesTheLicenseSheet]' started.
Test Case '-[UniverseKeyboardTests.SchemeLicenseDownloadCopyTests testDismissOnlyDismissesTheLicenseSheet]' passed (0.000 seconds).
Test Case '-[UniverseKeyboardTests.SchemeLicenseDownloadCopyTests testFirstDownloadCopyIsTheLockedPair]' started.
Test Case '-[UniverseKeyboardTests.SchemeLicenseDownloadCopyTests testFirstDownloadCopyIsTheLockedPair]' passed (0.000 seconds).
Test Case '-[UniverseKeyboardTests.SchemeLicenseDownloadCopyTests testFirstDownloadRequestOnlyPresentsLicenseForEveryEntryPoint]' started.
Test Case '-[UniverseKeyboardTests.SchemeLicenseDownloadCopyTests testFirstDownloadRequestOnlyPresentsLicenseForEveryEntryPoint]' passed (0.000 seconds).
Test Case '-[UniverseKeyboardTests.SchemeLicenseDownloadCopyTests testLicenseAcceptancePrecedesDownloadForEveryEntryPoint]' started.
Test Case '-[UniverseKeyboardTests.SchemeLicenseDownloadCopyTests testLicenseAcceptancePrecedesDownloadForEveryEntryPoint]' passed (0.000 seconds).
Test Case '-[UniverseKeyboardTests.SchemeLicenseDownloadCopyTests testNineKeyMissingResourcesStillRequiresLicenseAfterPriorAcceptance]' started.
Test Case '-[UniverseKeyboardTests.SchemeLicenseDownloadCopyTests testNineKeyMissingResourcesStillRequiresLicenseAfterPriorAcceptance]' passed (0.000 seconds).
Test Case '-[UniverseKeyboardTests.SchemeLicenseDownloadCopyTests testNineKeyRoutePreservesReadyAndInstalledResourcePaths]' started.
Test Case '-[UniverseKeyboardTests.SchemeLicenseDownloadCopyTests testNineKeyRoutePreservesReadyAndInstalledResourcePaths]' passed (0.000 seconds).
Test Suite 'SchemeLicenseDownloadCopyTests' passed at 2026-10-01 00:29:40.140.
	 Executed 7 tests, with 0 failures (0 unexpected) in 0.003 (0.005) seconds
Test Suite 'SchemeProvenancePresentationTests' started at 2026-10-01 00:29:40.147.
Test Case '-[UniverseKeyboardTests.SchemeProvenancePresentationTests testBuiltinAndDistributionShareTheSameRowTitles]' started.
Test Case '-[UniverseKeyboardTests.SchemeProvenancePresentationTests testBuiltinAndDistributionShareTheSameRowTitles]' passed (0.001 seconds).
Test Case '-[UniverseKeyboardTests.SchemeProvenancePresentationTests testBuiltinFillsHonestPlaceholdersAndIgnoresDistributionInputs]' started.
Test Case '-[UniverseKeyboardTests.SchemeProvenancePresentationTests testBuiltinFillsHonestPlaceholdersAndIgnoresDistributionInputs]' passed (0.001 seconds).
Test Case '-[UniverseKeyboardTests.SchemeProvenancePresentationTests testBuiltinUsesInstalledVersionWhenPresent]' started.
Test Case '-[UniverseKeyboardTests.SchemeProvenancePresentationTests testBuiltinUsesInstalledVersionWhenPresent]' passed (0.005 seconds).
Test Case '-[UniverseKeyboardTests.SchemeProvenancePresentationTests testDistributionUnresolvedPlaceholdersDoNotDependOnSchemaID]' started.
Test Case '-[UniverseKeyboardTests.SchemeProvenancePresentationTests testDistributionUnresolvedPlaceholdersDoNotDependOnSchemaID]' passed (0.000 seconds).
Test Case '-[UniverseKeyboardTests.SchemeProvenancePresentationTests testDistributionVerifiedReceiptUsesSourceFields]' started.
Test Case '-[UniverseKeyboardTests.SchemeProvenancePresentationTests testDistributionVerifiedReceiptUsesSourceFields]' passed (0.006 seconds).
Test Case '-[UniverseKeyboardTests.SchemeProvenancePresentationTests testFutureCatalogSchemeInheritsDistributionFillWithoutSchemaIDBranch]' started.
Test Case '-[UniverseKeyboardTests.SchemeProvenancePresentationTests testFutureCatalogSchemeInheritsDistributionFillWithoutSchemaIDBranch]' passed (0.000 seconds).
Test Suite 'SchemeProvenancePresentationTests' passed at 2026-10-01 00:29:40.162.
	 Executed 6 tests, with 0 failures (0 unexpected) in 0.013 (0.015) seconds
Test Suite 'SchemeResourcePreparationCoexistenceTests' started at 2026-10-01 00:29:40.162.
Test Case '-[UniverseKeyboardTests.SchemeResourcePreparationCoexistenceTests testBuiltinOnlyRepeatedDeployRemainsIdempotent]' started.
Test Case '-[UniverseKeyboardTests.SchemeResourcePreparationCoexistenceTests testBuiltinOnlyRepeatedDeployRemainsIdempotent]' passed (0.354 seconds).
Test Case '-[UniverseKeyboardTests.SchemeResourcePreparationCoexistenceTests testCS01_IceThenWanxiang_BothInstalledPeerRetainedAndJustInstalledActivated]' started.
Test Case '-[UniverseKeyboardTests.SchemeResourcePreparationCoexistenceTests testCS01_IceThenWanxiang_BothInstalledPeerRetainedAndJustInstalledActivated]' passed (0.181 seconds).
Test Case '-[UniverseKeyboardTests.SchemeResourcePreparationCoexistenceTests testCS02_WanxiangThenIce_BothInstalledPeerRetainedAndJustInstalledActivated]' started.
Test Case '-[UniverseKeyboardTests.SchemeResourcePreparationCoexistenceTests testCS02_WanxiangThenIce_BothInstalledPeerRetainedAndJustInstalledActivated]' passed (0.177 seconds).
Test Case '-[UniverseKeyboardTests.SchemeResourcePreparationCoexistenceTests testCS03_RepeatIceSameIdentity_NoOpKeepsWanxiangPeerAndSelection]' started.
Test Case '-[UniverseKeyboardTests.SchemeResourcePreparationCoexistenceTests testCS03_RepeatIceSameIdentity_NoOpKeepsWanxiangPeerAndSelection]' passed (0.180 seconds).
Test Case '-[UniverseKeyboardTests.SchemeResourcePreparationCoexistenceTests testCS04_RepeatWanxiangSameIdentity_NoOpKeepsIcePeerAndSelection]' started.
Test Case '-[UniverseKeyboardTests.SchemeResourcePreparationCoexistenceTests testCS04_RepeatWanxiangSameIdentity_NoOpKeepsIcePeerAndSelection]' passed (0.176 seconds).
Test Case '-[UniverseKeyboardTests.SchemeResourcePreparationCoexistenceTests testCS04_WanxiangIdentityChange_UpgradeRollbackPreservesIcePeer]' started.
Test Case '-[UniverseKeyboardTests.SchemeResourcePreparationCoexistenceTests testCS04_WanxiangIdentityChange_UpgradeRollbackPreservesIcePeer]' passed (0.191 seconds).
Test Case '-[UniverseKeyboardTests.SchemeResourcePreparationCoexistenceTests testCS05_UninstallInactiveIceRetainsWanxiangPeerInventory]' started.
Test Case '-[UniverseKeyboardTests.SchemeResourcePreparationCoexistenceTests testCS05_UninstallInactiveIceRetainsWanxiangPeerInventory]' passed (0.182 seconds).
Test Case '-[UniverseKeyboardTests.SchemeResourcePreparationCoexistenceTests testCS06_UninstallInactiveWanxiangRetainsIcePeerInventory]' started.
/Users/doubleshy0n/.codex/worktrees/paired-rollout-preflight/Universe Keyboard/UniverseKeyboardTests/SchemeResourcePreparationCoexistenceTests.swift:1568: -[UniverseKeyboardTests.SchemeResourcePreparationCoexistenceTests testCS06_UninstallInactiveWanxiangRetainsIcePeerInventory] : Test skipped - CS09-10-01 requires the fixed Wanxiang extract tree
Test Case '-[UniverseKeyboardTests.SchemeResourcePreparationCoexistenceTests testCS06_UninstallInactiveWanxiangRetainsIcePeerInventory]' skipped (0.175 seconds).
Test Case '-[UniverseKeyboardTests.SchemeResourcePreparationCoexistenceTests testCS0910_RealInstallerIceRemovalPreservesCompleteWanxiangInventory]' started.
/Users/doubleshy0n/.codex/worktrees/paired-rollout-preflight/Universe Keyboard/UniverseKeyboardTests/SchemeResourcePreparationCoexistenceTests.swift:1568: -[UniverseKeyboardTests.SchemeResourcePreparationCoexistenceTests testCS0910_RealInstallerIceRemovalPreservesCompleteWanxiangInventory] : Test skipped - CS09-10-01 requires the fixed Wanxiang extract tree
Test Case '-[UniverseKeyboardTests.SchemeResourcePreparationCoexistenceTests testCS0910_RealInstallerIceRemovalPreservesCompleteWanxiangInventory]' skipped (0.172 seconds).
Test Case '-[UniverseKeyboardTests.SchemeResourcePreparationCoexistenceTests testCS0910_RealInstallerWanxiangRemovalPreservesCompleteIceInventory]' started.
/Users/doubleshy0n/.codex/worktrees/paired-rollout-preflight/Universe Keyboard/UniverseKeyboardTests/SchemeResourcePreparationCoexistenceTests.swift:1553: -[UniverseKeyboardTests.SchemeResourcePreparationCoexistenceTests testCS0910_RealInstallerWanxiangRemovalPreservesCompleteIceInventory] : Test skipped - CS09-10-01 requires the fixed Ice extract tree
Test Case '-[UniverseKeyboardTests.SchemeResourcePreparationCoexistenceTests testCS0910_RealInstallerWanxiangRemovalPreservesCompleteIceInventory]' skipped (0.173 seconds).
Test Case '-[UniverseKeyboardTests.SchemeResourcePreparationCoexistenceTests testCSF3_IceUninstallStagingFailureRetainsWanxiangPeerAndTargetFiles]' started.
Test Case '-[UniverseKeyboardTests.SchemeResourcePreparationCoexistenceTests testCSF3_IceUninstallStagingFailureRetainsWanxiangPeerAndTargetFiles]' passed (0.183 seconds).
Test Case '-[UniverseKeyboardTests.SchemeResourcePreparationCoexistenceTests testIcePlanSkipsDefaultYamlAndInstallsPrivatePreset]' started.
Test Case '-[UniverseKeyboardTests.SchemeResourcePreparationCoexistenceTests testIcePlanSkipsDefaultYamlAndInstallsPrivatePreset]' passed (0.336 seconds).
Test Case '-[UniverseKeyboardTests.SchemeResourcePreparationCoexistenceTests testIceUninstallDoesNotStageWanxiangExactHashLuaPaths]' started.
Test Case '-[UniverseKeyboardTests.SchemeResourcePreparationCoexistenceTests testIceUninstallDoesNotStageWanxiangExactHashLuaPaths]' passed (0.170 seconds).
Test Case '-[UniverseKeyboardTests.SchemeResourcePreparationCoexistenceTests testIceUninstallRemovesPresetAndLeavesOfficialDefaultYaml]' started.
Test Case '-[UniverseKeyboardTests.SchemeResourcePreparationCoexistenceTests testIceUninstallRemovesPresetAndLeavesOfficialDefaultYaml]' passed (0.173 seconds).
Test Case '-[UniverseKeyboardTests.SchemeResourcePreparationCoexistenceTests testIceUninstallStagingMidMoveFailureRestoresOwnedFiles]' started.
Test Case '-[UniverseKeyboardTests.SchemeResourcePreparationCoexistenceTests testIceUninstallStagingMidMoveFailureRestoresOwnedFiles]' passed (0.175 seconds).
Test Case '-[UniverseKeyboardTests.SchemeResourcePreparationCoexistenceTests testIceUninstallStagingRollbackRestoresOwnedFiles]' started.
Test Case '-[UniverseKeyboardTests.SchemeResourcePreparationCoexistenceTests testIceUninstallStagingRollbackRestoresOwnedFiles]' passed (0.176 seconds).
Test Case '-[UniverseKeyboardTests.SchemeResourcePreparationCoexistenceTests testKnownIceDefaultYamlPollutionIsRecoveredThenBuiltinRedeploySucceeds]' started.
/Users/doubleshy0n/.codex/worktrees/paired-rollout-preflight/Universe Keyboard/UniverseKeyboardTests/SchemeResourcePreparationCoexistenceTests.swift:357: -[UniverseKeyboardTests.SchemeResourcePreparationCoexistenceTests testKnownIceDefaultYamlPollutionIsRecoveredThenBuiltinRedeploySucceeds] : Test skipped - Ice 2026.06.30 default.yaml fixture is required for P3 fingerprint recovery
Test Case '-[UniverseKeyboardTests.SchemeResourcePreparationCoexistenceTests testKnownIceDefaultYamlPollutionIsRecoveredThenBuiltinRedeploySucceeds]' skipped (0.169 seconds).
Test Case '-[UniverseKeyboardTests.SchemeResourcePreparationCoexistenceTests testMissingStagedFileWithoutRestoreEvidenceRetainsCheckpoint]' started.
Test Case '-[UniverseKeyboardTests.SchemeResourcePreparationCoexistenceTests testMissingStagedFileWithoutRestoreEvidenceRetainsCheckpoint]' passed (0.168 seconds).
Test Case '-[UniverseKeyboardTests.SchemeResourcePreparationCoexistenceTests testProductionProcessedIceTreeKeepsOfficialDefaultYamlWhenFixturePresent]' started.
/Users/doubleshy0n/.codex/worktrees/paired-rollout-preflight/Universe Keyboard/UniverseKeyboardTests/SchemeResourcePreparationCoexistenceTests.swift:1763: -[UniverseKeyboardTests.SchemeResourcePreparationCoexistenceTests testProductionProcessedIceTreeKeepsOfficialDefaultYamlWhenFixturePresent] : Test skipped - Set TEST_RUNNER_SCHEME_PIN_ARCHIVE_ROOT to the independently downloaded Ice archives
Test Case '-[UniverseKeyboardTests.SchemeResourcePreparationCoexistenceTests testProductionProcessedIceTreeKeepsOfficialDefaultYamlWhenFixturePresent]' skipped (0.001 seconds).
Test Case '-[UniverseKeyboardTests.SchemeResourcePreparationCoexistenceTests testRollbackContinuesAfterMiddleFailureAndRetriesOriginalCheckpoint]' started.
Test Case '-[UniverseKeyboardTests.SchemeResourcePreparationCoexistenceTests testRollbackContinuesAfterMiddleFailureAndRetriesOriginalCheckpoint]' passed (0.172 seconds).
Test Case '-[UniverseKeyboardTests.SchemeResourcePreparationCoexistenceTests testUninstallDoubleFailurePreservesCheckpointAndAllowsRecoveryRetry]' started.
Test Case '-[UniverseKeyboardTests.SchemeResourcePreparationCoexistenceTests testUninstallDoubleFailurePreservesCheckpointAndAllowsRecoveryRetry]' passed (0.170 seconds).
Test Case '-[UniverseKeyboardTests.SchemeResourcePreparationCoexistenceTests testWanxiangExactHashLuaMatchIsStagedOnUninstall]' started.
Test Case '-[UniverseKeyboardTests.SchemeResourcePreparationCoexistenceTests testWanxiangExactHashLuaMatchIsStagedOnUninstall]' passed (0.172 seconds).
Test Case '-[UniverseKeyboardTests.SchemeResourcePreparationCoexistenceTests testWanxiangFirstInstallCreatesNoUpgradeCheckpoint]' started.
Test Case '-[UniverseKeyboardTests.SchemeResourcePreparationCoexistenceTests testWanxiangFirstInstallCreatesNoUpgradeCheckpoint]' passed (0.174 seconds).
Test Case '-[UniverseKeyboardTests.SchemeResourcePreparationCoexistenceTests testWanxiangModifiedLuaBytesAreNotStaged]' started.
Test Case '-[UniverseKeyboardTests.SchemeResourcePreparationCoexistenceTests testWanxiangModifiedLuaBytesAreNotStaged]' passed (0.173 seconds).
Test Case '-[UniverseKeyboardTests.SchemeResourcePreparationCoexistenceTests testWanxiangPlanSkipsDefaultYamlAndInstallsPrivatePreset]' started.
Test Case '-[UniverseKeyboardTests.SchemeResourcePreparationCoexistenceTests testWanxiangPlanSkipsDefaultYamlAndInstallsPrivatePreset]' passed (0.324 seconds).
Test Case '-[UniverseKeyboardTests.SchemeResourcePreparationCoexistenceTests testWanxiangSymlinkAtMappedLuaPathIsNotStaged]' started.
Test Case '-[UniverseKeyboardTests.SchemeResourcePreparationCoexistenceTests testWanxiangSymlinkAtMappedLuaPathIsNotStaged]' passed (0.172 seconds).
Test Case '-[UniverseKeyboardTests.SchemeResourcePreparationCoexistenceTests testWanxiangUninstallRemovesPresetAndLeavesOfficialDefaultYaml]' started.
Test Case '-[UniverseKeyboardTests.SchemeResourcePreparationCoexistenceTests testWanxiangUninstallRemovesPresetAndLeavesOfficialDefaultYaml]' passed (0.171 seconds).
Test Case '-[UniverseKeyboardTests.SchemeResourcePreparationCoexistenceTests testWanxiangUnknownLuaPathIsLeftInPlaceOnUninstallCommit]' started.
Test Case '-[UniverseKeyboardTests.SchemeResourcePreparationCoexistenceTests testWanxiangUnknownLuaPathIsLeftInPlaceOnUninstallCommit]' passed (0.171 seconds).
Test Case '-[UniverseKeyboardTests.SchemeResourcePreparationCoexistenceTests testWanxiangUpgradeFailurePreservesUnknownUserPath]' started.
Test Case '-[UniverseKeyboardTests.SchemeResourcePreparationCoexistenceTests testWanxiangUpgradeFailurePreservesUnknownUserPath]' passed (0.174 seconds).
Test Case '-[UniverseKeyboardTests.SchemeResourcePreparationCoexistenceTests testWanxiangUpgradeMidCopyFailureRestoresPriorGeneration]' started.
Test Case '-[UniverseKeyboardTests.SchemeResourcePreparationCoexistenceTests testWanxiangUpgradeMidCopyFailureRestoresPriorGeneration]' passed (0.177 seconds).
Test Case '-[UniverseKeyboardTests.SchemeResourcePreparationCoexistenceTests testWanxiangUpgradeRestoreFailureRetainsCheckpoint]' started.
Test Case '-[UniverseKeyboardTests.SchemeResourcePreparationCoexistenceTests testWanxiangUpgradeRestoreFailureRetainsCheckpoint]' passed (0.174 seconds).
Test Suite 'SchemeResourcePreparationCoexistenceTests' passed at 2026-10-01 00:29:45.906.
	 Executed 31 tests, with 5 tests skipped and 0 failures (0 unexpected) in 5.735 (5.744) seconds
Test Suite 'TD012LMDGDeviceStagingTests' started at 2026-10-01 00:29:45.907.
Test Case '-[UniverseKeyboardTests.TD012LMDGDeviceStagingTests testCleanupRejectsHashMismatchWithoutDeletingModelOrRequest]' started.
Test Case '-[UniverseKeyboardTests.TD012LMDGDeviceStagingTests testCleanupRejectsHashMismatchWithoutDeletingModelOrRequest]' passed (0.002 seconds).
Test Case '-[UniverseKeyboardTests.TD012LMDGDeviceStagingTests testPinnedModelLoadsThroughWanxiangGrammarOnAuthorizedPhysicalDevice]' started.
/Users/doubleshy0n/.codex/worktrees/paired-rollout-preflight/Universe Keyboard/UniverseKeyboardTests/TD012LMDGDeviceStagingTests.swift:95: -[UniverseKeyboardTests.TD012LMDGDeviceStagingTests testPinnedModelLoadsThroughWanxiangGrammarOnAuthorizedPhysicalDevice] : Test skipped - TD-012 G2 model-load receipt is physical-device-only
Test Case '-[UniverseKeyboardTests.TD012LMDGDeviceStagingTests testPinnedModelLoadsThroughWanxiangGrammarOnAuthorizedPhysicalDevice]' skipped (0.001 seconds).
Test Case '-[UniverseKeyboardTests.TD012LMDGDeviceStagingTests testRemovePinnedModelAfterAuthorizedPhysicalDeviceSpike]' started.
/Users/doubleshy0n/.codex/worktrees/paired-rollout-preflight/Universe Keyboard/UniverseKeyboardTests/TD012LMDGDeviceStagingTests.swift:76: -[UniverseKeyboardTests.TD012LMDGDeviceStagingTests testRemovePinnedModelAfterAuthorizedPhysicalDeviceSpike] : Test skipped - TD-012 G2 cleanup is physical-device-only
Test Case '-[UniverseKeyboardTests.TD012LMDGDeviceStagingTests testRemovePinnedModelAfterAuthorizedPhysicalDeviceSpike]' skipped (0.001 seconds).
Test Case '-[UniverseKeyboardTests.TD012LMDGDeviceStagingTests testStageAndCleanupSucceedForExactlyPinnedModel]' started.
Test Case '-[UniverseKeyboardTests.TD012LMDGDeviceStagingTests testStageAndCleanupSucceedForExactlyPinnedModel]' passed (0.002 seconds).
Test Case '-[UniverseKeyboardTests.TD012LMDGDeviceStagingTests testStagePinnedModelForAuthorizedPhysicalDeviceSpike]' started.
/Users/doubleshy0n/.codex/worktrees/paired-rollout-preflight/Universe Keyboard/UniverseKeyboardTests/TD012LMDGDeviceStagingTests.swift:49: -[UniverseKeyboardTests.TD012LMDGDeviceStagingTests testStagePinnedModelForAuthorizedPhysicalDeviceSpike] : Test skipped - TD-012 G2 staging is physical-device-only
Test Case '-[UniverseKeyboardTests.TD012LMDGDeviceStagingTests testStagePinnedModelForAuthorizedPhysicalDeviceSpike]' skipped (0.001 seconds).
Test Case '-[UniverseKeyboardTests.TD012LMDGDeviceStagingTests testStageRejectsByteCountMismatchWithoutMovingSource]' started.
Test Case '-[UniverseKeyboardTests.TD012LMDGDeviceStagingTests testStageRejectsByteCountMismatchWithoutMovingSource]' passed (0.001 seconds).
Test Case '-[UniverseKeyboardTests.TD012LMDGDeviceStagingTests testStageRejectsDirectoryWithoutMovingIt]' started.
Test Case '-[UniverseKeyboardTests.TD012LMDGDeviceStagingTests testStageRejectsDirectoryWithoutMovingIt]' passed (0.001 seconds).
Test Case '-[UniverseKeyboardTests.TD012LMDGDeviceStagingTests testStageRejectsExistingDestinationWithoutMovingSource]' started.
Test Case '-[UniverseKeyboardTests.TD012LMDGDeviceStagingTests testStageRejectsExistingDestinationWithoutMovingSource]' passed (0.002 seconds).
Test Case '-[UniverseKeyboardTests.TD012LMDGDeviceStagingTests testStageRejectsExistingPartialWithoutMovingSource]' started.
Test Case '-[UniverseKeyboardTests.TD012LMDGDeviceStagingTests testStageRejectsExistingPartialWithoutMovingSource]' passed (0.002 seconds).
Test Case '-[UniverseKeyboardTests.TD012LMDGDeviceStagingTests testStageRejectsHashMismatchWithoutMovingSource]' started.
Test Case '-[UniverseKeyboardTests.TD012LMDGDeviceStagingTests testStageRejectsHashMismatchWithoutMovingSource]' passed (0.001 seconds).
Test Suite 'TD012LMDGDeviceStagingTests' passed at 2026-10-01 00:29:45.927.
	 Executed 10 tests, with 3 tests skipped and 0 failures (0 unexpected) in 0.014 (0.020) seconds
Test Suite 'TypingIntelligenceViewModelTests' started at 2026-10-01 00:29:45.927.
Test Case '-[UniverseKeyboardTests.TypingIntelligenceViewModelTests testClearAdvancesEpochAndRemovesVisibleStatistics]' started.
Test Case '-[UniverseKeyboardTests.TypingIntelligenceViewModelTests testClearAdvancesEpochAndRemovesVisibleStatistics]' passed (0.005 seconds).
Test Case '-[UniverseKeyboardTests.TypingIntelligenceViewModelTests testHomeStreakKeepsYesterdayRunWhenTodayHasNoInput]' started.
Test Case '-[UniverseKeyboardTests.TypingIntelligenceViewModelTests testHomeStreakKeepsYesterdayRunWhenTodayHasNoInput]' passed (0.005 seconds).
Test Case '-[UniverseKeyboardTests.TypingIntelligenceViewModelTests testPeriodSummaryChartAndStreakUsePersistedDailyAggregates]' started.
Test Case '-[UniverseKeyboardTests.TypingIntelligenceViewModelTests testPeriodSummaryChartAndStreakUsePersistedDailyAggregates]' passed (0.004 seconds).
Test Suite 'TypingIntelligenceViewModelTests' passed at 2026-10-01 00:29:45.942.
	 Executed 3 tests, with 0 failures (0 unexpected) in 0.014 (0.015) seconds
Test Suite 'TypoCorrectionBenchmarkModelTests' started at 2026-10-01 00:29:45.942.
Test Case '-[UniverseKeyboardTests.TypoCorrectionBenchmarkModelTests testModelGroupsBenchmarkResultsForDisplay]' started.
Test Case '-[UniverseKeyboardTests.TypoCorrectionBenchmarkModelTests testModelGroupsBenchmarkResultsForDisplay]' passed (0.004 seconds).
Test Case '-[UniverseKeyboardTests.TypoCorrectionBenchmarkModelTests testModelSummarizesExperimentalAuditReadiness]' started.
Test Case '-[UniverseKeyboardTests.TypoCorrectionBenchmarkModelTests testModelSummarizesExperimentalAuditReadiness]' passed (0.003 seconds).
Test Case '-[UniverseKeyboardTests.TypoCorrectionBenchmarkModelTests testModelSummarizesLocalBenchmarkResults]' started.
Test Case '-[UniverseKeyboardTests.TypoCorrectionBenchmarkModelTests testModelSummarizesLocalBenchmarkResults]' passed (0.002 seconds).
Test Case '-[UniverseKeyboardTests.TypoCorrectionBenchmarkModelTests testResultDisplayTextUsesExpectedAndActualValues]' started.
Test Case '-[UniverseKeyboardTests.TypoCorrectionBenchmarkModelTests testResultDisplayTextUsesExpectedAndActualValues]' passed (0.002 seconds).
Test Suite 'TypoCorrectionBenchmarkModelTests' passed at 2026-10-01 00:29:45.955.
	 Executed 4 tests, with 0 failures (0 unexpected) in 0.011 (0.013) seconds
Test Suite 'UniverseKeyboardTests.xctest' passed at 2026-10-01 00:29:45.955.
	 Executed 413 tests, with 10 tests skipped and 0 failures (0 unexpected) in 12.382 (12.537) seconds
Test Suite 'All tests' passed at 2026-10-01 00:29:45.955.
	 Executed 413 tests, with 10 tests skipped and 0 failures (0 unexpected) in 12.382 (12.542) seconds
Test Suite 'All tests' started at 2026-10-01 00:29:47.817.
Test Suite 'KeyboardTests.xctest' started at 2026-10-01 00:29:47.820.
Test Suite 'CandidateAccessibilityContractTests' started at 2026-10-01 00:29:47.820.
Test Case '-[KeyboardTests.CandidateAccessibilityContractTests testCandidateCellDeclaresActionableVoiceOverSemantics]' started.
Test Case '-[KeyboardTests.CandidateAccessibilityContractTests testCandidateCellDeclaresActionableVoiceOverSemantics]' passed (0.004 seconds).
Test Suite 'CandidateAccessibilityContractTests' passed at 2026-10-01 00:29:47.826.
	 Executed 1 test, with 0 failures (0 unexpected) in 0.004 (0.006) seconds
Test Suite 'CandidateBarIdleDismissContractTests' started at 2026-10-01 00:29:47.826.
Test Case '-[KeyboardTests.CandidateBarIdleDismissContractTests testTrailingButtonWiresDismissAndKeepsExpand]' started.
Test Case '-[KeyboardTests.CandidateBarIdleDismissContractTests testTrailingButtonWiresDismissAndKeepsExpand]' passed (0.008 seconds).
Test Suite 'CandidateBarIdleDismissContractTests' passed at 2026-10-01 00:29:47.835.
	 Executed 1 test, with 0 failures (0 unexpected) in 0.008 (0.008) seconds
Test Suite 'CandidateModelContractTests' started at 2026-10-01 00:29:47.835.
Test Case '-[KeyboardTests.CandidateModelContractTests testCandidateItemPreservesDisplayTextAndBehaviorKind]' started.
Test Case '-[KeyboardTests.CandidateModelContractTests testCandidateItemPreservesDisplayTextAndBehaviorKind]' passed (0.001 seconds).
Test Case '-[KeyboardTests.CandidateModelContractTests testCandidateKindsRemainCompatibleWithButtonTagMapping]' started.
Test Case '-[KeyboardTests.CandidateModelContractTests testCandidateKindsRemainCompatibleWithButtonTagMapping]' passed (0.001 seconds).
Test Suite 'CandidateModelContractTests' passed at 2026-10-01 00:29:47.838.
	 Executed 2 tests, with 0 failures (0 unexpected) in 0.002 (0.003) seconds
Test Suite 'CandidatePagingContractTests' started at 2026-10-01 00:29:47.838.
Test Case '-[KeyboardTests.CandidatePagingContractTests testBrowsingLaterPageDoesNotReplaceFirstPageSelectionState]' started.
Test Case '-[KeyboardTests.CandidatePagingContractTests testBrowsingLaterPageDoesNotReplaceFirstPageSelectionState]' passed (0.011 seconds).
Test Case '-[KeyboardTests.CandidatePagingContractTests testSelectingCachedLaterPageCandidateWithGlobalIndexKeepsRemainingComposition]' started.
Test Case '-[KeyboardTests.CandidatePagingContractTests testSelectingCachedLaterPageCandidateWithGlobalIndexKeepsRemainingComposition]' passed (0.007 seconds).
Test Case '-[KeyboardTests.CandidatePagingContractTests testSpaceAfterBrowsingLaterPageCommitsFirstPagePreferredCandidate]' started.
Test Case '-[KeyboardTests.CandidatePagingContractTests testSpaceAfterBrowsingLaterPageCommitsFirstPagePreferredCandidate]' passed (0.001 seconds).
Test Case '-[KeyboardTests.CandidatePagingContractTests testStaleLaterPageCandidateWithoutReferenceKeepsCurrentComposition]' started.
Test Case '-[KeyboardTests.CandidatePagingContractTests testStaleLaterPageCandidateWithoutReferenceKeepsCurrentComposition]' passed (0.001 seconds).
Test Suite 'CandidatePagingContractTests' passed at 2026-10-01 00:29:47.860.
	 Executed 4 tests, with 0 failures (0 unexpected) in 0.019 (0.022) seconds
Test Suite 'KeyAccessibilityContractTests' started at 2026-10-01 00:29:47.860.
Test Case '-[KeyboardTests.KeyAccessibilityContractTests testKeyActionPathStaysOnUIKitTargets]' started.
Test Case '-[KeyboardTests.KeyAccessibilityContractTests testKeyActionPathStaysOnUIKitTargets]' passed (0.002 seconds).
Test Case '-[KeyboardTests.KeyAccessibilityContractTests testKeyButtonsRemainIndependentAccessibilityElements]' started.
Test Case '-[KeyboardTests.KeyAccessibilityContractTests testKeyButtonsRemainIndependentAccessibilityElements]' passed (0.002 seconds).
Test Case '-[KeyboardTests.KeyAccessibilityContractTests testTouchRoutingOverlayDoesNotOccupyAccessibilitySpace]' started.
Test Case '-[KeyboardTests.KeyAccessibilityContractTests testTouchRoutingOverlayDoesNotOccupyAccessibilitySpace]' passed (0.004 seconds).
Test Suite 'KeyAccessibilityContractTests' passed at 2026-10-01 00:29:47.870.
	 Executed 3 tests, with 0 failures (0 unexpected) in 0.008 (0.009) seconds
Test Suite 'KeyboardWakeDiagnosticProducerTests' started at 2026-10-01 00:29:47.870.
Test Case '-[KeyboardTests.KeyboardWakeDiagnosticProducerTests testClosedExpiredAndV5GatesDoNotChangeProxyBehavior]' started.
Test Case '-[KeyboardTests.KeyboardWakeDiagnosticProducerTests testClosedExpiredAndV5GatesDoNotChangeProxyBehavior]' passed (0.057 seconds).
Test Case '-[KeyboardTests.KeyboardWakeDiagnosticProducerTests testV6ProducerAndAdapterWriteFiniteMarkersAroundProxyCalls]' started.
Test Case '-[KeyboardTests.KeyboardWakeDiagnosticProducerTests testV6ProducerAndAdapterWriteFiniteMarkersAroundProxyCalls]' passed (0.033 seconds).
Test Suite 'KeyboardWakeDiagnosticProducerTests' passed at 2026-10-01 00:29:47.961.
	 Executed 2 tests, with 0 failures (0 unexpected) in 0.090 (0.091) seconds
Test Suite 'T9KaomojiChromeContractTests' started at 2026-10-01 00:29:47.961.
Test Case '-[KeyboardTests.T9KaomojiChromeContractTests testKaomojiChromeTitleIsFrozen]' started.
Test Case '-[KeyboardTests.T9KaomojiChromeContractTests testKaomojiChromeTitleIsFrozen]' passed (0.001 seconds).
Test Case '-[KeyboardTests.T9KaomojiChromeContractTests testNineKeyAndSymbolsKaomojiShareCoreAction]' started.
Test Case '-[KeyboardTests.T9KaomojiChromeContractTests testNineKeyAndSymbolsKaomojiShareCoreAction]' passed (0.001 seconds).
Test Suite 'T9KaomojiChromeContractTests' passed at 2026-10-01 00:29:47.964.
	 Executed 2 tests, with 0 failures (0 unexpected) in 0.002 (0.003) seconds
Test Suite 'T9PunctuationChromeContractTests' started at 2026-10-01 00:29:47.964.
Test Case '-[KeyboardTests.T9PunctuationChromeContractTests testNineKeyPunctuationChromeTitleIsFrozen]' started.
Test Case '-[KeyboardTests.T9PunctuationChromeContractTests testNineKeyPunctuationChromeTitleIsFrozen]' passed (0.001 seconds).
Test Case '-[KeyboardTests.T9PunctuationChromeContractTests testNineKeyPunctuationSourceWiresTitleAndCoreAction]' started.
Test Case '-[KeyboardTests.T9PunctuationChromeContractTests testNineKeyPunctuationSourceWiresTitleAndCoreAction]' passed (0.001 seconds).
Test Suite 'T9PunctuationChromeContractTests' passed at 2026-10-01 00:29:47.972.
	 Executed 2 tests, with 0 failures (0 unexpected) in 0.002 (0.008) seconds
Test Suite 'TypoCorrectionRecallRuntimeTests' started at 2026-10-01 00:29:47.975.
Test Case '-[KeyboardTests.TypoCorrectionRecallRuntimeTests testRuntimeBudgetPinsAreTheAuthorizedProductionValues]' started.
Test Case '-[KeyboardTests.TypoCorrectionRecallRuntimeTests testRuntimeBudgetPinsAreTheAuthorizedProductionValues]' passed (0.002 seconds).
Test Suite 'TypoCorrectionRecallRuntimeTests' passed at 2026-10-01 00:29:47.977.
	 Executed 1 test, with 0 failures (0 unexpected) in 0.002 (0.003) seconds
Test Suite 'KeyboardTests.xctest' passed at 2026-10-01 00:29:47.978.
	 Executed 18 tests, with 0 failures (0 unexpected) in 0.136 (0.158) seconds
Test Suite 'All tests' passed at 2026-10-01 00:29:47.978.
	 Executed 18 tests, with 0 failures (0 unexpected) in 0.136 (0.161) seconds
2026-10-01 00:29:48.362 xcodebuild[12085:34533141] [MT] IDETestOperationsObserverDebug: 44.214 elapsed -- Testing started completed.
2026-10-01 00:29:48.362 xcodebuild[12085:34533141] [MT] IDETestOperationsObserverDebug: 0.000 sec, +0.000 sec -- start
2026-10-01 00:29:48.362 xcodebuild[12085:34533141] [MT] IDETestOperationsObserverDebug: 44.214 sec, +44.214 sec -- end

Test session results, code coverage, and logs:
	/tmp/ukey-wake-c2-20261001/app-keyboard-01.xcresult

** TEST SUCCEEDED **

Testing started
