Building for debugging...
[Pre-planning 1 / 124]
[Planning deferred tasks]
[39 / 67]
[42 / 67]
[43 / 68] KeyboardCore
[52 / 115]
[55 / 115]
[61 / 115]
[62 / 115]
[63 / 115]
[67 / 115]
[69 / 115]
[72 / 115]
[76 / 115]
[78 / 115]
[79 / 115]
[80 / 115]
[90 / 115] KeyboardCore
[91 / 115] KeyboardCore
[98 / 115] KeyboardCoreTests-product
[98 / 115] KeyboardCore
[105 / 116]
[105 / 116] KeyboardCoreTests-product
[114 / 155]
[121 / 155]
[124 / 155]
[125 / 155]
[126 / 155]
[129 / 155]
[131 / 155]
[134 / 155]
[135 / 155]
[144 / 155] KeyboardCoreTests-product
[145 / 155] KeyboardCoreTests-product
[149 / 155] KeyboardCoreTests-product
/Users/doubleshy0n/.codex/worktrees/paired-rollout-preflight/Universe Keyboard/Packages/KeyboardCore/Tests/KeyboardCoreTests/T9PinyinPathTests.swift:1429:37: warning: string interpolation produces a debug description for an optional value; did you mean to make this explicit?
1427 |         controller.state.t9PinyinPathState = .empty
1428 |         let pageOnly = (0..<16).map { index in
1429 |             RimeCandidate(text: "x\(index)", comment: "", globalIndex: index)
     |                                     |- warning: string interpolation produces a debug description for an optional value; did you mean to make this explicit?
     |                                     |- note: use a default value parameter to avoid this warning
     |                                     |- note: provide a default value to avoid this warning
     |                                     `- note: use 'String(describing:)' to silence this warning
1430 |         }
1431 |         controller.state.lastRimeOutput = RimeOutput(
[151 / 155] KeyboardCoreTests-product
[153 / 155] KeyboardCoreTests-product
Build complete! (17.88秒)
Test Suite 'All tests' started at 2026-10-01 08:07:14.427.
Test Suite 'KeyboardCoreTests.xctest' started at 2026-10-01 08:07:14.430.
Test Suite 'AutoCapitalizeTests' started at 2026-10-01 08:07:14.430.
Test Case '-[KeyboardCoreTests.AutoCapitalizeTests testApplyAutoCapDoesNothingInChineseMode]' started.
Test Case '-[KeyboardCoreTests.AutoCapitalizeTests testApplyAutoCapDoesNothingInChineseMode]' passed (0.006 seconds).
Test Case '-[KeyboardCoreTests.AutoCapitalizeTests testApplyAutoCapDoesNothingMidSentence]' started.
Test Case '-[KeyboardCoreTests.AutoCapitalizeTests testApplyAutoCapDoesNothingMidSentence]' passed (0.000 seconds).
Test Case '-[KeyboardCoreTests.AutoCapitalizeTests testApplyAutoCapDoesNotOverrideCapsLock]' started.
Test Case '-[KeyboardCoreTests.AutoCapitalizeTests testApplyAutoCapDoesNotOverrideCapsLock]' passed (0.000 seconds).
Test Case '-[KeyboardCoreTests.AutoCapitalizeTests testApplyAutoCapDoesNotOverrideExistingSingleUse]' started.
Test Case '-[KeyboardCoreTests.AutoCapitalizeTests testApplyAutoCapDoesNotOverrideExistingSingleUse]' passed (0.000 seconds).
Test Case '-[KeyboardCoreTests.AutoCapitalizeTests testApplyAutoCapSetsSingleUseWhenAtSentenceStart]' started.
Test Case '-[KeyboardCoreTests.AutoCapitalizeTests testApplyAutoCapSetsSingleUseWhenAtSentenceStart]' passed (0.000 seconds).
Test Case '-[KeyboardCoreTests.AutoCapitalizeTests testAutoCapAfterEmoji]' started.
Test Case '-[KeyboardCoreTests.AutoCapitalizeTests testAutoCapAfterEmoji]' passed (0.000 seconds).
Test Case '-[KeyboardCoreTests.AutoCapitalizeTests testAutoCapAfterMixedPunctuation]' started.
Test Case '-[KeyboardCoreTests.AutoCapitalizeTests testAutoCapAfterMixedPunctuation]' passed (0.000 seconds).
Test Case '-[KeyboardCoreTests.AutoCapitalizeTests testAutoCapOnEmptyDocumentAfterDelete]' started.
Test Case '-[KeyboardCoreTests.AutoCapitalizeTests testAutoCapOnEmptyDocumentAfterDelete]' passed (0.000 seconds).
Test Case '-[KeyboardCoreTests.AutoCapitalizeTests testAutoCappedCharacterConsumedAndInsertsUppercase]' started.
Test Case '-[KeyboardCoreTests.AutoCapitalizeTests testAutoCappedCharacterConsumedAndInsertsUppercase]' passed (0.000 seconds).
Test Case '-[KeyboardCoreTests.AutoCapitalizeTests testChineseExclamationTriggersCapitalize]' started.
Test Case '-[KeyboardCoreTests.AutoCapitalizeTests testChineseExclamationTriggersCapitalize]' passed (0.000 seconds).
Test Case '-[KeyboardCoreTests.AutoCapitalizeTests testChineseModePunctuationDoesNotTriggerAutoCap]' started.
Test Case '-[KeyboardCoreTests.AutoCapitalizeTests testChineseModePunctuationDoesNotTriggerAutoCap]' passed (0.000 seconds).
Test Case '-[KeyboardCoreTests.AutoCapitalizeTests testChinesePeriodTriggersCapitalize]' started.
Test Case '-[KeyboardCoreTests.AutoCapitalizeTests testChinesePeriodTriggersCapitalize]' passed (0.000 seconds).
Test Case '-[KeyboardCoreTests.AutoCapitalizeTests testChineseQuestionTriggersCapitalize]' started.
Test Case '-[KeyboardCoreTests.AutoCapitalizeTests testChineseQuestionTriggersCapitalize]' passed (0.000 seconds).
Test Case '-[KeyboardCoreTests.AutoCapitalizeTests testCommaDoesNotCapitalize]' started.
Test Case '-[KeyboardCoreTests.AutoCapitalizeTests testCommaDoesNotCapitalize]' passed (0.000 seconds).
Test Case '-[KeyboardCoreTests.AutoCapitalizeTests testEmptyContextShouldCapitalize]' started.
Test Case '-[KeyboardCoreTests.AutoCapitalizeTests testEmptyContextShouldCapitalize]' passed (0.000 seconds).
Test Case '-[KeyboardCoreTests.AutoCapitalizeTests testEnglishPeriodInsertOnNumbersPageTriggersAutoCap]' started.
Test Case '-[KeyboardCoreTests.AutoCapitalizeTests testEnglishPeriodInsertOnNumbersPageTriggersAutoCap]' passed (0.000 seconds).
Test Case '-[KeyboardCoreTests.AutoCapitalizeTests testEnglishPeriodInsertTriggersAutoCap]' started.
Test Case '-[KeyboardCoreTests.AutoCapitalizeTests testEnglishPeriodInsertTriggersAutoCap]' passed (0.000 seconds).
Test Case '-[KeyboardCoreTests.AutoCapitalizeTests testExclamationIsSentenceTerminator]' started.
Test Case '-[KeyboardCoreTests.AutoCapitalizeTests testExclamationIsSentenceTerminator]' passed (0.000 seconds).
Test Case '-[KeyboardCoreTests.AutoCapitalizeTests testExclamationTriggersCapitalize]' started.
Test Case '-[KeyboardCoreTests.AutoCapitalizeTests testExclamationTriggersCapitalize]' passed (0.000 seconds).
Test Case '-[KeyboardCoreTests.AutoCapitalizeTests testLetterIsNotSentenceTerminator]' started.
Test Case '-[KeyboardCoreTests.AutoCapitalizeTests testLetterIsNotSentenceTerminator]' passed (0.000 seconds).
Test Case '-[KeyboardCoreTests.AutoCapitalizeTests testMidSentenceDoesNotCapitalize]' started.
Test Case '-[KeyboardCoreTests.AutoCapitalizeTests testMidSentenceDoesNotCapitalize]' passed (0.000 seconds).
Test Case '-[KeyboardCoreTests.AutoCapitalizeTests testMultiCharIsNotSentenceTerminator]' started.
Test Case '-[KeyboardCoreTests.AutoCapitalizeTests testMultiCharIsNotSentenceTerminator]' passed (0.000 seconds).
Test Case '-[KeyboardCoreTests.AutoCapitalizeTests testNewlineAfterPeriodTriggersCapitalize]' started.
Test Case '-[KeyboardCoreTests.AutoCapitalizeTests testNewlineAfterPeriodTriggersCapitalize]' passed (0.000 seconds).
Test Case '-[KeyboardCoreTests.AutoCapitalizeTests testNilContextShouldCapitalize]' started.
Test Case '-[KeyboardCoreTests.AutoCapitalizeTests testNilContextShouldCapitalize]' passed (0.000 seconds).
Test Case '-[KeyboardCoreTests.AutoCapitalizeTests testPeriodFollowedBySpaceTriggersCapitalize]' started.
Test Case '-[KeyboardCoreTests.AutoCapitalizeTests testPeriodFollowedBySpaceTriggersCapitalize]' passed (0.000 seconds).
Test Case '-[KeyboardCoreTests.AutoCapitalizeTests testPeriodIsSentenceTerminator]' started.
Test Case '-[KeyboardCoreTests.AutoCapitalizeTests testPeriodIsSentenceTerminator]' passed (0.000 seconds).
Test Case '-[KeyboardCoreTests.AutoCapitalizeTests testQuestionIsSentenceTerminator]' started.
Test Case '-[KeyboardCoreTests.AutoCapitalizeTests testQuestionIsSentenceTerminator]' passed (0.000 seconds).
Test Case '-[KeyboardCoreTests.AutoCapitalizeTests testQuestionTriggersCapitalize]' started.
Test Case '-[KeyboardCoreTests.AutoCapitalizeTests testQuestionTriggersCapitalize]' passed (0.000 seconds).
Test Case '-[KeyboardCoreTests.AutoCapitalizeTests testWhitespaceOnlyContextCapitalizes]' started.
Test Case '-[KeyboardCoreTests.AutoCapitalizeTests testWhitespaceOnlyContextCapitalizes]' passed (0.000 seconds).
Test Suite 'AutoCapitalizeTests' passed at 2026-10-01 08:07:14.443.
	 Executed 29 tests, with 0 failures (0 unexpected) in 0.011 (0.014) seconds
Test Suite 'BenchmarkEvidenceSnapshotTests' started at 2026-10-01 08:07:14.444.
Test Case '-[KeyboardCoreTests.BenchmarkEvidenceSnapshotTests testCollectorIsBoundedAndSequencesEventsDeterministically]' started.
Test Case '-[KeyboardCoreTests.BenchmarkEvidenceSnapshotTests testCollectorIsBoundedAndSequencesEventsDeterministically]' passed (0.000 seconds).
Test Case '-[KeyboardCoreTests.BenchmarkEvidenceSnapshotTests testFixtureEnvironmentDeclarationsCannotAcquireTrustedSources]' started.
Test Case '-[KeyboardCoreTests.BenchmarkEvidenceSnapshotTests testFixtureEnvironmentDeclarationsCannotAcquireTrustedSources]' passed (0.001 seconds).
Test Case '-[KeyboardCoreTests.BenchmarkEvidenceSnapshotTests testInvalidMetadataSourceCannotDecodeAsTrustedSource]' started.
Test Case '-[KeyboardCoreTests.BenchmarkEvidenceSnapshotTests testInvalidMetadataSourceCannotDecodeAsTrustedSource]' passed (0.000 seconds).
Test Case '-[KeyboardCoreTests.BenchmarkEvidenceSnapshotTests testLearningDecisionMatchesFinalPositionInsteadOfPrefixPredicate]' started.
Test Case '-[KeyboardCoreTests.BenchmarkEvidenceSnapshotTests testLearningDecisionMatchesFinalPositionInsteadOfPrefixPredicate]' passed (0.000 seconds).
Test Case '-[KeyboardCoreTests.BenchmarkEvidenceSnapshotTests testMergeTraceProvidesDedupeProvenanceWithoutChangingCandidates]' started.
Test Case '-[KeyboardCoreTests.BenchmarkEvidenceSnapshotTests testMergeTraceProvidesDedupeProvenanceWithoutChangingCandidates]' passed (0.000 seconds).
Test Case '-[KeyboardCoreTests.BenchmarkEvidenceSnapshotTests testMissingExecutionEventsFailClosedWithoutFixtureSubstitution]' started.
Test Case '-[KeyboardCoreTests.BenchmarkEvidenceSnapshotTests testMissingExecutionEventsFailClosedWithoutFixtureSubstitution]' passed (0.000 seconds).
Test Case '-[KeyboardCoreTests.BenchmarkEvidenceSnapshotTests testMissingInvocationCorrelationFailsClosed]' started.
Test Case '-[KeyboardCoreTests.BenchmarkEvidenceSnapshotTests testMissingInvocationCorrelationFailsClosed]' passed (0.000 seconds).
Test Case '-[KeyboardCoreTests.BenchmarkEvidenceSnapshotTests testMultipleEligibleCorrectionsRecordOnlyActualNearFrontSubject]' started.
Test Case '-[KeyboardCoreTests.BenchmarkEvidenceSnapshotTests testMultipleEligibleCorrectionsRecordOnlyActualNearFrontSubject]' passed (0.000 seconds).
Test Case '-[KeyboardCoreTests.BenchmarkEvidenceSnapshotTests testMultipleSuppressionEventsResolveByUniqueDecisionSubject]' started.
Test Case '-[KeyboardCoreTests.BenchmarkEvidenceSnapshotTests testMultipleSuppressionEventsResolveByUniqueDecisionSubject]' passed (0.000 seconds).
Test Case '-[KeyboardCoreTests.BenchmarkEvidenceSnapshotTests testOversizedMergeTraceFailsClosedWithoutChangingMergeResult]' started.
Test Case '-[KeyboardCoreTests.BenchmarkEvidenceSnapshotTests testOversizedMergeTraceFailsClosedWithoutChangingMergeResult]' passed (0.001 seconds).
Test Case '-[KeyboardCoreTests.BenchmarkEvidenceSnapshotTests testRequestedFlagsCannotOverrideObservedEffectiveFlags]' started.
Test Case '-[KeyboardCoreTests.BenchmarkEvidenceSnapshotTests testRequestedFlagsCannotOverrideObservedEffectiveFlags]' passed (0.000 seconds).
Test Case '-[KeyboardCoreTests.BenchmarkEvidenceSnapshotTests testSnapshotConsumesCorrelatedExecutionFactsAndKeepsSourcesSeparate]' started.
Test Case '-[KeyboardCoreTests.BenchmarkEvidenceSnapshotTests testSnapshotConsumesCorrelatedExecutionFactsAndKeepsSourcesSeparate]' passed (0.003 seconds).
Test Case '-[KeyboardCoreTests.BenchmarkEvidenceSnapshotTests testSnapshotReadsLearningDecisionFromFinalRankerPosition]' started.
Test Case '-[KeyboardCoreTests.BenchmarkEvidenceSnapshotTests testSnapshotReadsLearningDecisionFromFinalRankerPosition]' passed (0.001 seconds).
Test Case '-[KeyboardCoreTests.BenchmarkEvidenceSnapshotTests testSuppressionTraceReportsRankingNotEvaluated]' started.
Test Case '-[KeyboardCoreTests.BenchmarkEvidenceSnapshotTests testSuppressionTraceReportsRankingNotEvaluated]' passed (0.000 seconds).
Test Case '-[KeyboardCoreTests.BenchmarkEvidenceSnapshotTests testTraceObservationDoesNotChangeMergeOutput]' started.
Test Case '-[KeyboardCoreTests.BenchmarkEvidenceSnapshotTests testTraceObservationDoesNotChangeMergeOutput]' passed (0.000 seconds).
Test Suite 'BenchmarkEvidenceSnapshotTests' passed at 2026-10-01 08:07:14.453.
	 Executed 15 tests, with 0 failures (0 unexpected) in 0.008 (0.010) seconds
Test Suite 'CandidateKindTests' started at 2026-10-01 08:07:14.453.
Test Case '-[KeyboardCoreTests.CandidateKindTests testCandidateItemEquality]' started.
Test Case '-[KeyboardCoreTests.CandidateKindTests testCandidateItemEquality]' passed (0.000 seconds).
Test Case '-[KeyboardCoreTests.CandidateKindTests testCandidateItemForCandidate]' started.
Test Case '-[KeyboardCoreTests.CandidateKindTests testCandidateItemForCandidate]' passed (0.000 seconds).
Test Case '-[KeyboardCoreTests.CandidateKindTests testCandidateItemForComposition]' started.
Test Case '-[KeyboardCoreTests.CandidateKindTests testCandidateItemForComposition]' passed (0.000 seconds).
Test Case '-[KeyboardCoreTests.CandidateKindTests testCandidateItemForCorrectionCandidate]' started.
Test Case '-[KeyboardCoreTests.CandidateKindTests testCandidateItemForCorrectionCandidate]' passed (0.000 seconds).
Test Case '-[KeyboardCoreTests.CandidateKindTests testCandidateItemForPlaceholder]' started.
Test Case '-[KeyboardCoreTests.CandidateKindTests testCandidateItemForPlaceholder]' passed (0.000 seconds).
Test Case '-[KeyboardCoreTests.CandidateKindTests testCandidateItemForRimeCandidateCarriesSelectionReference]' started.
Test Case '-[KeyboardCoreTests.CandidateKindTests testCandidateItemForRimeCandidateCarriesSelectionReference]' passed (0.000 seconds).
Test Case '-[KeyboardCoreTests.CandidateKindTests testCandidateKindInitFromRawValue]' started.
Test Case '-[KeyboardCoreTests.CandidateKindTests testCandidateKindInitFromRawValue]' passed (0.000 seconds).
Test Case '-[KeyboardCoreTests.CandidateKindTests testCandidateKindRawValueCandidate]' started.
Test Case '-[KeyboardCoreTests.CandidateKindTests testCandidateKindRawValueCandidate]' passed (0.000 seconds).
Test Case '-[KeyboardCoreTests.CandidateKindTests testCandidateKindRawValueComposition]' started.
Test Case '-[KeyboardCoreTests.CandidateKindTests testCandidateKindRawValueComposition]' passed (0.000 seconds).
Test Case '-[KeyboardCoreTests.CandidateKindTests testCandidateKindRawValuePlaceholder]' started.
Test Case '-[KeyboardCoreTests.CandidateKindTests testCandidateKindRawValuePlaceholder]' passed (0.000 seconds).
Test Case '-[KeyboardCoreTests.CandidateKindTests testExpandableKindsKeepTheTrailingButtonInExpandMode]' started.
Test Case '-[KeyboardCoreTests.CandidateKindTests testExpandableKindsKeepTheTrailingButtonInExpandMode]' passed (0.000 seconds).
Test Case '-[KeyboardCoreTests.CandidateKindTests testKeyboardEffectEmpty]' started.
Test Case '-[KeyboardCoreTests.CandidateKindTests testKeyboardEffectEmpty]' passed (0.000 seconds).
Test Case '-[KeyboardCoreTests.CandidateKindTests testKeyboardEffectFormUnion]' started.
Test Case '-[KeyboardCoreTests.CandidateKindTests testKeyboardEffectFormUnion]' passed (0.000 seconds).
Test Case '-[KeyboardCoreTests.CandidateKindTests testKeyboardEffectMultipleBits]' started.
Test Case '-[KeyboardCoreTests.CandidateKindTests testKeyboardEffectMultipleBits]' passed (0.000 seconds).
Test Case '-[KeyboardCoreTests.CandidateKindTests testKeyboardEffectSingleBit]' started.
Test Case '-[KeyboardCoreTests.CandidateKindTests testKeyboardEffectSingleBit]' passed (0.000 seconds).
Test Case '-[KeyboardCoreTests.CandidateKindTests testPendingKaomojiEffectUsesWidenedBitEight]' started.
Test Case '-[KeyboardCoreTests.CandidateKindTests testPendingKaomojiEffectUsesWidenedBitEight]' passed (0.000 seconds).
Test Case '-[KeyboardCoreTests.CandidateKindTests testPendingPunctuationEffectUsesBitSeven]' started.
Test Case '-[KeyboardCoreTests.CandidateKindTests testPendingPunctuationEffectUsesBitSeven]' passed (0.000 seconds).
Test Suite 'CandidateKindTests' passed at 2026-10-01 08:07:14.457.
	 Executed 17 tests, with 0 failures (0 unexpected) in 0.002 (0.003) seconds
Test Suite 'CommittedTextObservationTests' started at 2026-10-01 08:07:14.457.
Test Case '-[KeyboardCoreTests.CommittedTextObservationTests testDifferentMarkedTextFinalizationEmitsExactlyOnce]' started.
Test Case '-[KeyboardCoreTests.CommittedTextObservationTests testDifferentMarkedTextFinalizationEmitsExactlyOnce]' passed (0.001 seconds).
Test Case '-[KeyboardCoreTests.CommittedTextObservationTests testDirectEnglishKeyEmitsOneEventAfterInsertion]' started.
Test Case '-[KeyboardCoreTests.CommittedTextObservationTests testDirectEnglishKeyEmitsOneEventAfterInsertion]' passed (0.000 seconds).
Test Case '-[KeyboardCoreTests.CommittedTextObservationTests testEmojiUsesCoreCommitPathAndSource]' started.
Test Case '-[KeyboardCoreTests.CommittedTextObservationTests testEmojiUsesCoreCommitPathAndSource]' passed (0.000 seconds).
Test Case '-[KeyboardCoreTests.CommittedTextObservationTests testMarkedTextUpdateDoesNotEmitUntilFinalCommit]' started.
Test Case '-[KeyboardCoreTests.CommittedTextObservationTests testMarkedTextUpdateDoesNotEmitUntilFinalCommit]' passed (0.000 seconds).
Test Case '-[KeyboardCoreTests.CommittedTextObservationTests testMissingTextClientDoesNotReportACommit]' started.
Test Case '-[KeyboardCoreTests.CommittedTextObservationTests testMissingTextClientDoesNotReportACommit]' passed (0.000 seconds).
Test Case '-[KeyboardCoreTests.CommittedTextObservationTests testVisibilityAbandonmentDoesNotEmit]' started.
Test Case '-[KeyboardCoreTests.CommittedTextObservationTests testVisibilityAbandonmentDoesNotEmit]' passed (0.000 seconds).
Test Suite 'CommittedTextObservationTests' passed at 2026-10-01 08:07:14.459.
	 Executed 6 tests, with 0 failures (0 unexpected) in 0.002 (0.002) seconds
Test Suite 'CompositionTests' started at 2026-10-01 08:07:14.459.
Test Case '-[KeyboardCoreTests.CompositionTests testCapitalizedCompositionDoesNotMatchCandidates]' started.
Test Case '-[KeyboardCoreTests.CompositionTests testCapitalizedCompositionDoesNotMatchCandidates]' passed (0.000 seconds).
Test Case '-[KeyboardCoreTests.CompositionTests testCapitalizedCompositionEnterCommitsAsIs]' started.
Test Case '-[KeyboardCoreTests.CompositionTests testCapitalizedCompositionEnterCommitsAsIs]' passed (0.000 seconds).
Test Case '-[KeyboardCoreTests.CompositionTests testChineseModeCollectsLetters]' started.
Test Case '-[KeyboardCoreTests.CompositionTests testChineseModeCollectsLetters]' passed (0.000 seconds).
Test Case '-[KeyboardCoreTests.CompositionTests testChineseModeLowercasesInput]' started.
Test Case '-[KeyboardCoreTests.CompositionTests testChineseModeLowercasesInput]' passed (0.000 seconds).
Test Case '-[KeyboardCoreTests.CompositionTests testChineseModeShiftActiveEntersComposition]' started.
Test Case '-[KeyboardCoreTests.CompositionTests testChineseModeShiftActiveEntersComposition]' passed (0.000 seconds).
Test Case '-[KeyboardCoreTests.CompositionTests testChineseModeShiftActiveThenLowercaseContinuesComposition]' started.
Test Case '-[KeyboardCoreTests.CompositionTests testChineseModeShiftActiveThenLowercaseContinuesComposition]' passed (0.000 seconds).
Test Case '-[KeyboardCoreTests.CompositionTests testCommitCandidate]' started.
Test Case '-[KeyboardCoreTests.CompositionTests testCommitCandidate]' passed (0.000 seconds).
Test Case '-[KeyboardCoreTests.CompositionTests testCommitComposition]' started.
Test Case '-[KeyboardCoreTests.CompositionTests testCommitComposition]' passed (0.000 seconds).
Test Case '-[KeyboardCoreTests.CompositionTests testCommitCompositionEmptyIsNoOp]' started.
Test Case '-[KeyboardCoreTests.CompositionTests testCommitCompositionEmptyIsNoOp]' passed (0.000 seconds).
Test Case '-[KeyboardCoreTests.CompositionTests testCompositionMaxLength]' started.
Test Case '-[KeyboardCoreTests.CompositionTests testCompositionMaxLength]' passed (0.079 seconds).
Test Case '-[KeyboardCoreTests.CompositionTests testCompositionToggleDuringPreedit]' started.
Test Case '-[KeyboardCoreTests.CompositionTests testCompositionToggleDuringPreedit]' passed (0.000 seconds).
Test Case '-[KeyboardCoreTests.CompositionTests testCompositionWithSpecialChars]' started.
Test Case '-[KeyboardCoreTests.CompositionTests testCompositionWithSpecialChars]' passed (0.000 seconds).
Test Case '-[KeyboardCoreTests.CompositionTests testDeleteCapitalizedAndRetypeLowercaseMatchesChinese]' started.
Test Case '-[KeyboardCoreTests.CompositionTests testDeleteCapitalizedAndRetypeLowercaseMatchesChinese]' passed (0.000 seconds).
Test Case '-[KeyboardCoreTests.CompositionTests testEnglishModeExclamationTriggersAutoCap]' started.
Test Case '-[KeyboardCoreTests.CompositionTests testEnglishModeExclamationTriggersAutoCap]' passed (0.000 seconds).
Test Case '-[KeyboardCoreTests.CompositionTests testEnglishModeInsertsDirectly]' started.
Test Case '-[KeyboardCoreTests.CompositionTests testEnglishModeInsertsDirectly]' passed (0.000 seconds).
Test Case '-[KeyboardCoreTests.CompositionTests testEnglishModeLetterDoesNotTriggerAutoCap]' started.
Test Case '-[KeyboardCoreTests.CompositionTests testEnglishModeLetterDoesNotTriggerAutoCap]' passed (0.000 seconds).
Test Case '-[KeyboardCoreTests.CompositionTests testEnglishModePeriodTriggersAutoCap]' started.
Test Case '-[KeyboardCoreTests.CompositionTests testEnglishModePeriodTriggersAutoCap]' passed (0.000 seconds).
Test Case '-[KeyboardCoreTests.CompositionTests testEnglishModeQuestionTriggersAutoCap]' started.
Test Case '-[KeyboardCoreTests.CompositionTests testEnglishModeQuestionTriggersAutoCap]' passed (0.000 seconds).
Test Case '-[KeyboardCoreTests.CompositionTests testNumbersPageInsertsDirectly]' started.
Test Case '-[KeyboardCoreTests.CompositionTests testNumbersPageInsertsDirectly]' passed (0.000 seconds).
Test Case '-[KeyboardCoreTests.CompositionTests testSpaceWithCompositionSelectsFirstCandidate]' started.
Test Case '-[KeyboardCoreTests.CompositionTests testSpaceWithCompositionSelectsFirstCandidate]' passed (0.000 seconds).
Test Case '-[KeyboardCoreTests.CompositionTests testSpaceWithUnknownCompositionCommitsRaw]' started.
Test Case '-[KeyboardCoreTests.CompositionTests testSpaceWithUnknownCompositionCommitsRaw]' passed (0.000 seconds).
Test Case '-[KeyboardCoreTests.CompositionTests testTapCompositionStringCommitsRawPinyin]' started.
Test Case '-[KeyboardCoreTests.CompositionTests testTapCompositionStringCommitsRawPinyin]' passed (0.000 seconds).
Test Case '-[KeyboardCoreTests.CompositionTests testTapPlaceholderDoesNothing]' started.
Test Case '-[KeyboardCoreTests.CompositionTests testTapPlaceholderDoesNothing]' passed (0.000 seconds).
Test Suite 'CompositionTests' passed at 2026-10-01 08:07:14.543.
	 Executed 23 tests, with 0 failures (0 unexpected) in 0.082 (0.084) seconds
Test Suite 'ContinuationQualityBenchmarkTests' started at 2026-10-01 08:07:14.543.
Test Case '-[KeyboardCoreTests.ContinuationQualityBenchmarkTests testAmbiguousSingleCharacterSuffixesStaySuppressed]' started.
Test Case '-[KeyboardCoreTests.ContinuationQualityBenchmarkTests testAmbiguousSingleCharacterSuffixesStaySuppressed]' passed (0.000 seconds).
Test Case '-[KeyboardCoreTests.ContinuationQualityBenchmarkTests testCuratedRepresentativeCasesKeepRelevantSuggestionInTopThree]' started.
Test Case '-[KeyboardCoreTests.ContinuationQualityBenchmarkTests testCuratedRepresentativeCasesKeepRelevantSuggestionInTopThree]' passed (0.000 seconds).
Test Case '-[KeyboardCoreTests.ContinuationQualityBenchmarkTests testReviewedNaturalnessCasesKeepPreferredSuggestionFirst]' started.
Test Case '-[KeyboardCoreTests.ContinuationQualityBenchmarkTests testReviewedNaturalnessCasesKeepPreferredSuggestionFirst]' passed (0.000 seconds).
Test Case '-[KeyboardCoreTests.ContinuationQualityBenchmarkTests testUnknownSyntheticSuffixesDoNotFabricateFallbacks]' started.
Test Case '-[KeyboardCoreTests.ContinuationQualityBenchmarkTests testUnknownSyntheticSuffixesDoNotFabricateFallbacks]' passed (0.000 seconds).
Test Suite 'ContinuationQualityBenchmarkTests' passed at 2026-10-01 08:07:14.544.
	 Executed 4 tests, with 0 failures (0 unexpected) in 0.001 (0.001) seconds
Test Suite 'ContinuationSuggestionProviderTests' started at 2026-10-01 08:07:14.544.
Test Case '-[KeyboardCoreTests.ContinuationSuggestionProviderTests testBundledResourceContainsRepresentativeChain]' started.
Test Case '-[KeyboardCoreTests.ContinuationSuggestionProviderTests testBundledResourceContainsRepresentativeChain]' passed (0.000 seconds).
Test Case '-[KeyboardCoreTests.ContinuationSuggestionProviderTests testDeduplicatesAndHonorsLimit]' started.
Test Case '-[KeyboardCoreTests.ContinuationSuggestionProviderTests testDeduplicatesAndHonorsLimit]' passed (0.000 seconds).
Test Case '-[KeyboardCoreTests.ContinuationSuggestionProviderTests testEmptyAndUnknownContextReturnNoSuggestions]' started.
Test Case '-[KeyboardCoreTests.ContinuationSuggestionProviderTests testEmptyAndUnknownContextReturnNoSuggestions]' passed (0.000 seconds).
Test Case '-[KeyboardCoreTests.ContinuationSuggestionProviderTests testResourceLoaderRejectsWrongVersionOversizeAndInvalidEntries]' started.
Test Case '-[KeyboardCoreTests.ContinuationSuggestionProviderTests testResourceLoaderRejectsWrongVersionOversizeAndInvalidEntries]' passed (0.000 seconds).
Test Case '-[KeyboardCoreTests.ContinuationSuggestionProviderTests testStrictValidationAcceptsBoundedLexicon]' started.
Test Case '-[KeyboardCoreTests.ContinuationSuggestionProviderTests testStrictValidationAcceptsBoundedLexicon]' passed (0.000 seconds).
Test Case '-[KeyboardCoreTests.ContinuationSuggestionProviderTests testStrictValidationRejectsDuplicateContextAndSuggestion]' started.
Test Case '-[KeyboardCoreTests.ContinuationSuggestionProviderTests testStrictValidationRejectsDuplicateContextAndSuggestion]' passed (0.000 seconds).
Test Case '-[KeyboardCoreTests.ContinuationSuggestionProviderTests testStrictValidationRejectsUnboundedOrInvalidContent]' started.
Test Case '-[KeyboardCoreTests.ContinuationSuggestionProviderTests testStrictValidationRejectsUnboundedOrInvalidContent]' passed (0.001 seconds).
Test Case '-[KeyboardCoreTests.ContinuationSuggestionProviderTests testUsesLongestMatchingSuffix]' started.
Test Case '-[KeyboardCoreTests.ContinuationSuggestionProviderTests testUsesLongestMatchingSuffix]' passed (0.000 seconds).
Test Suite 'ContinuationSuggestionProviderTests' passed at 2026-10-01 08:07:14.547.
	 Executed 8 tests, with 0 failures (0 unexpected) in 0.003 (0.003) seconds
Test Suite 'DeleteTests' started at 2026-10-01 08:07:14.548.
Test Case '-[KeyboardCoreTests.DeleteTests testCompositionDeleteSequence]' started.
Test Case '-[KeyboardCoreTests.DeleteTests testCompositionDeleteSequence]' passed (0.000 seconds).
Test Case '-[KeyboardCoreTests.DeleteTests testDeleteEmptyCompositionHitsProxy]' started.
Test Case '-[KeyboardCoreTests.DeleteTests testDeleteEmptyCompositionHitsProxy]' passed (0.000 seconds).
Test Case '-[KeyboardCoreTests.DeleteTests testDeleteFromCompositionFirst]' started.
Test Case '-[KeyboardCoreTests.DeleteTests testDeleteFromCompositionFirst]' passed (0.000 seconds).
Test Case '-[KeyboardCoreTests.DeleteTests testDeleteInChineseModeWithCompositionPrioritizesComposition]' started.
Test Case '-[KeyboardCoreTests.DeleteTests testDeleteInChineseModeWithCompositionPrioritizesComposition]' passed (0.000 seconds).
Test Case '-[KeyboardCoreTests.DeleteTests testDeleteInEnglishModeGoesDirectlyToProxy]' started.
Test Case '-[KeyboardCoreTests.DeleteTests testDeleteInEnglishModeGoesDirectlyToProxy]' passed (0.000 seconds).
Test Case '-[KeyboardCoreTests.DeleteTests testDeleteLastCharOfComposition]' started.
Test Case '-[KeyboardCoreTests.DeleteTests testDeleteLastCharOfComposition]' passed (0.000 seconds).
Test Case '-[KeyboardCoreTests.DeleteTests testDeleteWhenBothEmpty]' started.
Test Case '-[KeyboardCoreTests.DeleteTests testDeleteWhenBothEmpty]' passed (0.000 seconds).
Test Case '-[KeyboardCoreTests.DeleteTests testDeleteWithEmptyCompositionHitsProxyDecrementsDeleteCount]' started.
Test Case '-[KeyboardCoreTests.DeleteTests testDeleteWithEmptyCompositionHitsProxyDecrementsDeleteCount]' passed (0.000 seconds).
Test Case '-[KeyboardCoreTests.DeleteTests testDeleteWithInlinePreeditDecrementsCount]' started.
Test Case '-[KeyboardCoreTests.DeleteTests testDeleteWithInlinePreeditDecrementsCount]' passed (0.000 seconds).
Test Case '-[KeyboardCoreTests.DeleteTests testRapidDeleteBeyondCompositionHitsProxyRepeatedly]' started.
Test Case '-[KeyboardCoreTests.DeleteTests testRapidDeleteBeyondCompositionHitsProxyRepeatedly]' passed (0.000 seconds).
Test Case '-[KeyboardCoreTests.DeleteTests testRapidDeleteClearsEntireComposition]' started.
Test Case '-[KeyboardCoreTests.DeleteTests testRapidDeleteClearsEntireComposition]' passed (0.000 seconds).
Test Suite 'DeleteTests' passed at 2026-10-01 08:07:14.550.
	 Executed 11 tests, with 0 failures (0 unexpected) in 0.002 (0.002) seconds
Test Suite 'DiagnosticEventTests' started at 2026-10-01 08:07:14.550.
Test Case '-[KeyboardCoreTests.DiagnosticEventTests testCandidateTouchBandUsesOnlyCoarseVerticalBuckets]' started.
Test Case '-[KeyboardCoreTests.DiagnosticEventTests testCandidateTouchBandUsesOnlyCoarseVerticalBuckets]' passed (0.000 seconds).
Test Case '-[KeyboardCoreTests.DiagnosticEventTests testFieldEncodingDoesNotProvideFreeTextPayload]' started.
Test Case '-[KeyboardCoreTests.DiagnosticEventTests testFieldEncodingDoesNotProvideFreeTextPayload]' passed (0.001 seconds).
Test Case '-[KeyboardCoreTests.DiagnosticEventTests testOtherCodesCannotCarryTypoRecallTypedField]' started.
Test Case '-[KeyboardCoreTests.DiagnosticEventTests testOtherCodesCannotCarryTypoRecallTypedField]' passed (0.001 seconds).
Test Case '-[KeyboardCoreTests.DiagnosticEventTests testReaderDecodesV3V4AndV5WithoutRelabelingLegacyRecords]' started.
Test Case '-[KeyboardCoreTests.DiagnosticEventTests testReaderDecodesV3V4AndV5WithoutRelabelingLegacyRecords]' passed (0.002 seconds).
Test Case '-[KeyboardCoreTests.DiagnosticEventTests testRimeSyncDecoderRejectsEmptyInvocationAndCodeMismatch]' started.
Test Case '-[KeyboardCoreTests.DiagnosticEventTests testRimeSyncDecoderRejectsEmptyInvocationAndCodeMismatch]' passed (0.001 seconds).
Test Case '-[KeyboardCoreTests.DiagnosticEventTests testRimeSyncKeychainFailureHasDistinctPersistedCode]' started.
Test Case '-[KeyboardCoreTests.DiagnosticEventTests testRimeSyncKeychainFailureHasDistinctPersistedCode]' passed (0.000 seconds).
Test Case '-[KeyboardCoreTests.DiagnosticEventTests testRimeSyncPayloadRoundTripUsesOnlyFiniteContentFreeFields]' started.
Test Case '-[KeyboardCoreTests.DiagnosticEventTests testRimeSyncPayloadRoundTripUsesOnlyFiniteContentFreeFields]' passed (0.001 seconds).
Test Case '-[KeyboardCoreTests.DiagnosticEventTests testRoundTripPreservesOnlyTypedContentFreeFields]' started.
Test Case '-[KeyboardCoreTests.DiagnosticEventTests testRoundTripPreservesOnlyTypedContentFreeFields]' passed (0.001 seconds).
Test Case '-[KeyboardCoreTests.DiagnosticEventTests testRuntimeRoutePayloadRoundTripsWithOnlyFiniteFields]' started.
Test Case '-[KeyboardCoreTests.DiagnosticEventTests testRuntimeRoutePayloadRoundTripsWithOnlyFiniteFields]' passed (0.001 seconds).
Test Case '-[KeyboardCoreTests.DiagnosticEventTests testSchemaFourRimeSyncFixturesRemainReadableAcrossTheKnownEnumBoundary]' started.
Test Case '-[KeyboardCoreTests.DiagnosticEventTests testSchemaFourRimeSyncFixturesRemainReadableAcrossTheKnownEnumBoundary]' passed (0.000 seconds).
Test Case '-[KeyboardCoreTests.DiagnosticEventTests testSchemeDeliveryDecoderRejectsCodePayloadMismatchAndInvalidDigestPrefix]' started.
Test Case '-[KeyboardCoreTests.DiagnosticEventTests testSchemeDeliveryDecoderRejectsCodePayloadMismatchAndInvalidDigestPrefix]' passed (0.001 seconds).
Test Case '-[KeyboardCoreTests.DiagnosticEventTests testSchemeDeliveryDecoderRejectsGenericFieldsAndInvalidTerminalCombination]' started.
Test Case '-[KeyboardCoreTests.DiagnosticEventTests testSchemeDeliveryDecoderRejectsGenericFieldsAndInvalidTerminalCombination]' passed (0.000 seconds).
Test Case '-[KeyboardCoreTests.DiagnosticEventTests testSchemeDeliveryDecoderRejectsInvalidPhaseFieldCombination]' started.
Test Case '-[KeyboardCoreTests.DiagnosticEventTests testSchemeDeliveryDecoderRejectsInvalidPhaseFieldCombination]' passed (0.000 seconds).
Test Case '-[KeyboardCoreTests.DiagnosticEventTests testSchemeDeliveryDecoderRejectsNonAdvancingFallbackAttempt]' started.
Test Case '-[KeyboardCoreTests.DiagnosticEventTests testSchemeDeliveryDecoderRejectsNonAdvancingFallbackAttempt]' passed (0.000 seconds).
Test Case '-[KeyboardCoreTests.DiagnosticEventTests testSchemeDeliveryPayloadRoundTripKeepsFiniteIntegrityFields]' started.
Test Case '-[KeyboardCoreTests.DiagnosticEventTests testSchemeDeliveryPayloadRoundTripKeepsFiniteIntegrityFields]' passed (0.001 seconds).
Test Case '-[KeyboardCoreTests.DiagnosticEventTests testSourceProbeFailureRoundTripsAndRejectsWrongPhase]' started.
Test Case '-[KeyboardCoreTests.DiagnosticEventTests testSourceProbeFailureRoundTripsAndRejectsWrongPhase]' passed (0.000 seconds).
Test Case '-[KeyboardCoreTests.DiagnosticEventTests testSourceSelectionPhaseCanPrecedeArchiveAttempt]' started.
Test Case '-[KeyboardCoreTests.DiagnosticEventTests testSourceSelectionPhaseCanPrecedeArchiveAttempt]' passed (0.000 seconds).
Test Case '-[KeyboardCoreTests.DiagnosticEventTests testTypoRecallCodesRoundTripWithFenceFieldsOnly]' started.
Test Case '-[KeyboardCoreTests.DiagnosticEventTests testTypoRecallCodesRoundTripWithFenceFieldsOnly]' passed (0.001 seconds).
Test Case '-[KeyboardCoreTests.DiagnosticEventTests testTypoRecallQueryMeasuredRejectsInvalidSchemaCodeAndFieldCardinality]' started.
Test Case '-[KeyboardCoreTests.DiagnosticEventTests testTypoRecallQueryMeasuredRejectsInvalidSchemaCodeAndFieldCardinality]' passed (0.001 seconds).
Test Case '-[KeyboardCoreTests.DiagnosticEventTests testTypoRecallQueryMeasuredRoundTripsOneFiniteContentFreeField]' started.
Test Case '-[KeyboardCoreTests.DiagnosticEventTests testTypoRecallQueryMeasuredRoundTripsOneFiniteContentFreeField]' passed (0.000 seconds).
Test Case '-[KeyboardCoreTests.DiagnosticEventTests testTypoRecallQueryOutcomeCarriesFiniteReason]' started.
Test Case '-[KeyboardCoreTests.DiagnosticEventTests testTypoRecallQueryOutcomeCarriesFiniteReason]' passed (0.000 seconds).
Test Case '-[KeyboardCoreTests.DiagnosticEventTests testV6ReaderAcceptsThreeMarkersAndExistingEventFamilies]' started.
Test Case '-[KeyboardCoreTests.DiagnosticEventTests testV6ReaderAcceptsThreeMarkersAndExistingEventFamilies]' passed (0.001 seconds).
Test Case '-[KeyboardCoreTests.DiagnosticEventTests testV6WireValidatorRejectsUnknownMalformedAndMismatchedMarkers]' started.
Test Case '-[KeyboardCoreTests.DiagnosticEventTests testV6WireValidatorRejectsUnknownMalformedAndMismatchedMarkers]' passed (0.000 seconds).
Test Case '-[KeyboardCoreTests.DiagnosticEventTests testWireValidatorRejectsSchemaVersionMismatchesAndMalformedPayloads]' started.
Test Case '-[KeyboardCoreTests.DiagnosticEventTests testWireValidatorRejectsSchemaVersionMismatchesAndMalformedPayloads]' passed (0.000 seconds).
Test Case '-[KeyboardCoreTests.DiagnosticEventTests testWireValidatorRejectsUnknownMarkerKeysAndEnumValues]' started.
Test Case '-[KeyboardCoreTests.DiagnosticEventTests testWireValidatorRejectsUnknownMarkerKeysAndEnumValues]' passed (0.000 seconds).
Test Case '-[KeyboardCoreTests.DiagnosticEventTests testWireValidatorRejectsUnknownRawKeysAcrossSupportedVersions]' started.
Test Case '-[KeyboardCoreTests.DiagnosticEventTests testWireValidatorRejectsUnknownRawKeysAcrossSupportedVersions]' passed (0.000 seconds).
Test Suite 'DiagnosticEventTests' passed at 2026-10-01 08:07:14.566.
	 Executed 26 tests, with 0 failures (0 unexpected) in 0.014 (0.016) seconds
Test Suite 'DiagnosticsHighFidelityConfigurationTests' started at 2026-10-01 08:07:14.566.
Test Case '-[KeyboardCoreTests.DiagnosticsHighFidelityConfigurationTests testAbsoluteExpirationControlsEnabledState]' started.
Test Case '-[KeyboardCoreTests.DiagnosticsHighFidelityConfigurationTests testAbsoluteExpirationControlsEnabledState]' passed (0.003 seconds).
Test Suite 'DiagnosticsHighFidelityConfigurationTests' passed at 2026-10-01 08:07:14.569.
	 Executed 1 test, with 0 failures (0 unexpected) in 0.003 (0.003) seconds
Test Suite 'DiagnosticsJournalIngressTests' started at 2026-10-01 08:07:14.569.
Test Case '-[KeyboardCoreTests.DiagnosticsJournalIngressTests testDisabledCategoryIsNotWritten]' started.
Test Case '-[KeyboardCoreTests.DiagnosticsJournalIngressTests testDisabledCategoryIsNotWritten]' passed (0.106 seconds).
Test Case '-[KeyboardCoreTests.DiagnosticsJournalIngressTests testFailureReasonsRemainContentFreeAndDoNotTreatEveryWriteFailureAsDiskFull]' started.
Test Case '-[KeyboardCoreTests.DiagnosticsJournalIngressTests testFailureReasonsRemainContentFreeAndDoNotTreatEveryWriteFailureAsDiskFull]' passed (0.000 seconds).
Test Case '-[KeyboardCoreTests.DiagnosticsJournalIngressTests testIngressIsBoundedAndWritesOnUtilityFlush]' started.
Test Case '-[KeyboardCoreTests.DiagnosticsJournalIngressTests testIngressIsBoundedAndWritesOnUtilityFlush]' passed (0.038 seconds).
Test Case '-[KeyboardCoreTests.DiagnosticsJournalIngressTests testQueueFullCanDropQueryMeasurementWithoutChangingItsMeaning]' started.
Test Case '-[KeyboardCoreTests.DiagnosticsJournalIngressTests testQueueFullCanDropQueryMeasurementWithoutChangingItsMeaning]' passed (0.038 seconds).
Test Case '-[KeyboardCoreTests.DiagnosticsJournalIngressTests testSuspendCanDropQueryMeasurementBeforeJournalWrite]' started.
Test Case '-[KeyboardCoreTests.DiagnosticsJournalIngressTests testSuspendCanDropQueryMeasurementBeforeJournalWrite]' passed (0.270 seconds).
Test Case '-[KeyboardCoreTests.DiagnosticsJournalIngressTests testSuspendDiscardsDelayedTailWithoutCreatingJournal]' started.
Test Case '-[KeyboardCoreTests.DiagnosticsJournalIngressTests testSuspendDiscardsDelayedTailWithoutCreatingJournal]' passed (0.271 seconds).
Test Case '-[KeyboardCoreTests.DiagnosticsJournalIngressTests testSuspendedRecordsAreReportedThenNewVisibleEventsWrite]' started.
Test Case '-[KeyboardCoreTests.DiagnosticsJournalIngressTests testSuspendedRecordsAreReportedThenNewVisibleEventsWrite]' passed (0.032 seconds).
Test Suite 'DiagnosticsJournalIngressTests' passed at 2026-10-01 08:07:15.326.
	 Executed 7 tests, with 0 failures (0 unexpected) in 0.755 (0.757) seconds
Test Suite 'DiagnosticsJournalRuntimeTests' started at 2026-10-01 08:07:15.326.
Test Case '-[KeyboardCoreTests.DiagnosticsJournalRuntimeTests testResumeWritesContentFreeSuspendedDropHealthEvent]' started.
Test Case '-[KeyboardCoreTests.DiagnosticsJournalRuntimeTests testResumeWritesContentFreeSuspendedDropHealthEvent]' passed (0.027 seconds).
Test Case '-[KeyboardCoreTests.DiagnosticsJournalRuntimeTests testRimeSyncPayloadUsesSameBoundedAsynchronousIngress]' started.
Test Case '-[KeyboardCoreTests.DiagnosticsJournalRuntimeTests testRimeSyncPayloadUsesSameBoundedAsynchronousIngress]' passed (0.032 seconds).
Test Case '-[KeyboardCoreTests.DiagnosticsJournalRuntimeTests testRuntimeRoutePayloadUsesSameBoundedAsynchronousIngress]' started.
Test Case '-[KeyboardCoreTests.DiagnosticsJournalRuntimeTests testRuntimeRoutePayloadUsesSameBoundedAsynchronousIngress]' passed (0.030 seconds).
Test Case '-[KeyboardCoreTests.DiagnosticsJournalRuntimeTests testSchemeDeliveryPayloadUsesSameBoundedAsynchronousIngress]' started.
Test Case '-[KeyboardCoreTests.DiagnosticsJournalRuntimeTests testSchemeDeliveryPayloadUsesSameBoundedAsynchronousIngress]' passed (0.035 seconds).
Test Case '-[KeyboardCoreTests.DiagnosticsJournalRuntimeTests testTypoRecallQueryMeasurementUsesTheExistingBoundedAsyncIngress]' started.
Test Case '-[KeyboardCoreTests.DiagnosticsJournalRuntimeTests testTypoRecallQueryMeasurementUsesTheExistingBoundedAsyncIngress]' passed (0.028 seconds).
Test Suite 'DiagnosticsJournalRuntimeTests' passed at 2026-10-01 08:07:15.479.
	 Executed 5 tests, with 0 failures (0 unexpected) in 0.152 (0.153) seconds
Test Suite 'DiagnosticsJournalTests' started at 2026-10-01 08:07:15.479.
Test Case '-[KeyboardCoreTests.DiagnosticsJournalTests testAppendRenewsIdentityLeaseWithIncreasingFence]' started.
Test Case '-[KeyboardCoreTests.DiagnosticsJournalTests testAppendRenewsIdentityLeaseWithIncreasingFence]' passed (0.004 seconds).
Test Case '-[KeyboardCoreTests.DiagnosticsJournalTests testAvailableDateRangesMapUTCHourSegmentsIntoLocalCalendarDays]' started.
Test Case '-[KeyboardCoreTests.DiagnosticsJournalTests testAvailableDateRangesMapUTCHourSegmentsIntoLocalCalendarDays]' passed (0.007 seconds).
Test Case '-[KeyboardCoreTests.DiagnosticsJournalTests testBeginPageIgnoresPartialTailInCurrentGeneration]' started.
Test Case '-[KeyboardCoreTests.DiagnosticsJournalTests testBeginPageIgnoresPartialTailInCurrentGeneration]' passed (0.005 seconds).
Test Case '-[KeyboardCoreTests.DiagnosticsJournalTests testClearAdvancesGenerationAndLeavesOldSegmentOutOfNewGeneration]' started.
Test Case '-[KeyboardCoreTests.DiagnosticsJournalTests testClearAdvancesGenerationAndLeavesOldSegmentOutOfNewGeneration]' passed (0.006 seconds).
Test Case '-[KeyboardCoreTests.DiagnosticsJournalTests testDateRangePageExcludesEventsFromAdjacentLocalDay]' started.
Test Case '-[KeyboardCoreTests.DiagnosticsJournalTests testDateRangePageExcludesEventsFromAdjacentLocalDay]' passed (0.008 seconds).
Test Case '-[KeyboardCoreTests.DiagnosticsJournalTests testExtensionAppendDoesNotCreateMissingRoot]' started.
Test Case '-[KeyboardCoreTests.DiagnosticsJournalTests testExtensionAppendDoesNotCreateMissingRoot]' passed (0.001 seconds).
Test Case '-[KeyboardCoreTests.DiagnosticsJournalTests testExtensionCannotCreateMissingRoot]' started.
Test Case '-[KeyboardCoreTests.DiagnosticsJournalTests testExtensionCannotCreateMissingRoot]' passed (0.001 seconds).
Test Case '-[KeyboardCoreTests.DiagnosticsJournalTests testLiveRefreshIdentityAndDateCatalogDoNotTakeExclusiveFence]' started.
Test Case '-[KeyboardCoreTests.DiagnosticsJournalTests testLiveRefreshIdentityAndDateCatalogDoNotTakeExclusiveFence]' passed (0.004 seconds).
Test Case '-[KeyboardCoreTests.DiagnosticsJournalTests testLiveRefreshIdentityChangesWhenBytesAreAppended]' started.
Test Case '-[KeyboardCoreTests.DiagnosticsJournalTests testLiveRefreshIdentityChangesWhenBytesAreAppended]' passed (0.004 seconds).
Test Case '-[KeyboardCoreTests.DiagnosticsJournalTests testMainAppCreatesControlAndWritesOnlyItsOwnSegment]' started.
Test Case '-[KeyboardCoreTests.DiagnosticsJournalTests testMainAppCreatesControlAndWritesOnlyItsOwnSegment]' passed (0.003 seconds).
Test Case '-[KeyboardCoreTests.DiagnosticsJournalTests testPageCursorExcludesEventsAppendedAfterItsFrozenWatermark]' started.
Test Case '-[KeyboardCoreTests.DiagnosticsJournalTests testPageCursorExcludesEventsAppendedAfterItsFrozenWatermark]' passed (0.007 seconds).
Test Case '-[KeyboardCoreTests.DiagnosticsJournalTests testPageCursorGloballyMergesInterleavedWriterSegments]' started.
Test Case '-[KeyboardCoreTests.DiagnosticsJournalTests testPageCursorGloballyMergesInterleavedWriterSegments]' passed (0.008 seconds).
Test Case '-[KeyboardCoreTests.DiagnosticsJournalTests testPageCursorReportsGenerationInvalidationInsteadOfEmptyCompletion]' started.
Test Case '-[KeyboardCoreTests.DiagnosticsJournalTests testPageCursorReportsGenerationInvalidationInsteadOfEmptyCompletion]' passed (0.006 seconds).
Test Case '-[KeyboardCoreTests.DiagnosticsJournalTests testPageCursorReportsReclaimInvalidationWhenSnapshotSegmentDisappears]' started.
Test Case '-[KeyboardCoreTests.DiagnosticsJournalTests testPageCursorReportsReclaimInvalidationWhenSnapshotSegmentDisappears]' passed (0.005 seconds).
Test Case '-[KeyboardCoreTests.DiagnosticsJournalTests testPageCursorReturnsFrozenNewestFirstPages]' started.
Test Case '-[KeyboardCoreTests.DiagnosticsJournalTests testPageCursorReturnsFrozenNewestFirstPages]' passed (0.006 seconds).
Test Case '-[KeyboardCoreTests.DiagnosticsJournalTests testPageCursorUsesDeterministicTieBreakAcrossSameHourSegments]' started.
Test Case '-[KeyboardCoreTests.DiagnosticsJournalTests testPageCursorUsesDeterministicTieBreakAcrossSameHourSegments]' passed (0.006 seconds).
Test Case '-[KeyboardCoreTests.DiagnosticsJournalTests testPageSnapshotContinuesWhenWriterSealsSameSegmentAfterManifestCapture]' started.
Test Case '-[KeyboardCoreTests.DiagnosticsJournalTests testPageSnapshotContinuesWhenWriterSealsSameSegmentAfterManifestCapture]' passed (0.005 seconds).
Test Case '-[KeyboardCoreTests.DiagnosticsJournalTests testPageSnapshotRefusesPartialSegmentBudgetRatherThanReturningMisorderedEvents]' started.
Test Case '-[KeyboardCoreTests.DiagnosticsJournalTests testPageSnapshotRefusesPartialSegmentBudgetRatherThanReturningMisorderedEvents]' passed (0.005 seconds).
Test Case '-[KeyboardCoreTests.DiagnosticsJournalTests testPageSnapshotRejectsMoreThanHardEventLimitEvenWhenCallerRequestsMore]' started.
Test Case '-[KeyboardCoreTests.DiagnosticsJournalTests testPageSnapshotRejectsMoreThanHardEventLimitEvenWhenCallerRequestsMore]' passed (0.717 seconds).
Test Case '-[KeyboardCoreTests.DiagnosticsJournalTests testReaderAcceptsMixedV3V4V5HistoryWithoutRewritingOldRecords]' started.
Test Case '-[KeyboardCoreTests.DiagnosticsJournalTests testReaderAcceptsMixedV3V4V5HistoryWithoutRewritingOldRecords]' passed (0.015 seconds).
Test Case '-[KeyboardCoreTests.DiagnosticsJournalTests testReaderIgnoresPartialTailAndReturnsOnlyCurrentGeneration]' started.
Test Case '-[KeyboardCoreTests.DiagnosticsJournalTests testReaderIgnoresPartialTailAndReturnsOnlyCurrentGeneration]' passed (0.005 seconds).
Test Case '-[KeyboardCoreTests.DiagnosticsJournalTests testRecentPreviewExcludesEventsAppendedAfterFrozenWatermark]' started.
Test Case '-[KeyboardCoreTests.DiagnosticsJournalTests testRecentPreviewExcludesEventsAppendedAfterFrozenWatermark]' passed (0.006 seconds).
Test Case '-[KeyboardCoreTests.DiagnosticsJournalTests testRecentPreviewIsExplicitlyPartialAndKeepsNewestSampledEvents]' started.
Test Case '-[KeyboardCoreTests.DiagnosticsJournalTests testRecentPreviewIsExplicitlyPartialAndKeepsNewestSampledEvents]' passed (0.007 seconds).
Test Case '-[KeyboardCoreTests.DiagnosticsJournalTests testReclaimedWriterRotatesIdentityAndCanAppendAgain]' started.
Test Case '-[KeyboardCoreTests.DiagnosticsJournalTests testReclaimedWriterRotatesIdentityAndCanAppendAgain]' passed (0.005 seconds).
Test Case '-[KeyboardCoreTests.DiagnosticsJournalTests testRejectedOnlyV6HistoryRemainsIncomplete]' started.
Test Case '-[KeyboardCoreTests.DiagnosticsJournalTests testRejectedOnlyV6HistoryRemainsIncomplete]' passed (0.002 seconds).
Test Case '-[KeyboardCoreTests.DiagnosticsJournalTests testRejectedRecordsRemainIncompleteAcrossPagesAndReaderPaths]' started.
Test Case '-[KeyboardCoreTests.DiagnosticsJournalTests testRejectedRecordsRemainIncompleteAcrossPagesAndReaderPaths]' passed (0.010 seconds).
Test Case '-[KeyboardCoreTests.DiagnosticsJournalTests testSnapshotFenceRejectsWriterMutationWhileManifestIsCaptured]' started.
Test Case '-[KeyboardCoreTests.DiagnosticsJournalTests testSnapshotFenceRejectsWriterMutationWhileManifestIsCaptured]' passed (0.001 seconds).
Test Case '-[KeyboardCoreTests.DiagnosticsJournalTests testV5WriterRejectsDecodedV6Marker]' started.
Test Case '-[KeyboardCoreTests.DiagnosticsJournalTests testV5WriterRejectsDecodedV6Marker]' passed (0.001 seconds).
Test Case '-[KeyboardCoreTests.DiagnosticsJournalTests testWriterSealsPreviousHourBeforeOpeningNewSegment]' started.
Test Case '-[KeyboardCoreTests.DiagnosticsJournalTests testWriterSealsPreviousHourBeforeOpeningNewSegment]' passed (0.005 seconds).
Test Suite 'DiagnosticsJournalTests' passed at 2026-10-01 08:07:16.347.
	 Executed 29 tests, with 0 failures (0 unexpected) in 0.864 (0.868) seconds
Test Suite 'DiagnosticsJournalV6WriterTests' started at 2026-10-01 08:07:16.347.
Test Case '-[KeyboardCoreTests.DiagnosticsJournalV6WriterTests testDefaultRuntimeKeepsV5AndRejectsWakeMarkers]' started.
Test Case '-[KeyboardCoreTests.DiagnosticsJournalV6WriterTests testDefaultRuntimeKeepsV5AndRejectsWakeMarkers]' passed (0.030 seconds).
Test Case '-[KeyboardCoreTests.DiagnosticsJournalV6WriterTests testV6RuntimeWritesMarkersAndPromotesExistingFamiliesWithoutTouchingHistory]' started.
Test Case '-[KeyboardCoreTests.DiagnosticsJournalV6WriterTests testV6RuntimeWritesMarkersAndPromotesExistingFamiliesWithoutTouchingHistory]' passed (0.028 seconds).
Test Case '-[KeyboardCoreTests.DiagnosticsJournalV6WriterTests testV6WriterRechecksDecodedPayloadBeforeWriting]' started.
Test Case '-[KeyboardCoreTests.DiagnosticsJournalV6WriterTests testV6WriterRechecksDecodedPayloadBeforeWriting]' passed (0.002 seconds).
Test Suite 'DiagnosticsJournalV6WriterTests' passed at 2026-10-01 08:07:16.408.
	 Executed 3 tests, with 0 failures (0 unexpected) in 0.061 (0.061) seconds
Test Suite 'DisplayLogicTests' started at 2026-10-01 08:07:16.408.
Test Case '-[KeyboardCoreTests.DisplayLogicTests testDefaultKeyboardTypePreservesMode]' started.
Test Case '-[KeyboardCoreTests.DisplayLogicTests testDefaultKeyboardTypePreservesMode]' passed (0.000 seconds).
Test Case '-[KeyboardCoreTests.DisplayLogicTests testDeleteBackwardEffect]' started.
Test Case '-[KeyboardCoreTests.DisplayLogicTests testDeleteBackwardEffect]' passed (0.000 seconds).
Test Case '-[KeyboardCoreTests.DisplayLogicTests testEmailKeyboardSetsEnglishMode]' started.
Test Case '-[KeyboardCoreTests.DisplayLogicTests testEmailKeyboardSetsEnglishMode]' passed (0.000 seconds).
Test Case '-[KeyboardCoreTests.DisplayLogicTests testInputModeButtonChinese]' started.
Test Case '-[KeyboardCoreTests.DisplayLogicTests testInputModeButtonChinese]' passed (0.000 seconds).
Test Case '-[KeyboardCoreTests.DisplayLogicTests testInputModeButtonEnglish]' started.
Test Case '-[KeyboardCoreTests.DisplayLogicTests testInputModeButtonEnglish]' passed (0.000 seconds).
Test Case '-[KeyboardCoreTests.DisplayLogicTests testInsertSpaceInChineseModeWithCompositionEffect]' started.
Test Case '-[KeyboardCoreTests.DisplayLogicTests testInsertSpaceInChineseModeWithCompositionEffect]' passed (0.000 seconds).
Test Case '-[KeyboardCoreTests.DisplayLogicTests testPageSwitchCyclesCorrectly]' started.
Test Case '-[KeyboardCoreTests.DisplayLogicTests testPageSwitchCyclesCorrectly]' passed (0.000 seconds).
Test Case '-[KeyboardCoreTests.DisplayLogicTests testPageSwitchOnLettersPage]' started.
Test Case '-[KeyboardCoreTests.DisplayLogicTests testPageSwitchOnLettersPage]' passed (0.000 seconds).
Test Case '-[KeyboardCoreTests.DisplayLogicTests testPageSwitchOnNumbersPage]' started.
Test Case '-[KeyboardCoreTests.DisplayLogicTests testPageSwitchOnNumbersPage]' passed (0.000 seconds).
Test Case '-[KeyboardCoreTests.DisplayLogicTests testPageSwitchOnSymbolsPage]' started.
Test Case '-[KeyboardCoreTests.DisplayLogicTests testPageSwitchOnSymbolsPage]' passed (0.000 seconds).
Test Case '-[KeyboardCoreTests.DisplayLogicTests testShiftActiveInCapsLock]' started.
Test Case '-[KeyboardCoreTests.DisplayLogicTests testShiftActiveInCapsLock]' passed (0.000 seconds).
Test Case '-[KeyboardCoreTests.DisplayLogicTests testShiftActiveInSingleUse]' started.
Test Case '-[KeyboardCoreTests.DisplayLogicTests testShiftActiveInSingleUse]' passed (0.000 seconds).
Test Case '-[KeyboardCoreTests.DisplayLogicTests testShiftButtonCapsLock]' started.
Test Case '-[KeyboardCoreTests.DisplayLogicTests testShiftButtonCapsLock]' passed (0.000 seconds).
Test Case '-[KeyboardCoreTests.DisplayLogicTests testShiftButtonOff]' started.
Test Case '-[KeyboardCoreTests.DisplayLogicTests testShiftButtonOff]' passed (0.000 seconds).
Test Case '-[KeyboardCoreTests.DisplayLogicTests testShiftButtonSingleUse]' started.
Test Case '-[KeyboardCoreTests.DisplayLogicTests testShiftButtonSingleUse]' passed (0.000 seconds).
Test Case '-[KeyboardCoreTests.DisplayLogicTests testShiftInactiveWhenOff]' started.
Test Case '-[KeyboardCoreTests.DisplayLogicTests testShiftInactiveWhenOff]' passed (0.000 seconds).
Test Case '-[KeyboardCoreTests.DisplayLogicTests testShiftToggleStates]' started.
Test Case '-[KeyboardCoreTests.DisplayLogicTests testShiftToggleStates]' passed (0.000 seconds).
Test Case '-[KeyboardCoreTests.DisplayLogicTests testSingleToggleShiftEffect]' started.
Test Case '-[KeyboardCoreTests.DisplayLogicTests testSingleToggleShiftEffect]' passed (0.000 seconds).
Test Case '-[KeyboardCoreTests.DisplayLogicTests testSpaceButtonChineseOnLetters]' started.
Test Case '-[KeyboardCoreTests.DisplayLogicTests testSpaceButtonChineseOnLetters]' passed (0.000 seconds).
Test Case '-[KeyboardCoreTests.DisplayLogicTests testSpaceButtonEnglishOnLetters]' started.
Test Case '-[KeyboardCoreTests.DisplayLogicTests testSpaceButtonEnglishOnLetters]' passed (0.000 seconds).
Test Case '-[KeyboardCoreTests.DisplayLogicTests testSpaceButtonOnNumbers]' started.
Test Case '-[KeyboardCoreTests.DisplayLogicTests testSpaceButtonOnNumbers]' passed (0.000 seconds).
Test Case '-[KeyboardCoreTests.DisplayLogicTests testSpaceButtonOnSymbols]' started.
Test Case '-[KeyboardCoreTests.DisplayLogicTests testSpaceButtonOnSymbols]' passed (0.000 seconds).
Test Case '-[KeyboardCoreTests.DisplayLogicTests testTogglePageEffect]' started.
Test Case '-[KeyboardCoreTests.DisplayLogicTests testTogglePageEffect]' passed (0.000 seconds).
Test Suite 'DisplayLogicTests' passed at 2026-10-01 08:07:16.414.
	 Executed 23 tests, with 0 failures (0 unexpected) in 0.004 (0.006) seconds
Test Suite 'InputModeTests' started at 2026-10-01 08:07:16.414.
Test Case '-[KeyboardCoreTests.InputModeTests testChineseToEnglishShiftStateReset]' started.
Test Case '-[KeyboardCoreTests.InputModeTests testChineseToEnglishShiftStateReset]' passed (0.000 seconds).
Test Case '-[KeyboardCoreTests.InputModeTests testDoubleToggleModeReturnsToChinese]' started.
Test Case '-[KeyboardCoreTests.InputModeTests testDoubleToggleModeReturnsToChinese]' passed (0.000 seconds).
Test Case '-[KeyboardCoreTests.InputModeTests testInitialModeIsChinese]' started.
Test Case '-[KeyboardCoreTests.InputModeTests testInitialModeIsChinese]' passed (0.000 seconds).
Test Case '-[KeyboardCoreTests.InputModeTests testToggleChineseToEnglish]' started.
Test Case '-[KeyboardCoreTests.InputModeTests testToggleChineseToEnglish]' passed (0.000 seconds).
Test Case '-[KeyboardCoreTests.InputModeTests testToggleEnglishToChinese]' started.
Test Case '-[KeyboardCoreTests.InputModeTests testToggleEnglishToChinese]' passed (0.000 seconds).
Test Case '-[KeyboardCoreTests.InputModeTests testToggleModeClearsInlinePreedit]' started.
Test Case '-[KeyboardCoreTests.InputModeTests testToggleModeClearsInlinePreedit]' passed (0.000 seconds).
Test Case '-[KeyboardCoreTests.InputModeTests testToggleModeCommitsComposition]' started.
Test Case '-[KeyboardCoreTests.InputModeTests testToggleModeCommitsComposition]' passed (0.000 seconds).
Test Case '-[KeyboardCoreTests.InputModeTests testToggleModeEffectContainsInputModeChanged]' started.
Test Case '-[KeyboardCoreTests.InputModeTests testToggleModeEffectContainsInputModeChanged]' passed (0.000 seconds).
Test Case '-[KeyboardCoreTests.InputModeTests testToggleModeOnLettersStaysOnLetters]' started.
Test Case '-[KeyboardCoreTests.InputModeTests testToggleModeOnLettersStaysOnLetters]' passed (0.000 seconds).
Test Case '-[KeyboardCoreTests.InputModeTests testToggleModeOnNumbersPageGoesToLetters]' started.
Test Case '-[KeyboardCoreTests.InputModeTests testToggleModeOnNumbersPageGoesToLetters]' passed (0.000 seconds).
Test Case '-[KeyboardCoreTests.InputModeTests testToggleModeOnSymbolsPageGoesToLetters]' started.
Test Case '-[KeyboardCoreTests.InputModeTests testToggleModeOnSymbolsPageGoesToLetters]' passed (0.000 seconds).
Test Case '-[KeyboardCoreTests.InputModeTests testToggleModeWithEmptyComposition]' started.
Test Case '-[KeyboardCoreTests.InputModeTests testToggleModeWithEmptyComposition]' passed (0.000 seconds).
Test Suite 'InputModeTests' passed at 2026-10-01 08:07:16.416.
	 Executed 12 tests, with 0 failures (0 unexpected) in 0.002 (0.003) seconds
Test Suite 'KeyTouchCellLayoutTests' started at 2026-10-01 08:07:16.416.
Test Case '-[KeyboardCoreTests.KeyTouchCellLayoutTests testCandidateExpandHitFrameClipsToBarAndKeepsButtonShape]' started.
Test Case '-[KeyboardCoreTests.KeyTouchCellLayoutTests testCandidateExpandHitFrameClipsToBarAndKeepsButtonShape]' passed (0.000 seconds).
Test Case '-[KeyboardCoreTests.KeyTouchCellLayoutTests testGapMidpointBelongsToOneTouchCell]' started.
Test Case '-[KeyboardCoreTests.KeyTouchCellLayoutTests testGapMidpointBelongsToOneTouchCell]' passed (0.000 seconds).
Test Case '-[KeyboardCoreTests.KeyTouchCellLayoutTests testIdentifiedNineKeyWXYZSpaceGapDoesNotBelongToDEF]' started.
Test Case '-[KeyboardCoreTests.KeyTouchCellLayoutTests testIdentifiedNineKeyWXYZSpaceGapDoesNotBelongToDEF]' passed (0.000 seconds).
Test Case '-[KeyboardCoreTests.KeyTouchCellLayoutTests testIdentifiedSnapshotKeepsCallerIdsInsteadOfRectEquality]' started.
Test Case '-[KeyboardCoreTests.KeyTouchCellLayoutTests testIdentifiedSnapshotKeepsCallerIdsInsteadOfRectEquality]' passed (0.000 seconds).
Test Case '-[KeyboardCoreTests.KeyTouchCellLayoutTests testIdentifiedTwentySixKeyAndNestedThirdRowShareOneGrid]' started.
Test Case '-[KeyboardCoreTests.KeyTouchCellLayoutTests testIdentifiedTwentySixKeyAndNestedThirdRowShareOneGrid]' passed (0.000 seconds).
Test Case '-[KeyboardCoreTests.KeyTouchCellLayoutTests testNineKeyColumnGapGoesToVerticalNeighborsNotDEF]' started.
Test Case '-[KeyboardCoreTests.KeyTouchCellLayoutTests testNineKeyColumnGapGoesToVerticalNeighborsNotDEF]' passed (0.000 seconds).
Test Case '-[KeyboardCoreTests.KeyTouchCellLayoutTests testNineKeyEachPadKeyKeepsItsOwnRowCell]' started.
Test Case '-[KeyboardCoreTests.KeyTouchCellLayoutTests testNineKeyEachPadKeyKeepsItsOwnRowCell]' passed (0.000 seconds).
Test Case '-[KeyboardCoreTests.KeyTouchCellLayoutTests testNineKeyLoneSpaceFillsItsColumnLike26Key]' started.
Test Case '-[KeyboardCoreTests.KeyTouchCellLayoutTests testNineKeyLoneSpaceFillsItsColumnLike26Key]' passed (0.000 seconds).
Test Case '-[KeyboardCoreTests.KeyTouchCellLayoutTests testNineKeySmallSiblingGapStillBelongsToANeighbor]' started.
Test Case '-[KeyboardCoreTests.KeyTouchCellLayoutTests testNineKeySmallSiblingGapStillBelongsToANeighbor]' passed (0.000 seconds).
Test Case '-[KeyboardCoreTests.KeyTouchCellLayoutTests testOverlappingTouchCellsPreferNearestVisual]' started.
Test Case '-[KeyboardCoreTests.KeyTouchCellLayoutTests testOverlappingTouchCellsPreferNearestVisual]' passed (0.000 seconds).
Test Case '-[KeyboardCoreTests.KeyTouchCellLayoutTests testOverlayRectsAreTheHitTestSnapshotNotASecondLayout]' started.
Test Case '-[KeyboardCoreTests.KeyTouchCellLayoutTests testOverlayRectsAreTheHitTestSnapshotNotASecondLayout]' passed (0.000 seconds).
Test Case '-[KeyboardCoreTests.KeyTouchCellLayoutTests testPathBarExpandedHitBoundsMatchesPointInsideContract]' started.
Test Case '-[KeyboardCoreTests.KeyTouchCellLayoutTests testPathBarExpandedHitBoundsMatchesPointInsideContract]' passed (0.000 seconds).
Test Case '-[KeyboardCoreTests.KeyTouchCellLayoutTests testPathBarItemIndexUsesExpandedCellFrames]' started.
Test Case '-[KeyboardCoreTests.KeyTouchCellLayoutTests testPathBarItemIndexUsesExpandedCellFrames]' passed (0.000 seconds).
Test Case '-[KeyboardCoreTests.KeyTouchCellLayoutTests testReleaseBuildIgnoresStoredOverlayFlag]' started.
Test Case '-[KeyboardCoreTests.KeyTouchCellLayoutTests testReleaseBuildIgnoresStoredOverlayFlag]' passed (0.002 seconds).
Test Case '-[KeyboardCoreTests.KeyTouchCellLayoutTests testSmallerVisualWinsWhenAColumnTallCellAlsoContainsThePoint]' started.
Test Case '-[KeyboardCoreTests.KeyTouchCellLayoutTests testSmallerVisualWinsWhenAColumnTallCellAlsoContainsThePoint]' passed (0.000 seconds).
Test Case '-[KeyboardCoreTests.KeyTouchCellLayoutTests testSnapshotInsetsMatchTouchFrameSoOverlayCannotInventASecondBox]' started.
Test Case '-[KeyboardCoreTests.KeyTouchCellLayoutTests testSnapshotInsetsMatchTouchFrameSoOverlayCannotInventASecondBox]' passed (0.000 seconds).
Test Case '-[KeyboardCoreTests.KeyTouchCellLayoutTests testStructuredNineKeyColumnGapIsSplitAtMidpoint]' started.
Test Case '-[KeyboardCoreTests.KeyTouchCellLayoutTests testStructuredNineKeyColumnGapIsSplitAtMidpoint]' passed (0.000 seconds).
Test Case '-[KeyboardCoreTests.KeyTouchCellLayoutTests testStructuredNineKeyDoesNotMergeTallReturnIntoLeftPadRow]' started.
Test Case '-[KeyboardCoreTests.KeyTouchCellLayoutTests testStructuredNineKeyDoesNotMergeTallReturnIntoLeftPadRow]' passed (0.000 seconds).
Test Case '-[KeyboardCoreTests.KeyTouchCellLayoutTests testStructuredNineKeyReturnStaysInRightColumn]' started.
Test Case '-[KeyboardCoreTests.KeyTouchCellLayoutTests testStructuredNineKeyReturnStaysInRightColumn]' passed (0.000 seconds).
Test Case '-[KeyboardCoreTests.KeyTouchCellLayoutTests testTwentySixKeyInsetHomeRowFillsContainerSides]' started.
Test Case '-[KeyboardCoreTests.KeyTouchCellLayoutTests testTwentySixKeyInsetHomeRowFillsContainerSides]' passed (0.000 seconds).
Test Case '-[KeyboardCoreTests.KeyTouchCellLayoutTests testTwentySixKeyNestedLetterRowGetsVerticalAndFunctionGaps]' started.
Test Case '-[KeyboardCoreTests.KeyTouchCellLayoutTests testTwentySixKeyNestedLetterRowGetsVerticalAndFunctionGaps]' passed (0.000 seconds).
Test Case '-[KeyboardCoreTests.KeyTouchCellLayoutTests testVisualKeyStillWinsWhenPointIsInsideItsBounds]' started.
Test Case '-[KeyboardCoreTests.KeyTouchCellLayoutTests testVisualKeyStillWinsWhenPointIsInsideItsBounds]' passed (0.000 seconds).
Test Suite 'KeyTouchCellLayoutTests' passed at 2026-10-01 08:07:16.424.
	 Executed 22 tests, with 0 failures (0 unexpected) in 0.006 (0.008) seconds
Test Suite 'KeyboardFeedbackSettingsTests' started at 2026-10-01 08:07:16.424.
Test Case '-[KeyboardCoreTests.KeyboardFeedbackSettingsTests testFeedbackLevelClampKeepsValuesInFiveLevelRange]' started.
Test Case '-[KeyboardCoreTests.KeyboardFeedbackSettingsTests testFeedbackLevelClampKeepsValuesInFiveLevelRange]' passed (0.000 seconds).
Test Case '-[KeyboardCoreTests.KeyboardFeedbackSettingsTests testLegacyContinuousValuesMigrateToNearestDiscreteLevel]' started.
Test Case '-[KeyboardCoreTests.KeyboardFeedbackSettingsTests testLegacyContinuousValuesMigrateToNearestDiscreteLevel]' passed (0.000 seconds).
Test Case '-[KeyboardCoreTests.KeyboardFeedbackSettingsTests testMigrationDoesNotOverwriteExistingDiscreteLevels]' started.
Test Case '-[KeyboardCoreTests.KeyboardFeedbackSettingsTests testMigrationDoesNotOverwriteExistingDiscreteLevels]' passed (0.002 seconds).
Test Case '-[KeyboardCoreTests.KeyboardFeedbackSettingsTests testMigrationWritesHapticLevelFromLegacyValueWithoutDeletingLegacyKey]' started.
Test Case '-[KeyboardCoreTests.KeyboardFeedbackSettingsTests testMigrationWritesHapticLevelFromLegacyValueWithoutDeletingLegacyKey]' passed (0.002 seconds).
Test Suite 'KeyboardFeedbackSettingsTests' passed at 2026-10-01 08:07:16.429.
	 Executed 4 tests, with 0 failures (0 unexpected) in 0.005 (0.005) seconds
Test Suite 'KeyboardLayoutAndT9RuntimeTests' started at 2026-10-01 08:07:16.429.
Test Case '-[KeyboardCoreTests.KeyboardLayoutAndT9RuntimeTests testCompatibilityStripRemovesForceGCTranslator]' started.
Test Case '-[KeyboardCoreTests.KeyboardLayoutAndT9RuntimeTests testCompatibilityStripRemovesForceGCTranslator]' passed (0.000 seconds).
Test Case '-[KeyboardCoreTests.KeyboardLayoutAndT9RuntimeTests testCompatibilityStripRemovesT9ProcessorOnly]' started.
Test Case '-[KeyboardCoreTests.KeyboardLayoutAndT9RuntimeTests testCompatibilityStripRemovesT9ProcessorOnly]' passed (0.000 seconds).
Test Case '-[KeyboardCoreTests.KeyboardLayoutAndT9RuntimeTests testDigitShapeWithoutT9SemanticsIsNotT9Policy]' started.
Test Case '-[KeyboardCoreTests.KeyboardLayoutAndT9RuntimeTests testDigitShapeWithoutT9SemanticsIsNotT9Policy]' passed (0.000 seconds).
Test Case '-[KeyboardCoreTests.KeyboardLayoutAndT9RuntimeTests testEffectiveSchemeUsesT9OnlyWhenIceNineKeyAndReadinessMatch]' started.
Test Case '-[KeyboardCoreTests.KeyboardLayoutAndT9RuntimeTests testEffectiveSchemeUsesT9OnlyWhenIceNineKeyAndReadinessMatch]' passed (0.000 seconds).
Test Case '-[KeyboardCoreTests.KeyboardLayoutAndT9RuntimeTests testForceGCInspectorDetectsTranslatorListEntry]' started.
Test Case '-[KeyboardCoreTests.KeyboardLayoutAndT9RuntimeTests testForceGCInspectorDetectsTranslatorListEntry]' passed (0.000 seconds).
Test Case '-[KeyboardCoreTests.KeyboardLayoutAndT9RuntimeTests testLegacyBooleanAloneIsNotMatchedReadiness]' started.
Test Case '-[KeyboardCoreTests.KeyboardLayoutAndT9RuntimeTests testLegacyBooleanAloneIsNotMatchedReadiness]' passed (0.002 seconds).
Test Case '-[KeyboardCoreTests.KeyboardLayoutAndT9RuntimeTests testMissingAndUnknownLayoutValuesFallBackToTwentySixKey]' started.
Test Case '-[KeyboardCoreTests.KeyboardLayoutAndT9RuntimeTests testMissingAndUnknownLayoutValuesFallBackToTwentySixKey]' passed (0.000 seconds).
Test Case '-[KeyboardCoreTests.KeyboardLayoutAndT9RuntimeTests testNilOnDiskFingerprintFailClosesToTwentySixKey]' started.
Test Case '-[KeyboardCoreTests.KeyboardLayoutAndT9RuntimeTests testNilOnDiskFingerprintFailClosesToTwentySixKey]' passed (0.000 seconds).
Test Case '-[KeyboardCoreTests.KeyboardLayoutAndT9RuntimeTests testReconcileWithNilActualSchemaFailsClosed]' started.
Test Case '-[KeyboardCoreTests.KeyboardLayoutAndT9RuntimeTests testReconcileWithNilActualSchemaFailsClosed]' passed (0.000 seconds).
Test Case '-[KeyboardCoreTests.KeyboardLayoutAndT9RuntimeTests testRequestedT9KeepsSemanticsWhenActualIsT9]' started.
Test Case '-[KeyboardCoreTests.KeyboardLayoutAndT9RuntimeTests testRequestedT9KeepsSemanticsWhenActualIsT9]' passed (0.000 seconds).
Test Case '-[KeyboardCoreTests.KeyboardLayoutAndT9RuntimeTests testRequestedT9ReconcilesFailClosedWhenActualIsRimeIce]' started.
Test Case '-[KeyboardCoreTests.KeyboardLayoutAndT9RuntimeTests testRequestedT9ReconcilesFailClosedWhenActualIsRimeIce]' passed (0.000 seconds).
Test Case '-[KeyboardCoreTests.KeyboardLayoutAndT9RuntimeTests testReturnAndLanguageSwitchNeverCommitRawDigitsWhenT9SemanticsEnabled]' started.
Test Case '-[KeyboardCoreTests.KeyboardLayoutAndT9RuntimeTests testReturnAndLanguageSwitchNeverCommitRawDigitsWhenT9SemanticsEnabled]' passed (0.000 seconds).
Test Case '-[KeyboardCoreTests.KeyboardLayoutAndT9RuntimeTests testSchemaListIncludesT9WhenIceInstalled]' started.
Test Case '-[KeyboardCoreTests.KeyboardLayoutAndT9RuntimeTests testSchemaListIncludesT9WhenIceInstalled]' passed (0.000 seconds).
Test Case '-[KeyboardCoreTests.KeyboardLayoutAndT9RuntimeTests testT9PreeditPrefersCommentAndNeverExposesInternalDigits]' started.
Test Case '-[KeyboardCoreTests.KeyboardLayoutAndT9RuntimeTests testT9PreeditPrefersCommentAndNeverExposesInternalDigits]' passed (0.000 seconds).
Test Case '-[KeyboardCoreTests.KeyboardLayoutAndT9RuntimeTests testT9PreeditRevealsAtMostOneLetterPerInputSlot]' started.
Test Case '-[KeyboardCoreTests.KeyboardLayoutAndT9RuntimeTests testT9PreeditRevealsAtMostOneLetterPerInputSlot]' passed (0.000 seconds).
Test Case '-[KeyboardCoreTests.KeyboardLayoutAndT9RuntimeTests testUserDictionaryPreferenceAppliesToT9SchemaID]' started.
Test Case '-[KeyboardCoreTests.KeyboardLayoutAndT9RuntimeTests testUserDictionaryPreferenceAppliesToT9SchemaID]' passed (0.000 seconds).
Test Suite 'KeyboardLayoutAndT9RuntimeTests' passed at 2026-10-01 08:07:16.435.
	 Executed 16 tests, with 0 failures (0 unexpected) in 0.005 (0.006) seconds
Test Suite 'KeyboardTypeTests' started at 2026-10-01 08:07:16.435.
Test Case '-[KeyboardCoreTests.KeyboardTypeTests testDefaultTypeDoesNotChangeMode]' started.
Test Case '-[KeyboardCoreTests.KeyboardTypeTests testDefaultTypeDoesNotChangeMode]' passed (0.000 seconds).
Test Case '-[KeyboardCoreTests.KeyboardTypeTests testEmailTypeSwitchesToEnglish]' started.
Test Case '-[KeyboardCoreTests.KeyboardTypeTests testEmailTypeSwitchesToEnglish]' passed (0.000 seconds).
Test Case '-[KeyboardCoreTests.KeyboardTypeTests testKeyboardTypeChangeCommitsComposition]' started.
Test Case '-[KeyboardCoreTests.KeyboardTypeTests testKeyboardTypeChangeCommitsComposition]' passed (0.000 seconds).
Test Case '-[KeyboardCoreTests.KeyboardTypeTests testSameKeyboardTypeIsNoOp]' started.
Test Case '-[KeyboardCoreTests.KeyboardTypeTests testSameKeyboardTypeIsNoOp]' passed (0.000 seconds).
Test Case '-[KeyboardCoreTests.KeyboardTypeTests testURLTypeSwitchesToEnglish]' started.
Test Case '-[KeyboardCoreTests.KeyboardTypeTests testURLTypeSwitchesToEnglish]' passed (0.000 seconds).
Test Case '-[KeyboardCoreTests.KeyboardTypeTests testWebSearchTypeSwitchesToEnglish]' started.
Test Case '-[KeyboardCoreTests.KeyboardTypeTests testWebSearchTypeSwitchesToEnglish]' passed (0.000 seconds).
Test Suite 'KeyboardTypeTests' passed at 2026-10-01 08:07:16.436.
	 Executed 6 tests, with 0 failures (0 unexpected) in 0.001 (0.001) seconds
Test Suite 'LayoutBoundRimeRuntimeSelectionTests' started at 2026-10-01 08:07:16.436.
Test Case '-[KeyboardCoreTests.LayoutBoundRimeRuntimeSelectionTests testLayoutBoundAllowsWanxiang26WhileNineKeyIsT9]' started.
Test Case '-[KeyboardCoreTests.LayoutBoundRimeRuntimeSelectionTests testLayoutBoundAllowsWanxiang26WhileNineKeyIsT9]' passed (0.000 seconds).
Test Case '-[KeyboardCoreTests.LayoutBoundRimeRuntimeSelectionTests testLayoutBoundNineKeyUsesT9BindingWhenReady]' started.
Test Case '-[KeyboardCoreTests.LayoutBoundRimeRuntimeSelectionTests testLayoutBoundNineKeyUsesT9BindingWhenReady]' passed (0.000 seconds).
Test Case '-[KeyboardCoreTests.LayoutBoundRimeRuntimeSelectionTests testLegacyInitStillAutoSelectsT9]' started.
Test Case '-[KeyboardCoreTests.LayoutBoundRimeRuntimeSelectionTests testLegacyInitStillAutoSelectsT9]' passed (0.000 seconds).
Test Case '-[KeyboardCoreTests.LayoutBoundRimeRuntimeSelectionTests testLegacyPathWithWanxiangBaseFailsClosedOnNineKey]' started.
Test Case '-[KeyboardCoreTests.LayoutBoundRimeRuntimeSelectionTests testLegacyPathWithWanxiangBaseFailsClosedOnNineKey]' passed (0.000 seconds).
Test Case '-[KeyboardCoreTests.LayoutBoundRimeRuntimeSelectionTests testMigrationWritesBindingsOnce]' started.
Test Case '-[KeyboardCoreTests.LayoutBoundRimeRuntimeSelectionTests testMigrationWritesBindingsOnce]' passed (0.002 seconds).
Test Case '-[KeyboardCoreTests.LayoutBoundRimeRuntimeSelectionTests testNineKeyDefaultsBinding9ToT9WhenOmittedButReady]' started.
Test Case '-[KeyboardCoreTests.LayoutBoundRimeRuntimeSelectionTests testNineKeyDefaultsBinding9ToT9WhenOmittedButReady]' passed (0.000 seconds).
Test Case '-[KeyboardCoreTests.LayoutBoundRimeRuntimeSelectionTests testNineKeyFailsClosedWithoutReadiness]' started.
Test Case '-[KeyboardCoreTests.LayoutBoundRimeRuntimeSelectionTests testNineKeyFailsClosedWithoutReadiness]' passed (0.000 seconds).
Test Case '-[KeyboardCoreTests.LayoutBoundRimeRuntimeSelectionTests testNineKeyRejectsNonCapableBinding]' started.
Test Case '-[KeyboardCoreTests.LayoutBoundRimeRuntimeSelectionTests testNineKeyRejectsNonCapableBinding]' passed (0.000 seconds).
Test Case '-[KeyboardCoreTests.LayoutBoundRimeRuntimeSelectionTests testResolveDefaultsUsesBindings]' started.
Test Case '-[KeyboardCoreTests.LayoutBoundRimeRuntimeSelectionTests testResolveDefaultsUsesBindings]' passed (0.003 seconds).
Test Case '-[KeyboardCoreTests.LayoutBoundRimeRuntimeSelectionTests testWanxiang26BindingDoesNotBlockNineKeyLayoutWhenT9Ready]' started.
Test Case '-[KeyboardCoreTests.LayoutBoundRimeRuntimeSelectionTests testWanxiang26BindingDoesNotBlockNineKeyLayoutWhenT9Ready]' passed (0.000 seconds).
Test Suite 'LayoutBoundRimeRuntimeSelectionTests' passed at 2026-10-01 08:07:16.443.
	 Executed 10 tests, with 0 failures (0 unexpected) in 0.006 (0.007) seconds
Test Suite 'LoggerTests' started at 2026-10-01 08:07:16.443.
Test Case '-[KeyboardCoreTests.LoggerTests testAllCategoriesHaveRawValues]' started.
Test Case '-[KeyboardCoreTests.LoggerTests testAllCategoriesHaveRawValues]' passed (0.000 seconds).
Test Case '-[KeyboardCoreTests.LoggerTests testAllLevelsHaveRawValues]' started.
Test Case '-[KeyboardCoreTests.LoggerTests testAllLevelsHaveRawValues]' passed (0.000 seconds).
Test Case '-[KeyboardCoreTests.LoggerTests testDevicePreflightRecordBypassesDisabledCategory]' started.
Test Case '-[KeyboardCoreTests.LoggerTests testDevicePreflightRecordBypassesDisabledCategory]' passed (0.003 seconds).
Test Case '-[KeyboardCoreTests.LoggerTests testEntryFormat]' started.
Test Case '-[KeyboardCoreTests.LoggerTests testEntryFormat]' passed (0.000 seconds).
Test Case '-[KeyboardCoreTests.LoggerTests testEntryIsSendable]' started.
Test Case '-[KeyboardCoreTests.LoggerTests testEntryIsSendable]' passed (0.000 seconds).
Test Case '-[KeyboardCoreTests.LoggerTests testFlushPersistsRecordsInSubmissionOrder]' started.
Test Case '-[KeyboardCoreTests.LoggerTests testFlushPersistsRecordsInSubmissionOrder]' passed (0.002 seconds).
Test Case '-[KeyboardCoreTests.LoggerTests testLevelOrder]' started.
Test Case '-[KeyboardCoreTests.LoggerTests testLevelOrder]' passed (0.000 seconds).
Test Case '-[KeyboardCoreTests.LoggerTests testLifecycleSuspensionDiscardsPendingAndIgnoresNewRecordsUntilResume]' started.
Test Case '-[KeyboardCoreTests.LoggerTests testLifecycleSuspensionDiscardsPendingAndIgnoresNewRecordsUntilResume]' passed (0.003 seconds).
Test Case '-[KeyboardCoreTests.LoggerTests testLiveCategoryToggleRequiresGlobalAndCategorySwitches]' started.
Test Case '-[KeyboardCoreTests.LoggerTests testLiveCategoryToggleRequiresGlobalAndCategorySwitches]' passed (0.002 seconds).
Test Case '-[KeyboardCoreTests.LoggerTests testLoggerIsSendable]' started.
Test Case '-[KeyboardCoreTests.LoggerTests testLoggerIsSendable]' passed (0.000 seconds).
Test Case '-[KeyboardCoreTests.LoggerTests testRequestFlushDoesNotWaitForBlockedPersistence]' started.
Test Case '-[KeyboardCoreTests.LoggerTests testRequestFlushDoesNotWaitForBlockedPersistence]' passed (0.002 seconds).
Test Case '-[KeyboardCoreTests.LoggerTests testSingleton]' started.
Test Case '-[KeyboardCoreTests.LoggerTests testSingleton]' passed (0.000 seconds).
Test Case '-[KeyboardCoreTests.LoggerTests testWriterCoalescesSubmittedRecordsIntoOnePersistenceCycle]' started.
Test Case '-[KeyboardCoreTests.LoggerTests testWriterCoalescesSubmittedRecordsIntoOnePersistenceCycle]' passed (0.000 seconds).
Test Case '-[KeyboardCoreTests.LoggerTests testWriterFiltersCategoriesAndKeepsRingBufferBounded]' started.
Test Case '-[KeyboardCoreTests.LoggerTests testWriterFiltersCategoriesAndKeepsRingBufferBounded]' passed (0.002 seconds).
Test Suite 'LoggerTests' passed at 2026-10-01 08:07:16.460.
	 Executed 14 tests, with 0 failures (0 unexpected) in 0.015 (0.016) seconds
Test Suite 'P3D1LifecycleEvidenceValidatorTests' started at 2026-10-01 08:07:16.460.
Test Case '-[KeyboardCoreTests.P3D1LifecycleEvidenceValidatorTests testCompleteOwnerAndReturnSequenceIsContentFree]' started.
Test Case '-[KeyboardCoreTests.P3D1LifecycleEvidenceValidatorTests testCompleteOwnerAndReturnSequenceIsContentFree]' passed (0.001 seconds).
Test Case '-[KeyboardCoreTests.P3D1LifecycleEvidenceValidatorTests testEmptyExportIsNotRun]' started.
Test Case '-[KeyboardCoreTests.P3D1LifecycleEvidenceValidatorTests testEmptyExportIsNotRun]' passed (0.000 seconds).
Test Case '-[KeyboardCoreTests.P3D1LifecycleEvidenceValidatorTests testMissingRunBindingBlocksInsteadOfInferringIdentity]' started.
Test Case '-[KeyboardCoreTests.P3D1LifecycleEvidenceValidatorTests testMissingRunBindingBlocksInsteadOfInferringIdentity]' passed (0.000 seconds).
Test Case '-[KeyboardCoreTests.P3D1LifecycleEvidenceValidatorTests testOwnerOrderAndRequiredPublishArePartial]' started.
Test Case '-[KeyboardCoreTests.P3D1LifecycleEvidenceValidatorTests testOwnerOrderAndRequiredPublishArePartial]' passed (0.000 seconds).
Test Case '-[KeyboardCoreTests.P3D1LifecycleEvidenceValidatorTests testPrivacySensitiveFieldBlocksEvidence]' started.
Test Case '-[KeyboardCoreTests.P3D1LifecycleEvidenceValidatorTests testPrivacySensitiveFieldBlocksEvidence]' passed (0.000 seconds).
Test Case '-[KeyboardCoreTests.P3D1LifecycleEvidenceValidatorTests testRevisionMayResetWhenLifecycleEpochAdvances]' started.
Test Case '-[KeyboardCoreTests.P3D1LifecycleEvidenceValidatorTests testRevisionMayResetWhenLifecycleEpochAdvances]' passed (0.000 seconds).
Test Suite 'P3D1LifecycleEvidenceValidatorTests' passed at 2026-10-01 08:07:16.462.
	 Executed 6 tests, with 0 failures (0 unexpected) in 0.001 (0.002) seconds
Test Suite 'PageSwitchTests' started at 2026-10-01 08:07:16.462.
Test Case '-[KeyboardCoreTests.PageSwitchTests testAutoCapAfterTerminatorOnNumbersPageReturnsToLetters]' started.
Test Case '-[KeyboardCoreTests.PageSwitchTests testAutoCapAfterTerminatorOnNumbersPageReturnsToLetters]' passed (0.000 seconds).
Test Case '-[KeyboardCoreTests.PageSwitchTests testCandidatePageDownAction]' started.
Test Case '-[KeyboardCoreTests.PageSwitchTests testCandidatePageDownAction]' passed (0.000 seconds).
Test Case '-[KeyboardCoreTests.PageSwitchTests testCandidatePageDownWithRimeEngine]' started.
Test Case '-[KeyboardCoreTests.PageSwitchTests testCandidatePageDownWithRimeEngine]' passed (0.000 seconds).
Test Case '-[KeyboardCoreTests.PageSwitchTests testCandidatePageUpAction]' started.
Test Case '-[KeyboardCoreTests.PageSwitchTests testCandidatePageUpAction]' passed (0.000 seconds).
Test Case '-[KeyboardCoreTests.PageSwitchTests testCandidatePageUpWithRimeEngine]' started.
Test Case '-[KeyboardCoreTests.PageSwitchTests testCandidatePageUpWithRimeEngine]' passed (0.000 seconds).
Test Case '-[KeyboardCoreTests.PageSwitchTests testChineseApostropheWithoutCompositionDoesNotReturnToLetters]' started.
Test Case '-[KeyboardCoreTests.PageSwitchTests testChineseApostropheWithoutCompositionDoesNotReturnToLetters]' passed (0.000 seconds).
Test Case '-[KeyboardCoreTests.PageSwitchTests testChineseHalfWidthPeriodDoesNotReturnToLetters]' started.
Test Case '-[KeyboardCoreTests.PageSwitchTests testChineseHalfWidthPeriodDoesNotReturnToLetters]' passed (0.000 seconds).
Test Case '-[KeyboardCoreTests.PageSwitchTests testChineseHashReturnsToLetters]' started.
Test Case '-[KeyboardCoreTests.PageSwitchTests testChineseHashReturnsToLetters]' passed (0.000 seconds).
Test Case '-[KeyboardCoreTests.PageSwitchTests testChineseModePreservedThroughPageCycle]' started.
Test Case '-[KeyboardCoreTests.PageSwitchTests testChineseModePreservedThroughPageCycle]' passed (0.000 seconds).
Test Case '-[KeyboardCoreTests.PageSwitchTests testChineseNumbersOneShotSymbolWithoutExistingTextReturnsToLetters]' started.
Test Case '-[KeyboardCoreTests.PageSwitchTests testChineseNumbersOneShotSymbolWithoutExistingTextReturnsToLetters]' passed (0.000 seconds).
Test Case '-[KeyboardCoreTests.PageSwitchTests testChineseNumbersSymbolInputReturnsToLetters]' started.
Test Case '-[KeyboardCoreTests.PageSwitchTests testChineseNumbersSymbolInputReturnsToLetters]' passed (0.000 seconds).
Test Case '-[KeyboardCoreTests.PageSwitchTests testChineseSecondarySymbolInputReturnsToLetters]' started.
Test Case '-[KeyboardCoreTests.PageSwitchTests testChineseSecondarySymbolInputReturnsToLetters]' passed (0.000 seconds).
Test Case '-[KeyboardCoreTests.PageSwitchTests testDirectTextFromSymbolPageReturnsToLetters]' started.
Test Case '-[KeyboardCoreTests.PageSwitchTests testDirectTextFromSymbolPageReturnsToLetters]' passed (0.000 seconds).
Test Case '-[KeyboardCoreTests.PageSwitchTests testEnglishHalfWidthPeriodReturnsToLetters]' started.
Test Case '-[KeyboardCoreTests.PageSwitchTests testEnglishHalfWidthPeriodReturnsToLetters]' passed (0.000 seconds).
Test Case '-[KeyboardCoreTests.PageSwitchTests testEnglishModePreservedThroughPageCycle]' started.
Test Case '-[KeyboardCoreTests.PageSwitchTests testEnglishModePreservedThroughPageCycle]' passed (0.000 seconds).
Test Case '-[KeyboardCoreTests.PageSwitchTests testEnglishNumbersSymbolInputReturnsToLetters]' started.
Test Case '-[KeyboardCoreTests.PageSwitchTests testEnglishNumbersSymbolInputReturnsToLetters]' passed (0.000 seconds).
Test Case '-[KeyboardCoreTests.PageSwitchTests testEnglishSecondarySymbolInputReturnsToLetters]' started.
Test Case '-[KeyboardCoreTests.PageSwitchTests testEnglishSecondarySymbolInputReturnsToLetters]' passed (0.000 seconds).
Test Case '-[KeyboardCoreTests.PageSwitchTests testFullPageCycle]' started.
Test Case '-[KeyboardCoreTests.PageSwitchTests testFullPageCycle]' passed (0.000 seconds).
Test Case '-[KeyboardCoreTests.PageSwitchTests testInitialPageIsLetters]' started.
Test Case '-[KeyboardCoreTests.PageSwitchTests testInitialPageIsLetters]' passed (0.000 seconds).
Test Case '-[KeyboardCoreTests.PageSwitchTests testLettersToNumbersKeepsCompositionForSymbolInput]' started.
Test Case '-[KeyboardCoreTests.PageSwitchTests testLettersToNumbersKeepsCompositionForSymbolInput]' passed (0.000 seconds).
Test Case '-[KeyboardCoreTests.PageSwitchTests testLettersToNumbersPage]' started.
Test Case '-[KeyboardCoreTests.PageSwitchTests testLettersToNumbersPage]' passed (0.000 seconds).
Test Case '-[KeyboardCoreTests.PageSwitchTests testLettersToNumbersResetsShift]' started.
Test Case '-[KeyboardCoreTests.PageSwitchTests testLettersToNumbersResetsShift]' passed (0.000 seconds).
Test Case '-[KeyboardCoreTests.PageSwitchTests testNonOneShotSymbolDoesNotReturnToLetters]' started.
Test Case '-[KeyboardCoreTests.PageSwitchTests testNonOneShotSymbolDoesNotReturnToLetters]' passed (0.000 seconds).
Test Case '-[KeyboardCoreTests.PageSwitchTests testNumbersPageWhenChinese]' started.
Test Case '-[KeyboardCoreTests.PageSwitchTests testNumbersPageWhenChinese]' passed (0.000 seconds).
Test Case '-[KeyboardCoreTests.PageSwitchTests testNumbersPageWhenEnglish]' started.
Test Case '-[KeyboardCoreTests.PageSwitchTests testNumbersPageWhenEnglish]' passed (0.000 seconds).
Test Case '-[KeyboardCoreTests.PageSwitchTests testNumbersToSymbolsDoesNotResetShift]' started.
Test Case '-[KeyboardCoreTests.PageSwitchTests testNumbersToSymbolsDoesNotResetShift]' passed (0.000 seconds).
Test Case '-[KeyboardCoreTests.PageSwitchTests testNumbersToSymbolsPage]' started.
Test Case '-[KeyboardCoreTests.PageSwitchTests testNumbersToSymbolsPage]' passed (0.000 seconds).
Test Case '-[KeyboardCoreTests.PageSwitchTests testPairedSymbolCompletionCanBeDisabled]' started.
Test Case '-[KeyboardCoreTests.PageSwitchTests testPairedSymbolCompletionCanBeDisabled]' passed (0.000 seconds).
Test Case '-[KeyboardCoreTests.PageSwitchTests testPairedSymbolKeepsCursorBetweenSymbols]' started.
Test Case '-[KeyboardCoreTests.PageSwitchTests testPairedSymbolKeepsCursorBetweenSymbols]' passed (0.000 seconds).
Test Case '-[KeyboardCoreTests.PageSwitchTests testShiftSurvivesLettersToEmoji]' started.
Test Case '-[KeyboardCoreTests.PageSwitchTests testShiftSurvivesLettersToEmoji]' passed (0.000 seconds).
Test Case '-[KeyboardCoreTests.PageSwitchTests testSymbolPageDigitsNeverReturnToLetters]' started.
Test Case '-[KeyboardCoreTests.PageSwitchTests testSymbolPageDigitsNeverReturnToLetters]' passed (0.000 seconds).
Test Case '-[KeyboardCoreTests.PageSwitchTests testSymbolsPageWhenChinese]' started.
Test Case '-[KeyboardCoreTests.PageSwitchTests testSymbolsPageWhenChinese]' passed (0.000 seconds).
Test Case '-[KeyboardCoreTests.PageSwitchTests testSymbolsPageWhenEnglish]' started.
Test Case '-[KeyboardCoreTests.PageSwitchTests testSymbolsPageWhenEnglish]' passed (0.000 seconds).
Test Case '-[KeyboardCoreTests.PageSwitchTests testSymbolsToEmojiPage]' started.
Test Case '-[KeyboardCoreTests.PageSwitchTests testSymbolsToEmojiPage]' passed (0.000 seconds).
Test Case '-[KeyboardCoreTests.PageSwitchTests testToggleInputModeFromEmojiResetsToLetters]' started.
Test Case '-[KeyboardCoreTests.PageSwitchTests testToggleInputModeFromEmojiResetsToLetters]' passed (0.000 seconds).
Test Case '-[KeyboardCoreTests.PageSwitchTests testToggleInputModeFromNumbersResetsToLetters]' started.
Test Case '-[KeyboardCoreTests.PageSwitchTests testToggleInputModeFromNumbersResetsToLetters]' passed (0.000 seconds).
Test Case '-[KeyboardCoreTests.PageSwitchTests testToggleInputModeFromSymbolsResetsToLetters]' started.
Test Case '-[KeyboardCoreTests.PageSwitchTests testToggleInputModeFromSymbolsResetsToLetters]' passed (0.000 seconds).
Test Suite 'PageSwitchTests' passed at 2026-10-01 08:07:16.469.
	 Executed 37 tests, with 0 failures (0 unexpected) in 0.005 (0.008) seconds
Test Suite 'PartialCommitControllerTests' started at 2026-10-01 08:07:16.469.
Test Case '-[KeyboardCoreTests.PartialCommitControllerTests testCandidatePagingDuringNormalPartialCommitDoesNotInvalidateCheckpoint]' started.
Test Case '-[KeyboardCoreTests.PartialCommitControllerTests testCandidatePagingDuringNormalPartialCommitDoesNotInvalidateCheckpoint]' passed (0.002 seconds).
Test Case '-[KeyboardCoreTests.PartialCommitControllerTests testCandidatePagingDuringT9PartialCommitKeepsPathsAndCheckpoint]' started.
Test Case '-[KeyboardCoreTests.PartialCommitControllerTests testCandidatePagingDuringT9PartialCommitKeepsPathsAndCheckpoint]' passed (0.002 seconds).
Test Case '-[KeyboardCoreTests.PartialCommitControllerTests testCandidatePagingDuringTypoCorrectionPartialCommitDoesNotInvalidateCheckpoint]' started.
Test Case '-[KeyboardCoreTests.PartialCommitControllerTests testCandidatePagingDuringTypoCorrectionPartialCommitDoesNotInvalidateCheckpoint]' passed (0.001 seconds).
Test Case '-[KeyboardCoreTests.PartialCommitControllerTests testCheckpointRestoreRebuildsSessionAndRefreshesFullRawCandidates]' started.
Test Case '-[KeyboardCoreTests.PartialCommitControllerTests testCheckpointRestoreRebuildsSessionAndRefreshesFullRawCandidates]' passed (0.001 seconds).
Test Case '-[KeyboardCoreTests.PartialCommitControllerTests testCorrectionCandidateStillUsesFullCommitPath]' started.
Test Case '-[KeyboardCoreTests.PartialCommitControllerTests testCorrectionCandidateStillUsesFullCommitPath]' passed (0.001 seconds).
Test Case '-[KeyboardCoreTests.PartialCommitControllerTests testDeleteAfterSecondPartialSelectionRestoresOnlyLatestCandidateThenDeletesSuffix]' started.
Test Case '-[KeyboardCoreTests.PartialCommitControllerTests testDeleteAfterSecondPartialSelectionRestoresOnlyLatestCandidateThenDeletesSuffix]' passed (0.002 seconds).
Test Case '-[KeyboardCoreTests.PartialCommitControllerTests testDisabledPairedSymbolCompletionAfterPartialCommitCommitsRemainingCandidateBeforeSingleSymbol]' started.
Test Case '-[KeyboardCoreTests.PartialCommitControllerTests testDisabledPairedSymbolCompletionAfterPartialCommitCommitsRemainingCandidateBeforeSingleSymbol]' passed (0.001 seconds).
Test Case '-[KeyboardCoreTests.PartialCommitControllerTests testFailedCheckpointRebuildDoesNotDeleteVisibleText]' started.
Test Case '-[KeyboardCoreTests.PartialCommitControllerTests testFailedCheckpointRebuildDoesNotDeleteVisibleText]' passed (0.001 seconds).
Test Case '-[KeyboardCoreTests.PartialCommitControllerTests testFinalCandidateAfterPartialCommitCommitsCombinedText]' started.
Test Case '-[KeyboardCoreTests.PartialCommitControllerTests testFinalCandidateAfterPartialCommitCommitsCombinedText]' passed (0.001 seconds).
Test Case '-[KeyboardCoreTests.PartialCommitControllerTests testFinalCandidateAfterTypoCorrectionPartialCommitCommitsCombinedText]' started.
Test Case '-[KeyboardCoreTests.PartialCommitControllerTests testFinalCandidateAfterTypoCorrectionPartialCommitCommitsCombinedText]' passed (0.001 seconds).
Test Case '-[KeyboardCoreTests.PartialCommitControllerTests testFirstDeleteRestoresPreviousCompositionAndSecondDeleteDeletesNormally]' started.
Test Case '-[KeyboardCoreTests.PartialCommitControllerTests testFirstDeleteRestoresPreviousCompositionAndSecondDeleteDeletesNormally]' passed (0.001 seconds).
Test Case '-[KeyboardCoreTests.PartialCommitControllerTests testFullCandidateSelectionKeepsExistingFullCommitBehavior]' started.
Test Case '-[KeyboardCoreTests.PartialCommitControllerTests testFullCandidateSelectionKeepsExistingFullCommitBehavior]' passed (0.001 seconds).
Test Case '-[KeyboardCoreTests.PartialCommitControllerTests testGate5AFullCandidateRebasesPathToWo]' started.
GATE5_A capture: prevRawClass=anchoredMixed resultRaw=9698454 partialRemaining=9698454 src=9698454 conf=[] focus=Optional(0) paths=["wo", "yo", "w", "x", "y", "z"] snapshotRev=25 windowDelta=0 typeSteps=20 pathSteps=4
Test Case '-[KeyboardCoreTests.PartialCommitControllerTests testGate5AFullCandidateRebasesPathToWo]' passed (0.006 seconds).
Test Case '-[KeyboardCoreTests.PartialCommitControllerTests testGate5BDeviceUnchangedRawStillConsumesQingAndPreservesRemainingIdentity]' started.
Test Case '-[KeyboardCoreTests.PartialCommitControllerTests testGate5BDeviceUnchangedRawStillConsumesQingAndPreservesRemainingIdentity]' passed (0.006 seconds).
Test Case '-[KeyboardCoreTests.PartialCommitControllerTests testGate5BFirstDeleteRestoresExactT9SemanticCheckpoint]' started.
GATE5_B_DELETE capture: raw=qing'wei'fan'dao'9698454 src=74649343263269698454 conf=["qing", "wei", "fan", "dao"] focus=Optional(4) paths=["wo", "yo", "w", "x", "y", "z"] partial=nil windowDelta=0
Test Case '-[KeyboardCoreTests.PartialCommitControllerTests testGate5BFirstDeleteRestoresExactT9SemanticCheckpoint]' passed (0.006 seconds).
Test Case '-[KeyboardCoreTests.PartialCommitControllerTests testGate5BMixedRemainingStrictSlotAndCatalogValidation]' started.
Test Case '-[KeyboardCoreTests.PartialCommitControllerTests testGate5BMixedRemainingStrictSlotAndCatalogValidation]' passed (0.001 seconds).
Test Case '-[KeyboardCoreTests.PartialCommitControllerTests testGate5BMultiCharacterQingWeiFanDaoFocusesWoWithoutSoftSelect]' started.
Test Case '-[KeyboardCoreTests.PartialCommitControllerTests testGate5BMultiCharacterQingWeiFanDaoFocusesWoWithoutSoftSelect]' passed (0.006 seconds).
Test Case '-[KeyboardCoreTests.PartialCommitControllerTests testGate5BMultiCharacterQingWeiFocusesFanWithSoftSelect]' started.
Test Case '-[KeyboardCoreTests.PartialCommitControllerTests testGate5BMultiCharacterQingWeiFocusesFanWithSoftSelect]' passed (0.006 seconds).
Test Case '-[KeyboardCoreTests.PartialCommitControllerTests testGate5BPartialConsumesQingRequiresSlotRebaseOfRemainingSegments]' started.
Test Case '-[KeyboardCoreTests.PartialCommitControllerTests testGate5BPartialConsumesQingRequiresSlotRebaseOfRemainingSegments]' passed (0.006 seconds).
Test Case '-[KeyboardCoreTests.PartialCommitControllerTests testGate5BSingleCharacterPartialKeepsRemainingSelectedSegmentsAndFocusesWo]' started.
GATE5_B capture: resultRaw=wei'fan'dao'9698454 rawIsPureDigits=false partialRemaining=wei'fan'dao'9698454 srcBefore=74649343263269698454 srcAfter=9343263269698454 conf=["wei", "fan", "dao"] focus=Optional(0) selected=wei paths=["wei", "zei", "ye", "ze", "w", "x", "y", "z"] pathEmpty=false windowDelta=0
Test Case '-[KeyboardCoreTests.PartialCommitControllerTests testGate5BSingleCharacterPartialKeepsRemainingSelectedSegmentsAndFocusesWo]' passed (0.005 seconds).
Test Case '-[KeyboardCoreTests.PartialCommitControllerTests testGate5PartialTransitionPublishesSingleCoherentRevision]' started.
Test Case '-[KeyboardCoreTests.PartialCommitControllerTests testGate5PartialTransitionPublishesSingleCoherentRevision]' passed (0.006 seconds).
Test Case '-[KeyboardCoreTests.PartialCommitControllerTests testInputModeSwitchCommitsWholePartialDisplay]' started.
Test Case '-[KeyboardCoreTests.PartialCommitControllerTests testInputModeSwitchCommitsWholePartialDisplay]' passed (0.001 seconds).
Test Case '-[KeyboardCoreTests.PartialCommitControllerTests testMultiEditTypoCorrectionDoesNotUsePartialCommitEvenWhenFlagEnabled]' started.
Test Case '-[KeyboardCoreTests.PartialCommitControllerTests testMultiEditTypoCorrectionDoesNotUsePartialCommitEvenWhenFlagEnabled]' passed (0.001 seconds).
Test Case '-[KeyboardCoreTests.PartialCommitControllerTests testNormalCandidatePartialCommitKeepsRemainingInputVisibleAndRefreshesCandidates]' started.
Test Case '-[KeyboardCoreTests.PartialCommitControllerTests testNormalCandidatePartialCommitKeepsRemainingInputVisibleAndRefreshesCandidates]' passed (0.001 seconds).
Test Case '-[KeyboardCoreTests.PartialCommitControllerTests testPairedSymbolAfterPartialCommitCommitsRemainingCandidateBeforePair]' started.
Test Case '-[KeyboardCoreTests.PartialCommitControllerTests testPairedSymbolAfterPartialCommitCommitsRemainingCandidateBeforePair]' passed (0.001 seconds).
Test Case '-[KeyboardCoreTests.PartialCommitControllerTests testPartialSelectionUsesTappedCandidateWhenRimeDoesNotEmitCommitText]' started.
Test Case '-[KeyboardCoreTests.PartialCommitControllerTests testPartialSelectionUsesTappedCandidateWhenRimeDoesNotEmitCommitText]' passed (0.001 seconds).
Test Case '-[KeyboardCoreTests.PartialCommitControllerTests testQingCandidateWithRetainedFullAnchoredRawStillPublishesWoPaths]' started.
Test Case '-[KeyboardCoreTests.PartialCommitControllerTests testQingCandidateWithRetainedFullAnchoredRawStillPublishesWoPaths]' passed (0.006 seconds).
Test Case '-[KeyboardCoreTests.PartialCommitControllerTests testQingWeiFanDaoCandidateSelectionPublishesWoPathsFromNewRemainder]' started.
Test Case '-[KeyboardCoreTests.PartialCommitControllerTests testQingWeiFanDaoCandidateSelectionPublishesWoPathsFromNewRemainder]' passed (0.005 seconds).
Test Case '-[KeyboardCoreTests.PartialCommitControllerTests testRealRimeStylePartialSelectionDoesNotDuplicateConfirmedSegment]' started.
Test Case '-[KeyboardCoreTests.PartialCommitControllerTests testRealRimeStylePartialSelectionDoesNotDuplicateConfirmedSegment]' passed (0.001 seconds).
Test Case '-[KeyboardCoreTests.PartialCommitControllerTests testRemainingT9RawAfterPartialCommitHelper]' started.
Test Case '-[KeyboardCoreTests.PartialCommitControllerTests testRemainingT9RawAfterPartialCommitHelper]' passed (0.000 seconds).
Test Case '-[KeyboardCoreTests.PartialCommitControllerTests testRepeatedFinalDeletionCorrectionDoesNotUsePartialCommitEvenWhenFlagEnabled]' started.
Test Case '-[KeyboardCoreTests.PartialCommitControllerTests testRepeatedFinalDeletionCorrectionDoesNotUsePartialCommitEvenWhenFlagEnabled]' passed (0.000 seconds).
Test Case '-[KeyboardCoreTests.PartialCommitControllerTests testSelectionReferenceSelectsDuplicateCandidateByIndex]' started.
Test Case '-[KeyboardCoreTests.PartialCommitControllerTests testSelectionReferenceSelectsDuplicateCandidateByIndex]' passed (0.001 seconds).
Test Case '-[KeyboardCoreTests.PartialCommitControllerTests testSpaceReturnAndDirectTextCommitTypoCorrectionPartialDisplay]' started.
Test Case '-[KeyboardCoreTests.PartialCommitControllerTests testSpaceReturnAndDirectTextCommitTypoCorrectionPartialDisplay]' passed (0.002 seconds).
Test Case '-[KeyboardCoreTests.PartialCommitControllerTests testT9PartialCommitDeleteRestoresPinyinNotRawDigits]' started.
Test Case '-[KeyboardCoreTests.PartialCommitControllerTests testT9PartialCommitDeleteRestoresPinyinNotRawDigits]' passed (0.001 seconds).
Test Case '-[KeyboardCoreTests.PartialCommitControllerTests testT9PartialCommitPeelsFullRawToRemainingDigitsForPathBar]' started.
Test Case '-[KeyboardCoreTests.PartialCommitControllerTests testT9PartialCommitPeelsFullRawToRemainingDigitsForPathBar]' passed (0.001 seconds).
Test Case '-[KeyboardCoreTests.PartialCommitControllerTests testT9PartialCommitSelectingQiuPreservesConfirmedPrefixWhenRimeReranks]' started.
Test Case '-[KeyboardCoreTests.PartialCommitControllerTests testT9PartialCommitSelectingQiuPreservesConfirmedPrefixWhenRimeReranks]' passed (0.003 seconds).
Test Case '-[KeyboardCoreTests.PartialCommitControllerTests testT9PartialCommitSelectingShuReplacesOnlyCorrespondingVisibleSegment]' started.
Test Case '-[KeyboardCoreTests.PartialCommitControllerTests testT9PartialCommitSelectingShuReplacesOnlyCorrespondingVisibleSegment]' passed (0.002 seconds).
Test Case '-[KeyboardCoreTests.PartialCommitControllerTests testT9PartialCommitShowsCommentPreferredRemainderAndRefreshesPathBar]' started.
Test Case '-[KeyboardCoreTests.PartialCommitControllerTests testT9PartialCommitShowsCommentPreferredRemainderAndRefreshesPathBar]' passed (0.001 seconds).
Test Case '-[KeyboardCoreTests.PartialCommitControllerTests testT9PartialCommitTreatsSpacedDigitTailAsInternalAndAlignsQiuRemainder]' started.
Test Case '-[KeyboardCoreTests.PartialCommitControllerTests testT9PartialCommitTreatsSpacedDigitTailAsInternalAndAlignsQiuRemainder]' passed (0.002 seconds).
Test Case '-[KeyboardCoreTests.PartialCommitControllerTests testTypingAfterCandidatePagingInvalidatesPartialCheckpoint]' started.
Test Case '-[KeyboardCoreTests.PartialCommitControllerTests testTypingAfterCandidatePagingInvalidatesPartialCheckpoint]' passed (0.001 seconds).
Test Case '-[KeyboardCoreTests.PartialCommitControllerTests testTypingAfterPartialCommitKeepsConfirmedPrefixAndInvalidatesCheckpoint]' started.
Test Case '-[KeyboardCoreTests.PartialCommitControllerTests testTypingAfterPartialCommitKeepsConfirmedPrefixAndInvalidatesCheckpoint]' passed (0.001 seconds).
Test Case '-[KeyboardCoreTests.PartialCommitControllerTests testTypingAfterTypoCorrectionPartialCommitInvalidatesRestoreCheckpoint]' started.
Test Case '-[KeyboardCoreTests.PartialCommitControllerTests testTypingAfterTypoCorrectionPartialCommitInvalidatesRestoreCheckpoint]' passed (0.001 seconds).
Test Case '-[KeyboardCoreTests.PartialCommitControllerTests testTypoCorrectionCandidateDuringActivePartialCommitUsesFullCommitFallback]' started.
Test Case '-[KeyboardCoreTests.PartialCommitControllerTests testTypoCorrectionCandidateDuringActivePartialCommitUsesFullCommitFallback]' passed (0.001 seconds).
Test Case '-[KeyboardCoreTests.PartialCommitControllerTests testTypoCorrectionPartialCommitFallsBackWhenCorrectedCandidateCannotBeSelected]' started.
Test Case '-[KeyboardCoreTests.PartialCommitControllerTests testTypoCorrectionPartialCommitFallsBackWhenCorrectedCandidateCannotBeSelected]' passed (0.001 seconds).
Test Case '-[KeyboardCoreTests.PartialCommitControllerTests testTypoCorrectionPartialCommitFallsBackWhenNoRemainingCompositionExists]' started.
Test Case '-[KeyboardCoreTests.PartialCommitControllerTests testTypoCorrectionPartialCommitFallsBackWhenNoRemainingCompositionExists]' passed (0.000 seconds).
Test Case '-[KeyboardCoreTests.PartialCommitControllerTests testTypoCorrectionPartialCommitFlagOffKeepsFullCommitBehavior]' started.
Test Case '-[KeyboardCoreTests.PartialCommitControllerTests testTypoCorrectionPartialCommitFlagOffKeepsFullCommitBehavior]' passed (0.001 seconds).
Test Case '-[KeyboardCoreTests.PartialCommitControllerTests testTypoCorrectionPartialCommitHandlesRealRimeStyleSelectedSegmentWithoutDuplicateText]' started.
Test Case '-[KeyboardCoreTests.PartialCommitControllerTests testTypoCorrectionPartialCommitHandlesRealRimeStyleSelectedSegmentWithoutDuplicateText]' passed (0.001 seconds).
Test Case '-[KeyboardCoreTests.PartialCommitControllerTests testTypoCorrectionPartialCommitKeepsCorrectedRemainderAndRestoresOriginalInput]' started.
Test Case '-[KeyboardCoreTests.PartialCommitControllerTests testTypoCorrectionPartialCommitKeepsCorrectedRemainderAndRestoresOriginalInput]' passed (0.001 seconds).
Test Case '-[KeyboardCoreTests.PartialCommitControllerTests testVisibilityRecoveryAfterTypoCorrectionPartialCommitKeepsConfirmedPrefix]' started.
Test Case '-[KeyboardCoreTests.PartialCommitControllerTests testVisibilityRecoveryAfterTypoCorrectionPartialCommitKeepsConfirmedPrefix]' passed (0.001 seconds).
Test Case '-[KeyboardCoreTests.PartialCommitControllerTests testVisibilityRecoveryKeepsConfirmedPrefix]' started.
Test Case '-[KeyboardCoreTests.PartialCommitControllerTests testVisibilityRecoveryKeepsConfirmedPrefix]' passed (0.001 seconds).
Test Case '-[KeyboardCoreTests.PartialCommitControllerTests testWholeUnresolvedTailDoesNotRestoreStaleConfirmedPathSnapshot]' started.
Test Case '-[KeyboardCoreTests.PartialCommitControllerTests testWholeUnresolvedTailDoesNotRestoreStaleConfirmedPathSnapshot]' passed (0.000 seconds).
Test Suite 'PartialCommitControllerTests' passed at 2026-10-01 08:07:16.574.
	 Executed 51 tests, with 0 failures (0 unexpected) in 0.100 (0.105) seconds
Test Suite 'PartialCommitStateTests' started at 2026-10-01 08:07:16.574.
Test Case '-[KeyboardCoreTests.PartialCommitStateTests testKeyboardStatePartialCommitDefaultsToNil]' started.
Test Case '-[KeyboardCoreTests.PartialCommitStateTests testKeyboardStatePartialCommitDefaultsToNil]' passed (0.000 seconds).
Test Case '-[KeyboardCoreTests.PartialCommitStateTests testPartialCommitStateStoresSingleCheckpointContract]' started.
Test Case '-[KeyboardCoreTests.PartialCommitStateTests testPartialCommitStateStoresSingleCheckpointContract]' passed (0.000 seconds).
Test Case '-[KeyboardCoreTests.PartialCommitStateTests testPartialCommitStateStoresTypoCorrectionSource]' started.
Test Case '-[KeyboardCoreTests.PartialCommitStateTests testPartialCommitStateStoresTypoCorrectionSource]' passed (0.000 seconds).
Test Suite 'PartialCommitStateTests' passed at 2026-10-01 08:07:16.575.
	 Executed 3 tests, with 0 failures (0 unexpected) in 0.000 (0.001) seconds
Test Suite 'PendingKaomojiTests' started at 2026-10-01 08:07:16.575.
Test Case '-[KeyboardCoreTests.PendingKaomojiTests testAcceptingPendingRefreshesContinuationFromLeftover]' started.
Test Case '-[KeyboardCoreTests.PendingKaomojiTests testAcceptingPendingRefreshesContinuationFromLeftover]' passed (0.000 seconds).
Test Case '-[KeyboardCoreTests.PendingKaomojiTests testCandidateReplacesPendingAndKeepsOwnership]' started.
Test Case '-[KeyboardCoreTests.PendingKaomojiTests testCandidateReplacesPendingAndKeepsOwnership]' passed (0.000 seconds).
Test Case '-[KeyboardCoreTests.PendingKaomojiTests testCompactIncludesExpandedOnlyPending]' started.
Test Case '-[KeyboardCoreTests.PendingKaomojiTests testCompactIncludesExpandedOnlyPending]' passed (0.000 seconds).
Test Case '-[KeyboardCoreTests.PendingKaomojiTests testCompositionCommitsFirstCandidateThenDefaultKaomoji]' started.
Test Case '-[KeyboardCoreTests.PendingKaomojiTests testCompositionCommitsFirstCandidateThenDefaultKaomoji]' passed (0.000 seconds).
Test Case '-[KeyboardCoreTests.PendingKaomojiTests testCompositionWithoutCandidatesRejectsKey]' started.
Test Case '-[KeyboardCoreTests.PendingKaomojiTests testCompositionWithoutCandidatesRejectsKey]' passed (0.000 seconds).
Test Case '-[KeyboardCoreTests.PendingKaomojiTests testDeleteRemovesOnlyPendingSpan]' started.
Test Case '-[KeyboardCoreTests.PendingKaomojiTests testDeleteRemovesOnlyPendingSpan]' passed (0.000 seconds).
Test Case '-[KeyboardCoreTests.PendingKaomojiTests testExpandedCatalogKeepsDefaultFirst]' started.
Test Case '-[KeyboardCoreTests.PendingKaomojiTests testExpandedCatalogKeepsDefaultFirst]' passed (0.000 seconds).
Test Case '-[KeyboardCoreTests.PendingKaomojiTests testExternalDocumentChangeDropsOwnershipWithoutDeleting]' started.
Test Case '-[KeyboardCoreTests.PendingKaomojiTests testExternalDocumentChangeDropsOwnershipWithoutDeleting]' passed (0.000 seconds).
Test Case '-[KeyboardCoreTests.PendingKaomojiTests testFirstPressInsertsDefaultPendingAndIncludesItInCompact]' started.
Test Case '-[KeyboardCoreTests.PendingKaomojiTests testFirstPressInsertsDefaultPendingAndIncludesItInCompact]' passed (0.000 seconds).
Test Case '-[KeyboardCoreTests.PendingKaomojiTests testKaomojiAndPunctuationAreMutuallyExclusive]' started.
Test Case '-[KeyboardCoreTests.PendingKaomojiTests testKaomojiAndPunctuationAreMutuallyExclusive]' passed (0.000 seconds).
Test Case '-[KeyboardCoreTests.PendingKaomojiTests testKaomojiCandidateAfterLosingSpanDoesNotAppend]' started.
Test Case '-[KeyboardCoreTests.PendingKaomojiTests testKaomojiCandidateAfterLosingSpanDoesNotAppend]' passed (0.000 seconds).
Test Case '-[KeyboardCoreTests.PendingKaomojiTests testKaomojiCandidateWithoutPendingDoesNotAppend]' started.
Test Case '-[KeyboardCoreTests.PendingKaomojiTests testKaomojiCandidateWithoutPendingDoesNotAppend]' passed (0.000 seconds).
Test Case '-[KeyboardCoreTests.PendingKaomojiTests testLetterKeyAcceptsThenStartsComposition]' started.
Test Case '-[KeyboardCoreTests.PendingKaomojiTests testLetterKeyAcceptsThenStartsComposition]' passed (0.000 seconds).
Test Case '-[KeyboardCoreTests.PendingKaomojiTests testPageSwitchAcceptsPending]' started.
Test Case '-[KeyboardCoreTests.PendingKaomojiTests testPageSwitchAcceptsPending]' passed (0.000 seconds).
Test Case '-[KeyboardCoreTests.PendingKaomojiTests testProvisionalAheadRejectsKaomojiKeyAndKeepsComposition]' started.
Test Case '-[KeyboardCoreTests.PendingKaomojiTests testProvisionalAheadRejectsKaomojiKeyAndKeepsComposition]' passed (0.000 seconds).
Test Case '-[KeyboardCoreTests.PendingKaomojiTests testPunctuationCycleStillWorksAfterKaomojiAccept]' started.
Test Case '-[KeyboardCoreTests.PendingKaomojiTests testPunctuationCycleStillWorksAfterKaomojiAccept]' passed (0.000 seconds).
Test Case '-[KeyboardCoreTests.PendingKaomojiTests testReturnAndEnglishToggleAcceptPending]' started.
Test Case '-[KeyboardCoreTests.PendingKaomojiTests testReturnAndEnglishToggleAcceptPending]' passed (0.000 seconds).
Test Case '-[KeyboardCoreTests.PendingKaomojiTests testSameKeyAcceptsThenStartsNewDefaultWithoutCycling]' started.
Test Case '-[KeyboardCoreTests.PendingKaomojiTests testSameKeyAcceptsThenStartsNewDefaultWithoutCycling]' passed (0.000 seconds).
Test Case '-[KeyboardCoreTests.PendingKaomojiTests testSpaceAcceptsThenInsertsSpace]' started.
Test Case '-[KeyboardCoreTests.PendingKaomojiTests testSpaceAcceptsThenInsertsSpace]' passed (0.000 seconds).
Test Case '-[KeyboardCoreTests.PendingKaomojiTests testStaleAheadKaomojiCandidateIsFailClosed]' started.
Test Case '-[KeyboardCoreTests.PendingKaomojiTests testStaleAheadKaomojiCandidateIsFailClosed]' passed (0.000 seconds).
Test Case '-[KeyboardCoreTests.PendingKaomojiTests testTappingAlreadyPendingItemDoesNotAppend]' started.
Test Case '-[KeyboardCoreTests.PendingKaomojiTests testTappingAlreadyPendingItemDoesNotAppend]' passed (0.000 seconds).
Test Case '-[KeyboardCoreTests.PendingKaomojiTests testUnknownKaomojiCandidateDoesNotAppend]' started.
Test Case '-[KeyboardCoreTests.PendingKaomojiTests testUnknownKaomojiCandidateDoesNotAppend]' passed (0.000 seconds).
Test Case '-[KeyboardCoreTests.PendingKaomojiTests testVisibilityAbandonClearsKaomojiStateWithoutDeletingHost]' started.
Test Case '-[KeyboardCoreTests.PendingKaomojiTests testVisibilityAbandonClearsKaomojiStateWithoutDeletingHost]' passed (0.000 seconds).
Test Suite 'PendingKaomojiTests' passed at 2026-10-01 08:07:16.580.
	 Executed 23 tests, with 0 failures (0 unexpected) in 0.004 (0.005) seconds
Test Suite 'PostCommitContinuationControllerTests' started at 2026-10-01 08:07:16.580.
Test Case '-[KeyboardCoreTests.PostCommitContinuationControllerTests testContextIsBoundedByGraphemeCount]' started.
Test Case '-[KeyboardCoreTests.PostCommitContinuationControllerTests testContextIsBoundedByGraphemeCount]' passed (0.000 seconds).
Test Case '-[KeyboardCoreTests.PostCommitContinuationControllerTests testFinalCommitCreatesSuggestionsAndSelectionChainsExactlyOnce]' started.
Test Case '-[KeyboardCoreTests.PostCommitContinuationControllerTests testFinalCommitCreatesSuggestionsAndSelectionChainsExactlyOnce]' passed (0.000 seconds).
Test Case '-[KeyboardCoreTests.PostCommitContinuationControllerTests testMissingTextClientDoesNotCreateContext]' started.
Test Case '-[KeyboardCoreTests.PostCommitContinuationControllerTests testMissingTextClientDoesNotCreateContext]' passed (0.000 seconds).
Test Case '-[KeyboardCoreTests.PostCommitContinuationControllerTests testNewlineDeleteEnglishModeVisibilityAndDisableClearState]' started.
Test Case '-[KeyboardCoreTests.PostCommitContinuationControllerTests testNewlineDeleteEnglishModeVisibilityAndDisableClearState]' passed (0.000 seconds).
Test Case '-[KeyboardCoreTests.PostCommitContinuationControllerTests testStaleContinuationCandidateIsIgnored]' started.
Test Case '-[KeyboardCoreTests.PostCommitContinuationControllerTests testStaleContinuationCandidateIsIgnored]' passed (0.000 seconds).
Test Case '-[KeyboardCoreTests.PostCommitContinuationControllerTests testStartingCompositionHidesAtPresentationBoundaryButPreservesContext]' started.
Test Case '-[KeyboardCoreTests.PostCommitContinuationControllerTests testStartingCompositionHidesAtPresentationBoundaryButPreservesContext]' passed (0.000 seconds).
Test Case '-[KeyboardCoreTests.PostCommitContinuationControllerTests testSymbolPageCommitRefreshesCandidatePresentationState]' started.
Test Case '-[KeyboardCoreTests.PostCommitContinuationControllerTests testSymbolPageCommitRefreshesCandidatePresentationState]' passed (0.000 seconds).
Test Suite 'PostCommitContinuationControllerTests' passed at 2026-10-01 08:07:16.582.
	 Executed 7 tests, with 0 failures (0 unexpected) in 0.001 (0.002) seconds
Test Suite 'RealizedSelectionLifecycleTests' started at 2026-10-01 08:07:16.582.
Test Case '-[KeyboardCoreTests.RealizedSelectionLifecycleTests testControllerRestoreWithRebuildPropagatesFailClosedRecovery]' started.
Test Case '-[KeyboardCoreTests.RealizedSelectionLifecycleTests testControllerRestoreWithRebuildPropagatesFailClosedRecovery]' passed (0.000 seconds).
Test Case '-[KeyboardCoreTests.RealizedSelectionLifecycleTests testPreviousT9PlusResumeInitFailurePublishesObservableTwentySixKey]' started.
Test Case '-[KeyboardCoreTests.RealizedSelectionLifecycleTests testPreviousT9PlusResumeInitFailurePublishesObservableTwentySixKey]' passed (0.000 seconds).
Test Case '-[KeyboardCoreTests.RealizedSelectionLifecycleTests testPreviousT9PlusResumeSchemaSelectionFailurePublishesObservableTwentySixKey]' started.
Test Case '-[KeyboardCoreTests.RealizedSelectionLifecycleTests testPreviousT9PlusResumeSchemaSelectionFailurePublishesObservableTwentySixKey]' passed (0.000 seconds).
Test Case '-[KeyboardCoreTests.RealizedSelectionLifecycleTests testRecoverySessionRecreationFailureClearsStaleT9Semantics]' started.
Test Case '-[KeyboardCoreTests.RealizedSelectionLifecycleTests testRecoverySessionRecreationFailureClearsStaleT9Semantics]' passed (0.000 seconds).
Test Case '-[KeyboardCoreTests.RealizedSelectionLifecycleTests testVisibleT9PlusInPlaceRecoveryToRimeIceConvergesEngineChromeController]' started.
Test Case '-[KeyboardCoreTests.RealizedSelectionLifecycleTests testVisibleT9PlusInPlaceRecoveryToRimeIceConvergesEngineChromeController]' passed (0.000 seconds).
Test Suite 'RealizedSelectionLifecycleTests' passed at 2026-10-01 08:07:16.583.
	 Executed 5 tests, with 0 failures (0 unexpected) in 0.001 (0.001) seconds
Test Suite 'ResourceOwnershipStrategyTests' started at 2026-10-01 08:07:16.583.
Test Case '-[KeyboardCoreTests.ResourceOwnershipStrategyTests testExactHashMatchesPinnedBytesAndSkipsModifiedOrSymlink]' started.
Test Case '-[KeyboardCoreTests.ResourceOwnershipStrategyTests testExactHashMatchesPinnedBytesAndSkipsModifiedOrSymlink]' passed (0.003 seconds).
Test Case '-[KeyboardCoreTests.ResourceOwnershipStrategyTests testNamedListDropsPathsNestedUnderRemovableDirectories]' started.
Test Case '-[KeyboardCoreTests.ResourceOwnershipStrategyTests testNamedListDropsPathsNestedUnderRemovableDirectories]' passed (0.000 seconds).
Test Case '-[KeyboardCoreTests.ResourceOwnershipStrategyTests testOwnershipStrategiesComposeNamedListAndExactHash]' started.
Test Case '-[KeyboardCoreTests.ResourceOwnershipStrategyTests testOwnershipStrategiesComposeNamedListAndExactHash]' passed (0.000 seconds).
Test Case '-[KeyboardCoreTests.ResourceOwnershipStrategyTests testRegistryOwnedRelativePathsPreservesWanxiangUnionOrder]' started.
Test Case '-[KeyboardCoreTests.ResourceOwnershipStrategyTests testRegistryOwnedRelativePathsPreservesWanxiangUnionOrder]' passed (0.002 seconds).
Test Case '-[KeyboardCoreTests.ResourceOwnershipStrategyTests testResourceCapabilityOpenCCHonesty]' started.
Test Case '-[KeyboardCoreTests.ResourceOwnershipStrategyTests testResourceCapabilityOpenCCHonesty]' passed (0.000 seconds).
Test Case '-[KeyboardCoreTests.ResourceOwnershipStrategyTests testSchemaIDFromOwnershipPlanFileName]' started.
Test Case '-[KeyboardCoreTests.ResourceOwnershipStrategyTests testSchemaIDFromOwnershipPlanFileName]' passed (0.000 seconds).
Test Suite 'ResourceOwnershipStrategyTests' passed at 2026-10-01 08:07:16.588.
	 Executed 6 tests, with 0 failures (0 unexpected) in 0.005 (0.006) seconds
Test Suite 'ResponsiveCandidateAnomalyTests' started at 2026-10-01 08:07:16.588.
Test Case '-[KeyboardCoreTests.ResponsiveCandidateAnomalyTests testMainActorResponsivePartialThenFinalSelectCommitsLastSegmentOnce]' started.
Test Case '-[KeyboardCoreTests.ResponsiveCandidateAnomalyTests testMainActorResponsivePartialThenFinalSelectCommitsLastSegmentOnce]' passed (0.002 seconds).
Test Case '-[KeyboardCoreTests.ResponsiveCandidateAnomalyTests testMainActorResponsiveSelectCandidateCommitsHostTextOnce]' started.
Test Case '-[KeyboardCoreTests.ResponsiveCandidateAnomalyTests testMainActorResponsiveSelectCandidateCommitsHostTextOnce]' passed (0.000 seconds).
Test Case '-[KeyboardCoreTests.ResponsiveCandidateAnomalyTests testMainActorResponsiveSpaceCommitsHostTextOnce]' started.
Test Case '-[KeyboardCoreTests.ResponsiveCandidateAnomalyTests testMainActorResponsiveSpaceCommitsHostTextOnce]' passed (0.000 seconds).
Test Case '-[KeyboardCoreTests.ResponsiveCandidateAnomalyTests testSelectOwnedPresentationSnapshotDoesNotRecommitHostText]' started.
Test Case '-[KeyboardCoreTests.ResponsiveCandidateAnomalyTests testSelectOwnedPresentationSnapshotDoesNotRecommitHostText]' passed (0.000 seconds).
Test Case '-[KeyboardCoreTests.ResponsiveCandidateAnomalyTests testThreadAffineCandidateWindowReadsPastFirstPage]' started.
Test Case '-[KeyboardCoreTests.ResponsiveCandidateAnomalyTests testThreadAffineCandidateWindowReadsPastFirstPage]' passed (0.004 seconds).
Test Case '-[KeyboardCoreTests.ResponsiveCandidateAnomalyTests testThreadAffineSelectCandidateCommitsHostTextOnce]' started.
Test Case '-[KeyboardCoreTests.ResponsiveCandidateAnomalyTests testThreadAffineSelectCandidateCommitsHostTextOnce]' passed (0.085 seconds).
Test Suite 'ResponsiveCandidateAnomalyTests' passed at 2026-10-01 08:07:16.680.
	 Executed 6 tests, with 0 failures (0 unexpected) in 0.091 (0.092) seconds
Test Suite 'ResponsiveDeleteAnomalyTests' started at 2026-10-01 08:07:16.680.
Test Case '-[KeyboardCoreTests.ResponsiveDeleteAnomalyTests testBurstTypeThenFewDeletesDoesNotWipeAll]' started.
Test Case '-[KeyboardCoreTests.ResponsiveDeleteAnomalyTests testBurstTypeThenFewDeletesDoesNotWipeAll]' passed (0.001 seconds).
Test Case '-[KeyboardCoreTests.ResponsiveDeleteAnomalyTests testReplaceInputAfterDeferredKeysDoesNotStayStaleOrWipe]' started.
Test Case '-[KeyboardCoreTests.ResponsiveDeleteAnomalyTests testReplaceInputAfterDeferredKeysDoesNotStayStaleOrWipe]' passed (0.000 seconds).
Test Case '-[KeyboardCoreTests.ResponsiveDeleteAnomalyTests testT9VisibleDeleteAfterDeferredKeysShortensNotWipes]' started.
Test Case '-[KeyboardCoreTests.ResponsiveDeleteAnomalyTests testT9VisibleDeleteAfterDeferredKeysShortensNotWipes]' passed (0.001 seconds).
Test Suite 'ResponsiveDeleteAnomalyTests' passed at 2026-10-01 08:07:16.682.
	 Executed 3 tests, with 0 failures (0 unexpected) in 0.002 (0.002) seconds
Test Suite 'ResponsiveProvisionalCompositionTests' started at 2026-10-01 08:07:16.682.
Test Case '-[KeyboardCoreTests.ResponsiveProvisionalCompositionTests testL1SkipMarkerIsContentFree]' started.
Test Case '-[KeyboardCoreTests.ResponsiveProvisionalCompositionTests testL1SkipMarkerIsContentFree]' passed (0.000 seconds).
Test Case '-[KeyboardCoreTests.ResponsiveProvisionalCompositionTests testMirrorAppendAndClear]' started.
Test Case '-[KeyboardCoreTests.ResponsiveProvisionalCompositionTests testMirrorAppendAndClear]' passed (0.000 seconds).
Test Case '-[KeyboardCoreTests.ResponsiveProvisionalCompositionTests testPresentationAppendsPendingDotsToStablePreedit]' started.
Test Case '-[KeyboardCoreTests.ResponsiveProvisionalCompositionTests testPresentationAppendsPendingDotsToStablePreedit]' passed (0.000 seconds).
Test Case '-[KeyboardCoreTests.ResponsiveProvisionalCompositionTests testPresentationIsMiddleDotTimesN]' started.
Test Case '-[KeyboardCoreTests.ResponsiveProvisionalCompositionTests testPresentationIsMiddleDotTimesN]' passed (0.000 seconds).
Test Case '-[KeyboardCoreTests.ResponsiveProvisionalCompositionTests testT9DigitKeyDetection]' started.
Test Case '-[KeyboardCoreTests.ResponsiveProvisionalCompositionTests testT9DigitKeyDetection]' passed (0.000 seconds).
Test Case '-[KeyboardCoreTests.ResponsiveProvisionalCompositionTests testTrackerAllowsProvisionalThenEngineAtSameRevision]' started.
Test Case '-[KeyboardCoreTests.ResponsiveProvisionalCompositionTests testTrackerAllowsProvisionalThenEngineAtSameRevision]' passed (0.000 seconds).
Test Suite 'ResponsiveProvisionalCompositionTests' passed at 2026-10-01 08:07:16.684.
	 Executed 6 tests, with 0 failures (0 unexpected) in 0.001 (0.001) seconds
Test Suite 'ResponsiveProvisionalL1WireTests' started at 2026-10-01 08:07:16.684.
Test Case '-[KeyboardCoreTests.ResponsiveProvisionalL1WireTests testAbandonClearsL1]' started.
Test Case '-[KeyboardCoreTests.ResponsiveProvisionalL1WireTests testAbandonClearsL1]' passed (0.001 seconds).
Test Case '-[KeyboardCoreTests.ResponsiveProvisionalL1WireTests testAbandonEpochDropsDeferredHostWritesAndStaleResult]' started.
Test Case '-[KeyboardCoreTests.ResponsiveProvisionalL1WireTests testAbandonEpochDropsDeferredHostWritesAndStaleResult]' passed (0.366 seconds).
Test Case '-[KeyboardCoreTests.ResponsiveProvisionalL1WireTests testCoalesceBacklogStillPaintsL1]' started.
Test Case '-[KeyboardCoreTests.ResponsiveProvisionalL1WireTests testCoalesceBacklogStillPaintsL1]' passed (0.233 seconds).
Test Case '-[KeyboardCoreTests.ResponsiveProvisionalL1WireTests testDeferredL1DoesNotNotifyExtensionChrome]' started.
Test Case '-[KeyboardCoreTests.ResponsiveProvisionalL1WireTests testDeferredL1DoesNotNotifyExtensionChrome]' passed (0.274 seconds).
Test Case '-[KeyboardCoreTests.ResponsiveProvisionalL1WireTests testDeferredL1LeavesSettledChromeSnapshotUntouched]' started.
Test Case '-[KeyboardCoreTests.ResponsiveProvisionalL1WireTests testDeferredL1LeavesSettledChromeSnapshotUntouched]' passed (0.324 seconds).
Test Case '-[KeyboardCoreTests.ResponsiveProvisionalL1WireTests testDualGateL1PaintsDotsBeforeEngine]' started.
Test Case '-[KeyboardCoreTests.ResponsiveProvisionalL1WireTests testDualGateL1PaintsDotsBeforeEngine]' passed (0.480 seconds).
Test Case '-[KeyboardCoreTests.ResponsiveProvisionalL1WireTests testDualGateStaleActionMatrixFailsClosedWithoutStateMutation]' started.
Test Case '-[KeyboardCoreTests.ResponsiveProvisionalL1WireTests testDualGateStaleActionMatrixFailsClosedWithoutStateMutation]' passed (0.315 seconds).
Test Case '-[KeyboardCoreTests.ResponsiveProvisionalL1WireTests testFastEngineDoesNotWriteTransientProvisionalMarkedText]' started.
Test Case '-[KeyboardCoreTests.ResponsiveProvisionalL1WireTests testFastEngineDoesNotWriteTransientProvisionalMarkedText]' passed (0.108 seconds).
Test Case '-[KeyboardCoreTests.ResponsiveProvisionalL1WireTests testFastEngineSkipsDeferredL1VisualPaint]' started.
Test Case '-[KeyboardCoreTests.ResponsiveProvisionalL1WireTests testFastEngineSkipsDeferredL1VisualPaint]' passed (0.107 seconds).
Test Case '-[KeyboardCoreTests.ResponsiveProvisionalL1WireTests testGateOffHasNoL1]' started.
Test Case '-[KeyboardCoreTests.ResponsiveProvisionalL1WireTests testGateOffHasNoL1]' passed (0.002 seconds).
Test Case '-[KeyboardCoreTests.ResponsiveProvisionalL1WireTests testOrderedDeleteRefreshesStableShadowBeforeNextPendingKey]' started.
Test Case '-[KeyboardCoreTests.ResponsiveProvisionalL1WireTests testOrderedDeleteRefreshesStableShadowBeforeNextPendingKey]' passed (0.462 seconds).
Test Case '-[KeyboardCoreTests.ResponsiveProvisionalL1WireTests testReturnWhileAheadDoesNotCommitDots]' started.
Test Case '-[KeyboardCoreTests.ResponsiveProvisionalL1WireTests testReturnWhileAheadDoesNotCommitDots]' passed (5.006 seconds).
Test Case '-[KeyboardCoreTests.ResponsiveProvisionalL1WireTests testSettledEngineThenBlockedKeyAppendsDotsToStablePreedit]' started.
Test Case '-[KeyboardCoreTests.ResponsiveProvisionalL1WireTests testSettledEngineThenBlockedKeyAppendsDotsToStablePreedit]' passed (0.216 seconds).
Test Suite 'ResponsiveProvisionalL1WireTests' passed at 2026-10-01 08:07:24.582.
	 Executed 13 tests, with 0 failures (0 unexpected) in 7.893 (7.898) seconds
Test Suite 'ResponsiveRimeAllLayoutsTests' started at 2026-10-01 08:07:24.582.
Test Case '-[KeyboardCoreTests.ResponsiveRimeAllLayoutsTests testGateDefaultsOffForNonT9Controller]' started.
Test Case '-[KeyboardCoreTests.ResponsiveRimeAllLayoutsTests testGateDefaultsOffForNonT9Controller]' passed (0.001 seconds).
Test Case '-[KeyboardCoreTests.ResponsiveRimeAllLayoutsTests testLayoutFlagSwitchClearsT9OnlyPresentationClaims]' started.
Test Case '-[KeyboardCoreTests.ResponsiveRimeAllLayoutsTests testLayoutFlagSwitchClearsT9OnlyPresentationClaims]' passed (0.002 seconds).
Test Case '-[KeyboardCoreTests.ResponsiveRimeAllLayoutsTests testNonT9AbandonClearsDeferredContextsWithoutL1]' started.
Test Case '-[KeyboardCoreTests.ResponsiveRimeAllLayoutsTests testNonT9AbandonClearsDeferredContextsWithoutL1]' passed (0.001 seconds).
Test Case '-[KeyboardCoreTests.ResponsiveRimeAllLayoutsTests testNonT9CandidateSelectAfterDeferredKeys]' started.
Test Case '-[KeyboardCoreTests.ResponsiveRimeAllLayoutsTests testNonT9CandidateSelectAfterDeferredKeys]' passed (0.001 seconds).
Test Case '-[KeyboardCoreTests.ResponsiveRimeAllLayoutsTests testNonT9GateOffRestoresSynchronousPath]' started.
Test Case '-[KeyboardCoreTests.ResponsiveRimeAllLayoutsTests testNonT9GateOffRestoresSynchronousPath]' passed (0.000 seconds).
Test Case '-[KeyboardCoreTests.ResponsiveRimeAllLayoutsTests testNonT9GateOnDefersProcessKeyUntilDrain]' started.
Test Case '-[KeyboardCoreTests.ResponsiveRimeAllLayoutsTests testNonT9GateOnDefersProcessKeyUntilDrain]' passed (0.001 seconds).
Test Case '-[KeyboardCoreTests.ResponsiveRimeAllLayoutsTests testNonT9OrderedLetterSequenceAndDelete]' started.
Test Case '-[KeyboardCoreTests.ResponsiveRimeAllLayoutsTests testNonT9OrderedLetterSequenceAndDelete]' passed (0.001 seconds).
Test Case '-[KeyboardCoreTests.ResponsiveRimeAllLayoutsTests testT9WithoutDualGateDoesNotArmProvisionalL1]' started.
Test Case '-[KeyboardCoreTests.ResponsiveRimeAllLayoutsTests testT9WithoutDualGateDoesNotArmProvisionalL1]' passed (0.000 seconds).
Test Suite 'ResponsiveRimeAllLayoutsTests' passed at 2026-10-01 08:07:24.590.
	 Executed 8 tests, with 0 failures (0 unexpected) in 0.006 (0.008) seconds
Test Suite 'ResponsiveRimeFeltMetricsTests' started at 2026-10-01 08:07:24.590.
Test Case '-[KeyboardCoreTests.ResponsiveRimeFeltMetricsTests testLagMillisecondsClampsAndScales]' started.
Test Case '-[KeyboardCoreTests.ResponsiveRimeFeltMetricsTests testLagMillisecondsClampsAndScales]' passed (0.000 seconds).
Test Case '-[KeyboardCoreTests.ResponsiveRimeFeltMetricsTests testMarkerLinesAreContentFree]' started.
Test Case '-[KeyboardCoreTests.ResponsiveRimeFeltMetricsTests testMarkerLinesAreContentFree]' passed (0.000 seconds).
Test Case '-[KeyboardCoreTests.ResponsiveRimeFeltMetricsTests testOwnerCompletionAllowsRevisionReuseAfterEpochChange]' started.
Test Case '-[KeyboardCoreTests.ResponsiveRimeFeltMetricsTests testOwnerCompletionAllowsRevisionReuseAfterEpochChange]' passed (0.000 seconds).
Test Case '-[KeyboardCoreTests.ResponsiveRimeFeltMetricsTests testOwnerCompletionRequiresMatchingAcceptedEpoch]' started.
Test Case '-[KeyboardCoreTests.ResponsiveRimeFeltMetricsTests testOwnerCompletionRequiresMatchingAcceptedEpoch]' passed (0.000 seconds).
Test Case '-[KeyboardCoreTests.ResponsiveRimeFeltMetricsTests testTrackerAcceptVisiblePublishAndBurst]' started.
Test Case '-[KeyboardCoreTests.ResponsiveRimeFeltMetricsTests testTrackerAcceptVisiblePublishAndBurst]' passed (0.000 seconds).
Test Suite 'ResponsiveRimeFeltMetricsTests' passed at 2026-10-01 08:07:24.593.
	 Executed 5 tests, with 0 failures (0 unexpected) in 0.002 (0.003) seconds
Test Suite 'ResponsiveRimePipelineTests' started at 2026-10-01 08:07:24.593.
Test Case '-[KeyboardCoreTests.ResponsiveRimePipelineTests testAcceptReceivesAllKeysWithoutCallingEngine]' started.
Test Case '-[KeyboardCoreTests.ResponsiveRimePipelineTests testAcceptReceivesAllKeysWithoutCallingEngine]' passed (0.001 seconds).
Test Case '-[KeyboardCoreTests.ResponsiveRimePipelineTests testAcceptWallTimeStaysLowWhileDrainPaysSimulatedEngineCost]' started.
Test Case '-[KeyboardCoreTests.ResponsiveRimePipelineTests testAcceptWallTimeStaysLowWhileDrainPaysSimulatedEngineCost]' passed (0.217 seconds).
Test Case '-[KeyboardCoreTests.ResponsiveRimePipelineTests testDeleteRunsInOrderAfterPendingKeys]' started.
Test Case '-[KeyboardCoreTests.ResponsiveRimePipelineTests testDeleteRunsInOrderAfterPendingKeys]' passed (0.001 seconds).
Test Case '-[KeyboardCoreTests.ResponsiveRimePipelineTests testDrainPreservesOrderWithoutDropOrDuplicate]' started.
Test Case '-[KeyboardCoreTests.ResponsiveRimePipelineTests testDrainPreservesOrderWithoutDropOrDuplicate]' passed (0.001 seconds).
Test Case '-[KeyboardCoreTests.ResponsiveRimePipelineTests testEnqueuedRecoverAdvancesEpoch]' started.
Test Case '-[KeyboardCoreTests.ResponsiveRimePipelineTests testEnqueuedRecoverAdvancesEpoch]' passed (0.001 seconds).
Test Case '-[KeyboardCoreTests.ResponsiveRimePipelineTests testEnqueuedResetAdvancesEpochAndInvalidatesTrailingPending]' started.
Test Case '-[KeyboardCoreTests.ResponsiveRimePipelineTests testEnqueuedResetAdvancesEpochAndInvalidatesTrailingPending]' passed (0.001 seconds).
Test Case '-[KeyboardCoreTests.ResponsiveRimePipelineTests testEveryResultPublishKeepsFullHistory]' started.
Test Case '-[KeyboardCoreTests.ResponsiveRimePipelineTests testEveryResultPublishKeepsFullHistory]' passed (0.001 seconds).
Test Case '-[KeyboardCoreTests.ResponsiveRimePipelineTests testFreshCandidateSelectionCommits]' started.
Test Case '-[KeyboardCoreTests.ResponsiveRimePipelineTests testFreshCandidateSelectionCommits]' passed (0.000 seconds).
Test Case '-[KeyboardCoreTests.ResponsiveRimePipelineTests testLatestOnlyCatchUpPublishWhenTrailingWorkIsSkipped]' started.
Test Case '-[KeyboardCoreTests.ResponsiveRimePipelineTests testLatestOnlyCatchUpPublishWhenTrailingWorkIsSkipped]' passed (0.000 seconds).
Test Case '-[KeyboardCoreTests.ResponsiveRimePipelineTests testLatestOnlyPublishSkipsIntermediateSnapshots]' started.
Test Case '-[KeyboardCoreTests.ResponsiveRimePipelineTests testLatestOnlyPublishSkipsIntermediateSnapshots]' passed (0.000 seconds).
Test Case '-[KeyboardCoreTests.ResponsiveRimePipelineTests testLatestOnlySelectionBoundToPublishedFailsWhenEngineAlreadyAdvanced]' started.
Test Case '-[KeyboardCoreTests.ResponsiveRimePipelineTests testLatestOnlySelectionBoundToPublishedFailsWhenEngineAlreadyAdvanced]' passed (0.000 seconds).
Test Case '-[KeyboardCoreTests.ResponsiveRimePipelineTests testOldEpochSnapshotCannotPublishAfterBump]' started.
Test Case '-[KeyboardCoreTests.ResponsiveRimePipelineTests testOldEpochSnapshotCannotPublishAfterBump]' passed (0.000 seconds).
Test Case '-[KeyboardCoreTests.ResponsiveRimePipelineTests testOlderRevisionCannotOverwriteNewerPublishedSnapshot]' started.
Test Case '-[KeyboardCoreTests.ResponsiveRimePipelineTests testOlderRevisionCannotOverwriteNewerPublishedSnapshot]' passed (0.000 seconds).
Test Case '-[KeyboardCoreTests.ResponsiveRimePipelineTests testPathReplaceInputBoundToSnapshotFailsWhenStale]' started.
Test Case '-[KeyboardCoreTests.ResponsiveRimePipelineTests testPathReplaceInputBoundToSnapshotFailsWhenStale]' passed (0.000 seconds).
Test Case '-[KeyboardCoreTests.ResponsiveRimePipelineTests testPathReplaceInputWithFreshBindingApplies]' started.
Test Case '-[KeyboardCoreTests.ResponsiveRimePipelineTests testPathReplaceInputWithFreshBindingApplies]' passed (0.000 seconds).
Test Case '-[KeyboardCoreTests.ResponsiveRimePipelineTests testPipelineDoesNotMutateControllerDefaultRimePath]' started.
Test Case '-[KeyboardCoreTests.ResponsiveRimePipelineTests testPipelineDoesNotMutateControllerDefaultRimePath]' passed (0.000 seconds).
Test Case '-[KeyboardCoreTests.ResponsiveRimePipelineTests testPipelinePassesThroughDigitRawWithoutHostProjectionClaim]' started.
Test Case '-[KeyboardCoreTests.ResponsiveRimePipelineTests testPipelinePassesThroughDigitRawWithoutHostProjectionClaim]' passed (0.000 seconds).
Test Case '-[KeyboardCoreTests.ResponsiveRimePipelineTests testResetClearsCompositionInOrder]' started.
Test Case '-[KeyboardCoreTests.ResponsiveRimePipelineTests testResetClearsCompositionInOrder]' passed (0.000 seconds).
Test Case '-[KeyboardCoreTests.ResponsiveRimePipelineTests testSelectionRequiresAppliedEqualsPublished]' started.
Test Case '-[KeyboardCoreTests.ResponsiveRimePipelineTests testSelectionRequiresAppliedEqualsPublished]' passed (0.000 seconds).
Test Case '-[KeyboardCoreTests.ResponsiveRimePipelineTests testSessionEpochBumpClearsPendingAndInvalidatesOldResults]' started.
Test Case '-[KeyboardCoreTests.ResponsiveRimePipelineTests testSessionEpochBumpClearsPendingAndInvalidatesOldResults]' passed (0.000 seconds).
Test Case '-[KeyboardCoreTests.ResponsiveRimePipelineTests testSimulatedOneHundredFiftyMillisecondClockHonorsDelayBudget]' started.
Test Case '-[KeyboardCoreTests.ResponsiveRimePipelineTests testSimulatedOneHundredFiftyMillisecondClockHonorsDelayBudget]' passed (0.318 seconds).
Test Case '-[KeyboardCoreTests.ResponsiveRimePipelineTests testStaleCandidateSelectionFailsClosed]' started.
Test Case '-[KeyboardCoreTests.ResponsiveRimePipelineTests testStaleCandidateSelectionFailsClosed]' passed (0.001 seconds).
Test Case '-[KeyboardCoreTests.ResponsiveRimePipelineTests testValidateSelectionRejectsEpochMismatch]' started.
Test Case '-[KeyboardCoreTests.ResponsiveRimePipelineTests testValidateSelectionRejectsEpochMismatch]' passed (0.002 seconds).
Test Suite 'ResponsiveRimePipelineTests' passed at 2026-10-01 08:07:25.145.
	 Executed 23 tests, with 0 failures (0 unexpected) in 0.547 (0.552) seconds
Test Suite 'ResponsiveRimePreflightTests' started at 2026-10-01 08:07:25.145.
Test Case '-[KeyboardCoreTests.ResponsiveRimePreflightTests testCompileFlagArmsEvenWithoutKey]' started.
Test Case '-[KeyboardCoreTests.ResponsiveRimePreflightTests testCompileFlagArmsEvenWithoutKey]' passed (0.000 seconds).
Test Case '-[KeyboardCoreTests.ResponsiveRimePreflightTests testDebugArmsWhenAppGroupKeyTrue]' started.
Test Case '-[KeyboardCoreTests.ResponsiveRimePreflightTests testDebugArmsWhenAppGroupKeyTrue]' passed (0.006 seconds).
Test Case '-[KeyboardCoreTests.ResponsiveRimePreflightTests testOwnerReadinessMarkersDistinguishReadyAndTimeout]' started.
Test Case '-[KeyboardCoreTests.ResponsiveRimePreflightTests testOwnerReadinessMarkersDistinguishReadyAndTimeout]' passed (0.001 seconds).
Test Case '-[KeyboardCoreTests.ResponsiveRimePreflightTests testPathMarkerIsContentFree]' started.
Test Case '-[KeyboardCoreTests.ResponsiveRimePreflightTests testPathMarkerIsContentFree]' passed (0.000 seconds).
Test Case '-[KeyboardCoreTests.ResponsiveRimePreflightTests testProductGateDefaultOnArmsReleaseWithoutUserDefaults]' started.
Test Case '-[KeyboardCoreTests.ResponsiveRimePreflightTests testProductGateDefaultOnArmsReleaseWithoutUserDefaults]' passed (0.000 seconds).
Test Case '-[KeyboardCoreTests.ResponsiveRimePreflightTests testPublishMarkerIsContentFree]' started.
Test Case '-[KeyboardCoreTests.ResponsiveRimePreflightTests testPublishMarkerIsContentFree]' passed (0.000 seconds).
Test Case '-[KeyboardCoreTests.ResponsiveRimePreflightTests testReleaseNeverArmsFromUserDefaultsAloneWithoutProductGate]' started.
Test Case '-[KeyboardCoreTests.ResponsiveRimePreflightTests testReleaseNeverArmsFromUserDefaultsAloneWithoutProductGate]' passed (0.003 seconds).
Test Suite 'ResponsiveRimePreflightTests' passed at 2026-10-01 08:07:25.157.
	 Executed 7 tests, with 0 failures (0 unexpected) in 0.011 (0.013) seconds
Test Suite 'ResponsiveRimeR2CoordinatorTests' started at 2026-10-01 08:07:25.157.
Test Case '-[KeyboardCoreTests.ResponsiveRimeR2CoordinatorTests testAbandonClearsResponsiveKeyApplyContexts]' started.
Test Case '-[KeyboardCoreTests.ResponsiveRimeR2CoordinatorTests testAbandonClearsResponsiveKeyApplyContexts]' passed (0.001 seconds).
Test Case '-[KeyboardCoreTests.ResponsiveRimeR2CoordinatorTests testBridgeSelectBindsToLastPublished]' started.
Test Case '-[KeyboardCoreTests.ResponsiveRimeR2CoordinatorTests testBridgeSelectBindsToLastPublished]' passed (0.000 seconds).
Test Case '-[KeyboardCoreTests.ResponsiveRimeR2CoordinatorTests testControllerGateEnablesDeferredProcessKeyAndPresentationBridge]' started.
Test Case '-[KeyboardCoreTests.ResponsiveRimeR2CoordinatorTests testControllerGateEnablesDeferredProcessKeyAndPresentationBridge]' passed (0.001 seconds).
Test Case '-[KeyboardCoreTests.ResponsiveRimeR2CoordinatorTests testDeleteThroughBridgeWaitsForPendingProcessKey]' started.
Test Case '-[KeyboardCoreTests.ResponsiveRimeR2CoordinatorTests testDeleteThroughBridgeWaitsForPendingProcessKey]' passed (0.000 seconds).
Test Case '-[KeyboardCoreTests.ResponsiveRimeR2CoordinatorTests testEpochBumpClearsPendingAccepts]' started.
Test Case '-[KeyboardCoreTests.ResponsiveRimeR2CoordinatorTests testEpochBumpClearsPendingAccepts]' passed (0.000 seconds).
Test Case '-[KeyboardCoreTests.ResponsiveRimeR2CoordinatorTests testGateDefaultIsOffAndControllerStaysSynchronous]' started.
Test Case '-[KeyboardCoreTests.ResponsiveRimeR2CoordinatorTests testGateDefaultIsOffAndControllerStaysSynchronous]' passed (0.000 seconds).
Test Case '-[KeyboardCoreTests.ResponsiveRimeR2CoordinatorTests testGateOffAfterOnRestoresUnderlyingEngine]' started.
Test Case '-[KeyboardCoreTests.ResponsiveRimeR2CoordinatorTests testGateOffAfterOnRestoresUnderlyingEngine]' passed (0.000 seconds).
Test Case '-[KeyboardCoreTests.ResponsiveRimeR2CoordinatorTests testHandleKeyThenDeleteThroughBridgePreservesOrder]' started.
Test Case '-[KeyboardCoreTests.ResponsiveRimeR2CoordinatorTests testHandleKeyThenDeleteThroughBridgePreservesOrder]' passed (0.001 seconds).
Test Case '-[KeyboardCoreTests.ResponsiveRimeR2CoordinatorTests testLatestOnlyPublishCountIsBelowKeyCountUnderBurst]' started.
Test Case '-[KeyboardCoreTests.ResponsiveRimeR2CoordinatorTests testLatestOnlyPublishCountIsBelowKeyCountUnderBurst]' passed (0.247 seconds).
Test Case '-[KeyboardCoreTests.ResponsiveRimeR2CoordinatorTests testMultiKeyDrainDoesNotStealContextsViaNestedReplace]' started.
Test Case '-[KeyboardCoreTests.ResponsiveRimeR2CoordinatorTests testMultiKeyDrainDoesNotStealContextsViaNestedReplace]' passed (0.001 seconds).
Test Case '-[KeyboardCoreTests.ResponsiveRimeR2CoordinatorTests testOrderedKeysShareSinglePublishHandler]' started.
Test Case '-[KeyboardCoreTests.ResponsiveRimeR2CoordinatorTests testOrderedKeysShareSinglePublishHandler]' passed (0.000 seconds).
Test Case '-[KeyboardCoreTests.ResponsiveRimeR2CoordinatorTests testOrdPublishDoesNotConsumeProcessKeyContext]' started.
Test Case '-[KeyboardCoreTests.ResponsiveRimeR2CoordinatorTests testOrdPublishDoesNotConsumeProcessKeyContext]' passed (0.002 seconds).
Test Case '-[KeyboardCoreTests.ResponsiveRimeR2CoordinatorTests testPerformOrderedDeleteAfterKeys]' started.
Test Case '-[KeyboardCoreTests.ResponsiveRimeR2CoordinatorTests testPerformOrderedDeleteAfterKeys]' passed (0.001 seconds).
Test Case '-[KeyboardCoreTests.ResponsiveRimeR2CoordinatorTests testResponsiveApplyRunsPathRefreshContext]' started.
Test Case '-[KeyboardCoreTests.ResponsiveRimeR2CoordinatorTests testResponsiveApplyRunsPathRefreshContext]' passed (0.057 seconds).
Test Case '-[KeyboardCoreTests.ResponsiveRimeR2CoordinatorTests testScheduleProcessKeyReturnsBeforeEngineWhenDeferredDrain]' started.
Test Case '-[KeyboardCoreTests.ResponsiveRimeR2CoordinatorTests testScheduleProcessKeyReturnsBeforeEngineWhenDeferredDrain]' passed (0.051 seconds).
Test Case '-[KeyboardCoreTests.ResponsiveRimeR2CoordinatorTests testStaleSelectionFailsClosedOnOwner]' started.
Test Case '-[KeyboardCoreTests.ResponsiveRimeR2CoordinatorTests testStaleSelectionFailsClosedOnOwner]' passed (0.000 seconds).
Test Suite 'ResponsiveRimeR2CoordinatorTests' passed at 2026-10-01 08:07:25.525.
	 Executed 16 tests, with 0 failures (0 unexpected) in 0.364 (0.368) seconds
Test Suite 'RimeAdvancedInputSettingsTests' started at 2026-10-01 08:07:25.525.
Test Case '-[KeyboardCoreTests.RimeAdvancedInputSettingsTests testDeploymentSignatureIncludesActiveSchemeSupportAndFeatureState]' started.
Test Case '-[KeyboardCoreTests.RimeAdvancedInputSettingsTests testDeploymentSignatureIncludesActiveSchemeSupportAndFeatureState]' passed (0.000 seconds).
Test Case '-[KeyboardCoreTests.RimeAdvancedInputSettingsTests testDisabledComponentsOnlyIncludesSupportedDisabledFeatures]' started.
Test Case '-[KeyboardCoreTests.RimeAdvancedInputSettingsTests testDisabledComponentsOnlyIncludesSupportedDisabledFeatures]' passed (0.000 seconds).
Test Case '-[KeyboardCoreTests.RimeAdvancedInputSettingsTests testDisabledComponentsUsesMasterSwitch]' started.
Test Case '-[KeyboardCoreTests.RimeAdvancedInputSettingsTests testDisabledComponentsUsesMasterSwitch]' passed (0.000 seconds).
Test Case '-[KeyboardCoreTests.RimeAdvancedInputSettingsTests testEachFeatureMapsToAtLeastOneRuntimeComponent]' started.
Test Case '-[KeyboardCoreTests.RimeAdvancedInputSettingsTests testEachFeatureMapsToAtLeastOneRuntimeComponent]' passed (0.000 seconds).
Test Case '-[KeyboardCoreTests.RimeAdvancedInputSettingsTests testPostProcessorDisablesAndRestoresComponentsFromBackup]' started.
Test Case '-[KeyboardCoreTests.RimeAdvancedInputSettingsTests testPostProcessorDisablesAndRestoresComponentsFromBackup]' passed (0.004 seconds).
Test Case '-[KeyboardCoreTests.RimeAdvancedInputSettingsTests testPostProcessorMasterSwitchDisablesAllSupportedFeatures]' started.
Test Case '-[KeyboardCoreTests.RimeAdvancedInputSettingsTests testPostProcessorMasterSwitchDisablesAllSupportedFeatures]' passed (0.002 seconds).
Test Suite 'RimeAdvancedInputSettingsTests' passed at 2026-10-01 08:07:25.532.
	 Executed 6 tests, with 0 failures (0 unexpected) in 0.007 (0.007) seconds
Test Suite 'RimeConfigBehaviorTests' started at 2026-10-01 08:07:25.532.
Test Case '-[KeyboardCoreTests.RimeConfigBehaviorTests testCurrentPageSizeDefault]' started.
Test Case '-[KeyboardCoreTests.RimeConfigBehaviorTests testCurrentPageSizeDefault]' passed (0.004 seconds).
Test Case '-[KeyboardCoreTests.RimeConfigBehaviorTests testRequestDeploySetsFlags]' started.
Test Case '-[KeyboardCoreTests.RimeConfigBehaviorTests testRequestDeploySetsFlags]' passed (0.003 seconds).
Test Case '-[KeyboardCoreTests.RimeConfigBehaviorTests testSetPageSizeClamping]' started.
Test Case '-[KeyboardCoreTests.RimeConfigBehaviorTests testSetPageSizeClamping]' passed (0.000 seconds).
Test Suite 'RimeConfigBehaviorTests' passed at 2026-10-01 08:07:25.539.
	 Executed 3 tests, with 0 failures (0 unexpected) in 0.007 (0.007) seconds
Test Suite 'RimeConfigPostProcessorBasicTests' started at 2026-10-01 08:07:25.539.
Test Case '-[KeyboardCoreTests.RimeConfigPostProcessorBasicTests testCompactArraySyntaxWithLua]' started.
Test Case '-[KeyboardCoreTests.RimeConfigPostProcessorBasicTests testCompactArraySyntaxWithLua]' passed (0.000 seconds).
Test Case '-[KeyboardCoreTests.RimeConfigPostProcessorBasicTests testDanglingLuaConfigKey]' started.
Test Case '-[KeyboardCoreTests.RimeConfigPostProcessorBasicTests testDanglingLuaConfigKey]' passed (0.000 seconds).
Test Case '-[KeyboardCoreTests.RimeConfigPostProcessorBasicTests testEmptyString]' started.
Test Case '-[KeyboardCoreTests.RimeConfigPostProcessorBasicTests testEmptyString]' passed (0.000 seconds).
Test Case '-[KeyboardCoreTests.RimeConfigPostProcessorBasicTests testMixedLuaAndNonLua]' started.
Test Case '-[KeyboardCoreTests.RimeConfigPostProcessorBasicTests testMixedLuaAndNonLua]' passed (0.000 seconds).
Test Case '-[KeyboardCoreTests.RimeConfigPostProcessorBasicTests testMultiLineLuaEntryStripsContinuationLines]' started.
Test Case '-[KeyboardCoreTests.RimeConfigPostProcessorBasicTests testMultiLineLuaEntryStripsContinuationLines]' passed (0.000 seconds).
Test Case '-[KeyboardCoreTests.RimeConfigPostProcessorBasicTests testNoLuaEntriesUntouched]' started.
Test Case '-[KeyboardCoreTests.RimeConfigPostProcessorBasicTests testNoLuaEntriesUntouched]' passed (0.000 seconds).
Test Case '-[KeyboardCoreTests.RimeConfigPostProcessorBasicTests testOnlyLuaEntries]' started.
Test Case '-[KeyboardCoreTests.RimeConfigPostProcessorBasicTests testOnlyLuaEntries]' passed (0.000 seconds).
Test Case '-[KeyboardCoreTests.RimeConfigPostProcessorBasicTests testStripInitialsWithAllLetters]' started.
Test Case '-[KeyboardCoreTests.RimeConfigPostProcessorBasicTests testStripInitialsWithAllLetters]' passed (0.000 seconds).
Test Case '-[KeyboardCoreTests.RimeConfigPostProcessorBasicTests testStripInitialsWithNormalInitials]' started.
Test Case '-[KeyboardCoreTests.RimeConfigPostProcessorBasicTests testStripInitialsWithNormalInitials]' passed (0.000 seconds).
Test Case '-[KeyboardCoreTests.RimeConfigPostProcessorBasicTests testStripLuaFilter]' started.
Test Case '-[KeyboardCoreTests.RimeConfigPostProcessorBasicTests testStripLuaFilter]' passed (0.000 seconds).
Test Case '-[KeyboardCoreTests.RimeConfigPostProcessorBasicTests testStripLuaProcessor]' started.
Test Case '-[KeyboardCoreTests.RimeConfigPostProcessorBasicTests testStripLuaProcessor]' passed (0.000 seconds).
Test Case '-[KeyboardCoreTests.RimeConfigPostProcessorBasicTests testStripLuaSegmentor]' started.
Test Case '-[KeyboardCoreTests.RimeConfigPostProcessorBasicTests testStripLuaSegmentor]' passed (0.000 seconds).
Test Case '-[KeyboardCoreTests.RimeConfigPostProcessorBasicTests testStripLuaTranslator]' started.
Test Case '-[KeyboardCoreTests.RimeConfigPostProcessorBasicTests testStripLuaTranslator]' passed (0.000 seconds).
Test Suite 'RimeConfigPostProcessorBasicTests' passed at 2026-10-01 08:07:25.542.
	 Executed 13 tests, with 0 failures (0 unexpected) in 0.002 (0.003) seconds
Test Suite 'RimeConfigPostProcessorRepairTests' started at 2026-10-01 08:07:25.542.
Test Case '-[KeyboardCoreTests.RimeConfigPostProcessorRepairTests testOldStripperDamageRepair]' started.
Test Case '-[KeyboardCoreTests.RimeConfigPostProcessorRepairTests testOldStripperDamageRepair]' passed (0.000 seconds).
Test Case '-[KeyboardCoreTests.RimeConfigPostProcessorRepairTests testRepairDoesNotTouchCorrectLuaSchema]' started.
Test Case '-[KeyboardCoreTests.RimeConfigPostProcessorRepairTests testRepairDoesNotTouchCorrectLuaSchema]' passed (0.001 seconds).
Test Case '-[KeyboardCoreTests.RimeConfigPostProcessorRepairTests testRepairFixesOldStrippedSchema]' started.
Test Case '-[KeyboardCoreTests.RimeConfigPostProcessorRepairTests testRepairFixesOldStrippedSchema]' passed (0.001 seconds).
Test Case '-[KeyboardCoreTests.RimeConfigPostProcessorRepairTests testRepairHandlesMissingFile]' started.
Test Case '-[KeyboardCoreTests.RimeConfigPostProcessorRepairTests testRepairHandlesMissingFile]' passed (0.000 seconds).
Test Case '-[KeyboardCoreTests.RimeConfigPostProcessorRepairTests testRepairRemovesOrphanWithoutInitials]' started.
Test Case '-[KeyboardCoreTests.RimeConfigPostProcessorRepairTests testRepairRemovesOrphanWithoutInitials]' passed (0.001 seconds).
Test Case '-[KeyboardCoreTests.RimeConfigPostProcessorRepairTests testRepairSkipsSchemaWithoutDamagingInitials]' started.
Test Case '-[KeyboardCoreTests.RimeConfigPostProcessorRepairTests testRepairSkipsSchemaWithoutDamagingInitials]' passed (0.001 seconds).
Test Suite 'RimeConfigPostProcessorRepairTests' passed at 2026-10-01 08:07:25.547.
	 Executed 6 tests, with 0 failures (0 unexpected) in 0.005 (0.005) seconds
Test Suite 'RimeConfigPostProcessorValidationTests' started at 2026-10-01 08:07:25.547.
Test Case '-[KeyboardCoreTests.RimeConfigPostProcessorValidationTests testShouldStripLuaWhenFalse]' started.
Test Case '-[KeyboardCoreTests.RimeConfigPostProcessorValidationTests testShouldStripLuaWhenFalse]' passed (0.000 seconds).
Test Case '-[KeyboardCoreTests.RimeConfigPostProcessorValidationTests testShouldStripLuaWhenKeyMissing]' started.
Test Case '-[KeyboardCoreTests.RimeConfigPostProcessorValidationTests testShouldStripLuaWhenKeyMissing]' passed (0.000 seconds).
Test Case '-[KeyboardCoreTests.RimeConfigPostProcessorValidationTests testShouldStripLuaWhenTrue]' started.
Test Case '-[KeyboardCoreTests.RimeConfigPostProcessorValidationTests testShouldStripLuaWhenTrue]' passed (0.000 seconds).
Test Case '-[KeyboardCoreTests.RimeConfigPostProcessorValidationTests testValidateEmptySchema]' started.
Test Case '-[KeyboardCoreTests.RimeConfigPostProcessorValidationTests testValidateEmptySchema]' passed (0.000 seconds).
Test Case '-[KeyboardCoreTests.RimeConfigPostProcessorValidationTests testValidateStrippedSchemaInvalid]' started.
Test Case '-[KeyboardCoreTests.RimeConfigPostProcessorValidationTests testValidateStrippedSchemaInvalid]' passed (0.000 seconds).
Test Case '-[KeyboardCoreTests.RimeConfigPostProcessorValidationTests testValidateStrippedSchemaTableTranslator]' started.
Test Case '-[KeyboardCoreTests.RimeConfigPostProcessorValidationTests testValidateStrippedSchemaTableTranslator]' passed (0.000 seconds).
Test Case '-[KeyboardCoreTests.RimeConfigPostProcessorValidationTests testValidateStrippedSchemaValid]' started.
Test Case '-[KeyboardCoreTests.RimeConfigPostProcessorValidationTests testValidateStrippedSchemaValid]' passed (0.000 seconds).
Test Suite 'RimeConfigPostProcessorValidationTests' passed at 2026-10-01 08:07:25.550.
	 Executed 7 tests, with 0 failures (0 unexpected) in 0.002 (0.002) seconds
Test Suite 'RimeConfigStaticTemplatesTests' started at 2026-10-01 08:07:25.550.
Test Case '-[KeyboardCoreTests.RimeConfigStaticTemplatesTests testFallbackDictContainsEntries]' started.
Test Case '-[KeyboardCoreTests.RimeConfigStaticTemplatesTests testFallbackDictContainsEntries]' passed (0.001 seconds).
Test Case '-[KeyboardCoreTests.RimeConfigStaticTemplatesTests testFallbackDictContainsHeader]' started.
Test Case '-[KeyboardCoreTests.RimeConfigStaticTemplatesTests testFallbackDictContainsHeader]' passed (0.000 seconds).
Test Case '-[KeyboardCoreTests.RimeConfigStaticTemplatesTests testFallbackDictHasCorrectSeparator]' started.
Test Case '-[KeyboardCoreTests.RimeConfigStaticTemplatesTests testFallbackDictHasCorrectSeparator]' passed (0.000 seconds).
Test Case '-[KeyboardCoreTests.RimeConfigStaticTemplatesTests testInstallationYaml]' started.
Test Case '-[KeyboardCoreTests.RimeConfigStaticTemplatesTests testInstallationYaml]' passed (0.000 seconds).
Test Case '-[KeyboardCoreTests.RimeConfigStaticTemplatesTests testInstallationYamlContainsRequiredKeys]' started.
Test Case '-[KeyboardCoreTests.RimeConfigStaticTemplatesTests testInstallationYamlContainsRequiredKeys]' passed (0.000 seconds).
Test Case '-[KeyboardCoreTests.RimeConfigStaticTemplatesTests testLunaPinyinSchemaContainsEngine]' started.
Test Case '-[KeyboardCoreTests.RimeConfigStaticTemplatesTests testLunaPinyinSchemaContainsEngine]' passed (0.000 seconds).
Test Case '-[KeyboardCoreTests.RimeConfigStaticTemplatesTests testLunaPinyinSchemaContainsSimplifier]' started.
Test Case '-[KeyboardCoreTests.RimeConfigStaticTemplatesTests testLunaPinyinSchemaContainsSimplifier]' passed (0.000 seconds).
Test Case '-[KeyboardCoreTests.RimeConfigStaticTemplatesTests testLunaPinyinSchemaContainsSpeller]' started.
Test Case '-[KeyboardCoreTests.RimeConfigStaticTemplatesTests testLunaPinyinSchemaContainsSpeller]' passed (0.000 seconds).
Test Case '-[KeyboardCoreTests.RimeConfigStaticTemplatesTests testLunaPinyinSchemaContainsSwitches]' started.
Test Case '-[KeyboardCoreTests.RimeConfigStaticTemplatesTests testLunaPinyinSchemaContainsSwitches]' passed (0.000 seconds).
Test Case '-[KeyboardCoreTests.RimeConfigStaticTemplatesTests testOpenccConfigsAreValidJson]' started.
Test Case '-[KeyboardCoreTests.RimeConfigStaticTemplatesTests testOpenccConfigsAreValidJson]' passed (0.001 seconds).
Test Case '-[KeyboardCoreTests.RimeConfigStaticTemplatesTests testOpenccS2T]' started.
Test Case '-[KeyboardCoreTests.RimeConfigStaticTemplatesTests testOpenccS2T]' passed (0.000 seconds).
Test Case '-[KeyboardCoreTests.RimeConfigStaticTemplatesTests testOpenccT2S]' started.
Test Case '-[KeyboardCoreTests.RimeConfigStaticTemplatesTests testOpenccT2S]' passed (0.000 seconds).
Test Suite 'RimeConfigStaticTemplatesTests' passed at 2026-10-01 08:07:25.555.
	 Executed 12 tests, with 0 failures (0 unexpected) in 0.004 (0.005) seconds
Test Suite 'RimeConfigTemplateGenerationTests' started at 2026-10-01 08:07:25.555.
Test Case '-[KeyboardCoreTests.RimeConfigTemplateGenerationTests testGenerateDefaultYamlContainsAsciiComposer]' started.
Test Case '-[KeyboardCoreTests.RimeConfigTemplateGenerationTests testGenerateDefaultYamlContainsAsciiComposer]' passed (0.000 seconds).
Test Case '-[KeyboardCoreTests.RimeConfigTemplateGenerationTests testGenerateDefaultYamlContainsPresets]' started.
Test Case '-[KeyboardCoreTests.RimeConfigTemplateGenerationTests testGenerateDefaultYamlContainsPresets]' passed (0.000 seconds).
Test Case '-[KeyboardCoreTests.RimeConfigTemplateGenerationTests testGenerateDefaultYamlContainsSwitcherConfig]' started.
Test Case '-[KeyboardCoreTests.RimeConfigTemplateGenerationTests testGenerateDefaultYamlContainsSwitcherConfig]' passed (0.000 seconds).
Test Case '-[KeyboardCoreTests.RimeConfigTemplateGenerationTests testGenerateDefaultYamlCustomPageSize]' started.
Test Case '-[KeyboardCoreTests.RimeConfigTemplateGenerationTests testGenerateDefaultYamlCustomPageSize]' passed (0.000 seconds).
Test Case '-[KeyboardCoreTests.RimeConfigTemplateGenerationTests testGenerateDefaultYamlHasNoTrailingWhitespaceIssues]' started.
Test Case '-[KeyboardCoreTests.RimeConfigTemplateGenerationTests testGenerateDefaultYamlHasNoTrailingWhitespaceIssues]' passed (0.001 seconds).
Test Case '-[KeyboardCoreTests.RimeConfigTemplateGenerationTests testGenerateDefaultYamlLunaOnly]' started.
Test Case '-[KeyboardCoreTests.RimeConfigTemplateGenerationTests testGenerateDefaultYamlLunaOnly]' passed (0.000 seconds).
Test Case '-[KeyboardCoreTests.RimeConfigTemplateGenerationTests testGenerateDefaultYamlMaxPageSize]' started.
Test Case '-[KeyboardCoreTests.RimeConfigTemplateGenerationTests testGenerateDefaultYamlMaxPageSize]' passed (0.000 seconds).
Test Case '-[KeyboardCoreTests.RimeConfigTemplateGenerationTests testGenerateDefaultYamlPageSizeNegative]' started.
Test Case '-[KeyboardCoreTests.RimeConfigTemplateGenerationTests testGenerateDefaultYamlPageSizeNegative]' passed (0.000 seconds).
Test Case '-[KeyboardCoreTests.RimeConfigTemplateGenerationTests testGenerateDefaultYamlPageSizePlacement]' started.
Test Case '-[KeyboardCoreTests.RimeConfigTemplateGenerationTests testGenerateDefaultYamlPageSizePlacement]' passed (0.000 seconds).
Test Case '-[KeyboardCoreTests.RimeConfigTemplateGenerationTests testGenerateDefaultYamlPageSizeZero]' started.
Test Case '-[KeyboardCoreTests.RimeConfigTemplateGenerationTests testGenerateDefaultYamlPageSizeZero]' passed (0.000 seconds).
Test Case '-[KeyboardCoreTests.RimeConfigTemplateGenerationTests testGenerateDefaultYamlSchemaListLineStructure]' started.
Test Case '-[KeyboardCoreTests.RimeConfigTemplateGenerationTests testGenerateDefaultYamlSchemaListLineStructure]' passed (0.000 seconds).
Test Case '-[KeyboardCoreTests.RimeConfigTemplateGenerationTests testGenerateDefaultYamlUsesSafePunctuatorKeyQuoting]' started.
Test Case '-[KeyboardCoreTests.RimeConfigTemplateGenerationTests testGenerateDefaultYamlUsesSafePunctuatorKeyQuoting]' passed (0.000 seconds).
Test Case '-[KeyboardCoreTests.RimeConfigTemplateGenerationTests testGenerateDefaultYamlWithRimeIce]' started.
Test Case '-[KeyboardCoreTests.RimeConfigTemplateGenerationTests testGenerateDefaultYamlWithRimeIce]' passed (0.000 seconds).
Test Suite 'RimeConfigTemplateGenerationTests' passed at 2026-10-01 08:07:25.560.
	 Executed 13 tests, with 0 failures (0 unexpected) in 0.004 (0.005) seconds
Test Suite 'RimeControllerInputTests' started at 2026-10-01 08:07:25.560.
Test Case '-[KeyboardCoreTests.RimeControllerInputTests testCalculatorOperatorContinuesChineseCompositionFromSymbolPage]' started.
Test Case '-[KeyboardCoreTests.RimeControllerInputTests testCalculatorOperatorContinuesChineseCompositionFromSymbolPage]' passed (0.000 seconds).
Test Case '-[KeyboardCoreTests.RimeControllerInputTests testChineseApostropheOnSymbolPageContinuesCompositionAsSeparator]' started.
Test Case '-[KeyboardCoreTests.RimeControllerInputTests testChineseApostropheOnSymbolPageContinuesCompositionAsSeparator]' passed (0.000 seconds).
Test Case '-[KeyboardCoreTests.RimeControllerInputTests testChinesePunctuationStillCommitsCompositionBeforeSymbol]' started.
Test Case '-[KeyboardCoreTests.RimeControllerInputTests testChinesePunctuationStillCommitsCompositionBeforeSymbol]' passed (0.000 seconds).
Test Case '-[KeyboardCoreTests.RimeControllerInputTests testDeleteAfterNumbersPageDigitsKeepsNumberSuffixCandidate]' started.
Test Case '-[KeyboardCoreTests.RimeControllerInputTests testDeleteAfterNumbersPageDigitsKeepsNumberSuffixCandidate]' passed (0.000 seconds).
Test Case '-[KeyboardCoreTests.RimeControllerInputTests testDeleteAfterNumberSuffixContinuesDeletingRawPinyin]' started.
Test Case '-[KeyboardCoreTests.RimeControllerInputTests testDeleteAfterNumberSuffixContinuesDeletingRawPinyin]' passed (0.000 seconds).
Test Case '-[KeyboardCoreTests.RimeControllerInputTests testDeleteBackwardClearsCompositionThenHitsProxy]' started.
Test Case '-[KeyboardCoreTests.RimeControllerInputTests testDeleteBackwardClearsCompositionThenHitsProxy]' passed (0.000 seconds).
Test Case '-[KeyboardCoreTests.RimeControllerInputTests testDeleteBackwardEmptySkipsEngine]' started.
Test Case '-[KeyboardCoreTests.RimeControllerInputTests testDeleteBackwardEmptySkipsEngine]' passed (0.000 seconds).
Test Case '-[KeyboardCoreTests.RimeControllerInputTests testDeleteBackwardRemovesFromComposition]' started.
Test Case '-[KeyboardCoreTests.RimeControllerInputTests testDeleteBackwardRemovesFromComposition]' passed (0.000 seconds).
Test Case '-[KeyboardCoreTests.RimeControllerInputTests testDeletingAllNumberSuffixRestoresRawPinyinComposition]' started.
Test Case '-[KeyboardCoreTests.RimeControllerInputTests testDeletingAllNumberSuffixRestoresRawPinyinComposition]' passed (0.000 seconds).
Test Case '-[KeyboardCoreTests.RimeControllerInputTests testDisabledPairedSymbolCompletionStillCommitsChineseCompositionBeforeSymbol]' started.
Test Case '-[KeyboardCoreTests.RimeControllerInputTests testDisabledPairedSymbolCompletionStillCommitsChineseCompositionBeforeSymbol]' passed (0.000 seconds).
Test Case '-[KeyboardCoreTests.RimeControllerInputTests testDuplicateCandidateTextSelectsFirstMatch]' started.
Test Case '-[KeyboardCoreTests.RimeControllerInputTests testDuplicateCandidateTextSelectsFirstMatch]' passed (0.000 seconds).
Test Case '-[KeyboardCoreTests.RimeControllerInputTests testFastTypingStateConsistency]' started.
Test Case '-[KeyboardCoreTests.RimeControllerInputTests testFastTypingStateConsistency]' passed (0.000 seconds).
Test Case '-[KeyboardCoreTests.RimeControllerInputTests testInlinePreeditUsesMarkedText]' started.
Test Case '-[KeyboardCoreTests.RimeControllerInputTests testInlinePreeditUsesMarkedText]' passed (0.000 seconds).
Test Case '-[KeyboardCoreTests.RimeControllerInputTests testInsertCandidateCompositionKindCommitsRawAndResets]' started.
Test Case '-[KeyboardCoreTests.RimeControllerInputTests testInsertCandidateCompositionKindCommitsRawAndResets]' passed (0.000 seconds).
Test Case '-[KeyboardCoreTests.RimeControllerInputTests testInsertCandidatePlaceholderDoesNothing]' started.
Test Case '-[KeyboardCoreTests.RimeControllerInputTests testInsertCandidatePlaceholderDoesNothing]' passed (0.000 seconds).
Test Case '-[KeyboardCoreTests.RimeControllerInputTests testInsertCandidateSelectsByTitle]' started.
Test Case '-[KeyboardCoreTests.RimeControllerInputTests testInsertCandidateSelectsByTitle]' passed (0.000 seconds).
Test Case '-[KeyboardCoreTests.RimeControllerInputTests testInsertCandidateWithNilLastRimeOutput]' started.
Test Case '-[KeyboardCoreTests.RimeControllerInputTests testInsertCandidateWithNilLastRimeOutput]' passed (0.000 seconds).
Test Case '-[KeyboardCoreTests.RimeControllerInputTests testIsComposingTracksState]' started.
Test Case '-[KeyboardCoreTests.RimeControllerInputTests testIsComposingTracksState]' passed (0.000 seconds).
Test Case '-[KeyboardCoreTests.RimeControllerInputTests testLastRimeOutputClearedAfterSelect]' started.
Test Case '-[KeyboardCoreTests.RimeControllerInputTests testLastRimeOutputClearedAfterSelect]' passed (0.000 seconds).
Test Case '-[KeyboardCoreTests.RimeControllerInputTests testLastRimeOutputUpdatedAfterEachKey]' started.
Test Case '-[KeyboardCoreTests.RimeControllerInputTests testLastRimeOutputUpdatedAfterEachKey]' passed (0.000 seconds).
Test Case '-[KeyboardCoreTests.RimeControllerInputTests testNumbersPageDigitsContinueChineseComposition]' started.
Test Case '-[KeyboardCoreTests.RimeControllerInputTests testNumbersPageDigitsContinueChineseComposition]' passed (0.000 seconds).
Test Case '-[KeyboardCoreTests.RimeControllerInputTests testNumbersPageDigitsUseRimeFirstCandidateForAnyPinyinPrefix]' started.
Test Case '-[KeyboardCoreTests.RimeControllerInputTests testNumbersPageDigitsUseRimeFirstCandidateForAnyPinyinPrefix]' passed (0.001 seconds).
Test Case '-[KeyboardCoreTests.RimeControllerInputTests testNumbersPageUppercasePrefixDigitsStayInRimeComposition]' started.
Test Case '-[KeyboardCoreTests.RimeControllerInputTests testNumbersPageUppercasePrefixDigitsStayInRimeComposition]' passed (0.000 seconds).
Test Case '-[KeyboardCoreTests.RimeControllerInputTests testPairedSymbolDuringChineseCompositionCommitsFirstCandidateBeforePair]' started.
Test Case '-[KeyboardCoreTests.RimeControllerInputTests testPairedSymbolDuringChineseCompositionCommitsFirstCandidateBeforePair]' passed (0.000 seconds).
Test Case '-[KeyboardCoreTests.RimeControllerInputTests testProcessKeyAccumulatesComposition]' started.
Test Case '-[KeyboardCoreTests.RimeControllerInputTests testProcessKeyAccumulatesComposition]' passed (0.000 seconds).
Test Case '-[KeyboardCoreTests.RimeControllerInputTests testProcessKeyNonChineseGoesDirectlyToClient]' started.
Test Case '-[KeyboardCoreTests.RimeControllerInputTests testProcessKeyNonChineseGoesDirectlyToClient]' passed (0.000 seconds).
Test Case '-[KeyboardCoreTests.RimeControllerInputTests testProcessKeySetsLastRimeOutput]' started.
Test Case '-[KeyboardCoreTests.RimeControllerInputTests testProcessKeySetsLastRimeOutput]' passed (0.000 seconds).
Test Case '-[KeyboardCoreTests.RimeControllerInputTests testProcessKeyWithEmptyEngineOutput]' started.
Test Case '-[KeyboardCoreTests.RimeControllerInputTests testProcessKeyWithEmptyEngineOutput]' passed (0.000 seconds).
Test Case '-[KeyboardCoreTests.RimeControllerInputTests testReturnWithCapitalizedSingleCharCommitsRawWithoutUnderline]' started.
Test Case '-[KeyboardCoreTests.RimeControllerInputTests testReturnWithCapitalizedSingleCharCommitsRawWithoutUnderline]' passed (0.000 seconds).
Test Case '-[KeyboardCoreTests.RimeControllerInputTests testReturnWithCompositionCommitsRaw]' started.
Test Case '-[KeyboardCoreTests.RimeControllerInputTests testReturnWithCompositionCommitsRaw]' passed (0.000 seconds).
Test Case '-[KeyboardCoreTests.RimeControllerInputTests testReturnWithSegmentedRimePreeditCommitsRawInputAndClearsMarkedText]' started.
Test Case '-[KeyboardCoreTests.RimeControllerInputTests testReturnWithSegmentedRimePreeditCommitsRawInputAndClearsMarkedText]' passed (0.000 seconds).
Test Case '-[KeyboardCoreTests.RimeControllerInputTests testReturnWithSingleCharCommitsRawWithoutUnderline]' started.
Test Case '-[KeyboardCoreTests.RimeControllerInputTests testReturnWithSingleCharCommitsRawWithoutUnderline]' passed (0.000 seconds).
Test Case '-[KeyboardCoreTests.RimeControllerInputTests testSpaceAfterNumberSuffixCommitsCandidateText]' started.
Test Case '-[KeyboardCoreTests.RimeControllerInputTests testSpaceAfterNumberSuffixCommitsCandidateText]' passed (0.000 seconds).
Test Case '-[KeyboardCoreTests.RimeControllerInputTests testSpaceWithCompositionSelectsFirstCandidate]' started.
Test Case '-[KeyboardCoreTests.RimeControllerInputTests testSpaceWithCompositionSelectsFirstCandidate]' passed (0.000 seconds).
Test Case '-[KeyboardCoreTests.RimeControllerInputTests testSpaceWithoutCompositionInsertsSpace]' started.
Test Case '-[KeyboardCoreTests.RimeControllerInputTests testSpaceWithoutCompositionInsertsSpace]' passed (0.000 seconds).
Test Case '-[KeyboardCoreTests.RimeControllerInputTests testSpaceWithUnknownCompositionCommitsRaw]' started.
Test Case '-[KeyboardCoreTests.RimeControllerInputTests testSpaceWithUnknownCompositionCommitsRaw]' passed (0.000 seconds).
Test Case '-[KeyboardCoreTests.RimeControllerInputTests testSymbolAfterNumberSuffixCommitsDisplayTextBeforeSymbol]' started.
Test Case '-[KeyboardCoreTests.RimeControllerInputTests testSymbolAfterNumberSuffixCommitsDisplayTextBeforeSymbol]' passed (0.000 seconds).
Test Case '-[KeyboardCoreTests.RimeControllerInputTests testTapNumberSuffixCandidateCommitsCandidateText]' started.
Test Case '-[KeyboardCoreTests.RimeControllerInputTests testTapNumberSuffixCandidateCommitsCandidateText]' passed (0.000 seconds).
Test Case '-[KeyboardCoreTests.RimeControllerInputTests testToggleInputModeResetsEngineSession]' started.
Test Case '-[KeyboardCoreTests.RimeControllerInputTests testToggleInputModeResetsEngineSession]' passed (0.000 seconds).
Test Case '-[KeyboardCoreTests.RimeControllerInputTests testTogglePageFromLettersKeepsRimeCompositionForSymbolCommit]' started.
Test Case '-[KeyboardCoreTests.RimeControllerInputTests testTogglePageFromLettersKeepsRimeCompositionForSymbolCommit]' passed (0.000 seconds).
Test Suite 'RimeControllerInputTests' passed at 2026-10-01 08:07:25.574.
	 Executed 40 tests, with 0 failures (0 unexpected) in 0.011 (0.014) seconds
Test Suite 'RimeControllerPagingTests' started at 2026-10-01 08:07:25.574.
Test Case '-[KeyboardCoreTests.RimeControllerPagingTests testCandidateDeduplicationByTitle]' started.
Test Case '-[KeyboardCoreTests.RimeControllerPagingTests testCandidateDeduplicationByTitle]' passed (0.000 seconds).
Test Case '-[KeyboardCoreTests.RimeControllerPagingTests testCandidatePageDepthTracking]' started.
Test Case '-[KeyboardCoreTests.RimeControllerPagingTests testCandidatePageDepthTracking]' passed (0.000 seconds).
Test Case '-[KeyboardCoreTests.RimeControllerPagingTests testMultiplePageDownThenBackToFirstPage]' started.
Test Case '-[KeyboardCoreTests.RimeControllerPagingTests testMultiplePageDownThenBackToFirstPage]' passed (0.000 seconds).
Test Case '-[KeyboardCoreTests.RimeControllerPagingTests testPageDownDoesNotAffectLastRimeOutput]' started.
Test Case '-[KeyboardCoreTests.RimeControllerPagingTests testPageDownDoesNotAffectLastRimeOutput]' passed (0.000 seconds).
Test Case '-[KeyboardCoreTests.RimeControllerPagingTests testPageDownPreservesComposingState]' started.
Test Case '-[KeyboardCoreTests.RimeControllerPagingTests testPageDownPreservesComposingState]' passed (0.000 seconds).
Test Case '-[KeyboardCoreTests.RimeControllerPagingTests testPageDownThenPageUpRestoresComposition]' started.
Test Case '-[KeyboardCoreTests.RimeControllerPagingTests testPageDownThenPageUpRestoresComposition]' passed (0.000 seconds).
Test Case '-[KeyboardCoreTests.RimeControllerPagingTests testPreloadFlowWithPageDown]' started.
Test Case '-[KeyboardCoreTests.RimeControllerPagingTests testPreloadFlowWithPageDown]' passed (0.000 seconds).
Test Case '-[KeyboardCoreTests.RimeControllerPagingTests testSpaceAlwaysSelectsFirstPageCandidate]' started.
Test Case '-[KeyboardCoreTests.RimeControllerPagingTests testSpaceAlwaysSelectsFirstPageCandidate]' passed (0.000 seconds).
Test Suite 'RimeControllerPagingTests' passed at 2026-10-01 08:07:25.576.
	 Executed 8 tests, with 0 failures (0 unexpected) in 0.002 (0.002) seconds
Test Suite 'RimeControllerRecoveryTests' started at 2026-10-01 08:07:25.576.
Test Case '-[KeyboardCoreTests.RimeControllerRecoveryTests testAbandonCompositionForVisibilityChangeClearsVisibleState]' started.
Test Case '-[KeyboardCoreTests.RimeControllerRecoveryTests testAbandonCompositionForVisibilityChangeClearsVisibleState]' passed (0.000 seconds).
Test Case '-[KeyboardCoreTests.RimeControllerRecoveryTests testDeleteAfterCandidateSelectionDoesNotRevivePinyin]' started.
Test Case '-[KeyboardCoreTests.RimeControllerRecoveryTests testDeleteAfterCandidateSelectionDoesNotRevivePinyin]' passed (0.000 seconds).
Test Case '-[KeyboardCoreTests.RimeControllerRecoveryTests testDeleteBackwardWhenProxyIsEmpty]' started.
Test Case '-[KeyboardCoreTests.RimeControllerRecoveryTests testDeleteBackwardWhenProxyIsEmpty]' passed (0.000 seconds).
Test Case '-[KeyboardCoreTests.RimeControllerRecoveryTests testEngineNilToNonNilTransition]' started.
Test Case '-[KeyboardCoreTests.RimeControllerRecoveryTests testEngineNilToNonNilTransition]' passed (0.000 seconds).
Test Case '-[KeyboardCoreTests.RimeControllerRecoveryTests testFallbackDeleteWhenEngineIsNil]' started.
Test Case '-[KeyboardCoreTests.RimeControllerRecoveryTests testFallbackDeleteWhenEngineIsNil]' passed (0.000 seconds).
Test Case '-[KeyboardCoreTests.RimeControllerRecoveryTests testFallbackWhenEngineIsNil]' started.
Test Case '-[KeyboardCoreTests.RimeControllerRecoveryTests testFallbackWhenEngineIsNil]' passed (0.000 seconds).
Test Case '-[KeyboardCoreTests.RimeControllerRecoveryTests testInvalidSessionAfterVisibilityChangeRecoversRuntimeAndCandidates]' started.
Test Case '-[KeyboardCoreTests.RimeControllerRecoveryTests testInvalidSessionAfterVisibilityChangeRecoversRuntimeAndCandidates]' passed (0.000 seconds).
Test Case '-[KeyboardCoreTests.RimeControllerRecoveryTests testRejectedEngineKeyRetriesInRimeAndPreservesCandidates]' started.
Test Case '-[KeyboardCoreTests.RimeControllerRecoveryTests testRejectedEngineKeyRetriesInRimeAndPreservesCandidates]' passed (0.000 seconds).
Test Case '-[KeyboardCoreTests.RimeControllerRecoveryTests testResetSessionBetweenKeystrokes]' started.
Test Case '-[KeyboardCoreTests.RimeControllerRecoveryTests testResetSessionBetweenKeystrokes]' passed (0.000 seconds).
Test Case '-[KeyboardCoreTests.RimeControllerRecoveryTests testSessionResetDuringCompositionRestoresExistingTextAndCandidates]' started.
Test Case '-[KeyboardCoreTests.RimeControllerRecoveryTests testSessionResetDuringCompositionRestoresExistingTextAndCandidates]' passed (0.000 seconds).
Test Case '-[KeyboardCoreTests.RimeControllerRecoveryTests testSpaceResetsRimeSession]' started.
Test Case '-[KeyboardCoreTests.RimeControllerRecoveryTests testSpaceResetsRimeSession]' passed (0.000 seconds).
Test Case '-[KeyboardCoreTests.RimeControllerRecoveryTests testSpaceWithEmptyCandidatesResetsRime]' started.
Test Case '-[KeyboardCoreTests.RimeControllerRecoveryTests testSpaceWithEmptyCandidatesResetsRime]' passed (0.000 seconds).
Test Case '-[KeyboardCoreTests.RimeControllerRecoveryTests testStaleCandidateWithoutReferenceKeepsRimeComposition]' started.
Test Case '-[KeyboardCoreTests.RimeControllerRecoveryTests testStaleCandidateWithoutReferenceKeepsRimeComposition]' passed (0.000 seconds).
Test Case '-[KeyboardCoreTests.RimeControllerRecoveryTests testVisibilityLifecycleReleasesAndResumesRimeEngine]' started.
Test Case '-[KeyboardCoreTests.RimeControllerRecoveryTests testVisibilityLifecycleReleasesAndResumesRimeEngine]' passed (0.000 seconds).
Test Suite 'RimeControllerRecoveryTests' passed at 2026-10-01 08:07:25.580.
	 Executed 14 tests, with 0 failures (0 unexpected) in 0.003 (0.004) seconds
Test Suite 'RimeEngineProtocolTests' started at 2026-10-01 08:07:25.580.
Test Case '-[KeyboardCoreTests.RimeEngineProtocolTests testCompositionPreservedAcrossUnknownInput]' started.
Test Case '-[KeyboardCoreTests.RimeEngineProtocolTests testCompositionPreservedAcrossUnknownInput]' passed (0.000 seconds).
Test Case '-[KeyboardCoreTests.RimeEngineProtocolTests testDeleteBackwardEmptyCompositionThroughEngine]' started.
Test Case '-[KeyboardCoreTests.RimeEngineProtocolTests testDeleteBackwardEmptyCompositionThroughEngine]' passed (0.000 seconds).
Test Case '-[KeyboardCoreTests.RimeEngineProtocolTests testDeleteBackwardThroughEngineClearsComposition]' started.
Test Case '-[KeyboardCoreTests.RimeEngineProtocolTests testDeleteBackwardThroughEngineClearsComposition]' passed (0.000 seconds).
Test Case '-[KeyboardCoreTests.RimeEngineProtocolTests testDeleteBackwardThroughEngineRemovesFromComposition]' started.
Test Case '-[KeyboardCoreTests.RimeEngineProtocolTests testDeleteBackwardThroughEngineRemovesFromComposition]' passed (0.000 seconds).
Test Case '-[KeyboardCoreTests.RimeEngineProtocolTests testFastTypingUpdatesCompositionInstantly]' started.
Test Case '-[KeyboardCoreTests.RimeEngineProtocolTests testFastTypingUpdatesCompositionInstantly]' passed (0.000 seconds).
Test Case '-[KeyboardCoreTests.RimeEngineProtocolTests testIsComposingAfterCandidateSelection]' started.
Test Case '-[KeyboardCoreTests.RimeEngineProtocolTests testIsComposingAfterCandidateSelection]' passed (0.000 seconds).
Test Case '-[KeyboardCoreTests.RimeEngineProtocolTests testIsComposingAfterDeleteAll]' started.
Test Case '-[KeyboardCoreTests.RimeEngineProtocolTests testIsComposingAfterDeleteAll]' passed (0.000 seconds).
Test Case '-[KeyboardCoreTests.RimeEngineProtocolTests testIsComposingAfterInit]' started.
Test Case '-[KeyboardCoreTests.RimeEngineProtocolTests testIsComposingAfterInit]' passed (0.000 seconds).
Test Case '-[KeyboardCoreTests.RimeEngineProtocolTests testProcessKeyEmptyString]' started.
Test Case '-[KeyboardCoreTests.RimeEngineProtocolTests testProcessKeyEmptyString]' passed (0.000 seconds).
Test Case '-[KeyboardCoreTests.RimeEngineProtocolTests testProcessKeyMultipleKnownWords]' started.
Test Case '-[KeyboardCoreTests.RimeEngineProtocolTests testProcessKeyMultipleKnownWords]' passed (0.000 seconds).
Test Case '-[KeyboardCoreTests.RimeEngineProtocolTests testProcessKeySingleCharacter]' started.
Test Case '-[KeyboardCoreTests.RimeEngineProtocolTests testProcessKeySingleCharacter]' passed (0.000 seconds).
Test Case '-[KeyboardCoreTests.RimeEngineProtocolTests testProcessKeyUnknownCompositionReturnsEmptyCandidates]' started.
Test Case '-[KeyboardCoreTests.RimeEngineProtocolTests testProcessKeyUnknownCompositionReturnsEmptyCandidates]' passed (0.000 seconds).
Test Case '-[KeyboardCoreTests.RimeEngineProtocolTests testRawInputRemainsUnformattedWhenPreeditIsSegmented]' started.
Test Case '-[KeyboardCoreTests.RimeEngineProtocolTests testRawInputRemainsUnformattedWhenPreeditIsSegmented]' passed (0.000 seconds).
Test Case '-[KeyboardCoreTests.RimeEngineProtocolTests testReplaceInputEmptyStringClearsComposition]' started.
Test Case '-[KeyboardCoreTests.RimeEngineProtocolTests testReplaceInputEmptyStringClearsComposition]' passed (0.000 seconds).
Test Case '-[KeyboardCoreTests.RimeEngineProtocolTests testReplaceInputRestoresCompositionAndCandidates]' started.
Test Case '-[KeyboardCoreTests.RimeEngineProtocolTests testReplaceInputRestoresCompositionAndCandidates]' passed (0.000 seconds).
Test Case '-[KeyboardCoreTests.RimeEngineProtocolTests testRimeOutputEmpty]' started.
Test Case '-[KeyboardCoreTests.RimeEngineProtocolTests testRimeOutputEmpty]' passed (0.000 seconds).
Test Case '-[KeyboardCoreTests.RimeEngineProtocolTests testRimeOutputWithCommitOnly]' started.
Test Case '-[KeyboardCoreTests.RimeEngineProtocolTests testRimeOutputWithCommitOnly]' passed (0.000 seconds).
Test Case '-[KeyboardCoreTests.RimeEngineProtocolTests testRimeOutputWithCompositionAndCandidates]' started.
Test Case '-[KeyboardCoreTests.RimeEngineProtocolTests testRimeOutputWithCompositionAndCandidates]' passed (0.000 seconds).
Test Case '-[KeyboardCoreTests.RimeEngineProtocolTests testSelectCandidateNegativeIndex]' started.
Test Case '-[KeyboardCoreTests.RimeEngineProtocolTests testSelectCandidateNegativeIndex]' passed (0.000 seconds).
Test Case '-[KeyboardCoreTests.RimeEngineProtocolTests testSelectCandidateOutOfRangeKeepsComposition]' started.
Test Case '-[KeyboardCoreTests.RimeEngineProtocolTests testSelectCandidateOutOfRangeKeepsComposition]' passed (0.000 seconds).
Test Case '-[KeyboardCoreTests.RimeEngineProtocolTests testSelectCandidateOutOfRangeViaEngineDirectly]' started.
Test Case '-[KeyboardCoreTests.RimeEngineProtocolTests testSelectCandidateOutOfRangeViaEngineDirectly]' passed (0.000 seconds).
Test Case '-[KeyboardCoreTests.RimeEngineProtocolTests testSelectCandidateUnknownCompositionViaEngine]' started.
Test Case '-[KeyboardCoreTests.RimeEngineProtocolTests testSelectCandidateUnknownCompositionViaEngine]' passed (0.000 seconds).
Test Case '-[KeyboardCoreTests.RimeEngineProtocolTests testSelectCandidateViaEngineDirectly]' started.
Test Case '-[KeyboardCoreTests.RimeEngineProtocolTests testSelectCandidateViaEngineDirectly]' passed (0.000 seconds).
Test Case '-[KeyboardCoreTests.RimeEngineProtocolTests testSessionResetClearsComposition]' started.
Test Case '-[KeyboardCoreTests.RimeEngineProtocolTests testSessionResetClearsComposition]' passed (0.000 seconds).
Test Case '-[KeyboardCoreTests.RimeEngineProtocolTests testSessionResetTwiceIncrementsCounter]' started.
Test Case '-[KeyboardCoreTests.RimeEngineProtocolTests testSessionResetTwiceIncrementsCounter]' passed (0.000 seconds).
Test Suite 'RimeEngineProtocolTests' passed at 2026-10-01 08:07:25.587.
	 Executed 25 tests, with 0 failures (0 unexpected) in 0.005 (0.007) seconds
Test Suite 'RimeFuzzyPinyinTests' started at 2026-10-01 08:07:25.587.
Test Case '-[KeyboardCoreTests.RimeFuzzyPinyinTests testDeploymentSignatureIncludesSchemaAndAllSwitches]' started.
Test Case '-[KeyboardCoreTests.RimeFuzzyPinyinTests testDeploymentSignatureIncludesSchemaAndAllSwitches]' passed (0.000 seconds).
Test Case '-[KeyboardCoreTests.RimeFuzzyPinyinTests testDisabledMasterSwitchProducesNoRules]' started.
Test Case '-[KeyboardCoreTests.RimeFuzzyPinyinTests testDisabledMasterSwitchProducesNoRules]' passed (0.000 seconds).
Test Case '-[KeyboardCoreTests.RimeFuzzyPinyinTests testEnabledSettingsEmitCommonInitialFuzzyRules]' started.
Test Case '-[KeyboardCoreTests.RimeFuzzyPinyinTests testEnabledSettingsEmitCommonInitialFuzzyRules]' passed (0.000 seconds).
Test Case '-[KeyboardCoreTests.RimeFuzzyPinyinTests testPostProcessorAppendsManagedBlockToExistingAlgebra]' started.
Test Case '-[KeyboardCoreTests.RimeFuzzyPinyinTests testPostProcessorAppendsManagedBlockToExistingAlgebra]' passed (0.000 seconds).
Test Case '-[KeyboardCoreTests.RimeFuzzyPinyinTests testPostProcessorCreatesAlgebraInsideExistingSpeller]' started.
Test Case '-[KeyboardCoreTests.RimeFuzzyPinyinTests testPostProcessorCreatesAlgebraInsideExistingSpeller]' passed (0.000 seconds).
Test Case '-[KeyboardCoreTests.RimeFuzzyPinyinTests testPostProcessorDoesNotApplyManagedFuzzySettingsToWanxiang]' started.
Test Case '-[KeyboardCoreTests.RimeFuzzyPinyinTests testPostProcessorDoesNotApplyManagedFuzzySettingsToWanxiang]' passed (0.000 seconds).
Test Case '-[KeyboardCoreTests.RimeFuzzyPinyinTests testPostProcessorIsIdempotent]' started.
Test Case '-[KeyboardCoreTests.RimeFuzzyPinyinTests testPostProcessorIsIdempotent]' passed (0.000 seconds).
Test Case '-[KeyboardCoreTests.RimeFuzzyPinyinTests testPostProcessorLeavesOfficialWanxiangAlgebraUnchanged]' started.
Test Case '-[KeyboardCoreTests.RimeFuzzyPinyinTests testPostProcessorLeavesOfficialWanxiangAlgebraUnchanged]' passed (0.000 seconds).
Test Case '-[KeyboardCoreTests.RimeFuzzyPinyinTests testPostProcessorLeavesWanxiangCustomAnchorUnchanged]' started.
Test Case '-[KeyboardCoreTests.RimeFuzzyPinyinTests testPostProcessorLeavesWanxiangCustomAnchorUnchanged]' passed (0.000 seconds).
Test Case '-[KeyboardCoreTests.RimeFuzzyPinyinTests testPostProcessorLeavesWanxiangEmptyAlgebraUnchanged]' started.
Test Case '-[KeyboardCoreTests.RimeFuzzyPinyinTests testPostProcessorLeavesWanxiangEmptyAlgebraUnchanged]' passed (0.000 seconds).
Test Case '-[KeyboardCoreTests.RimeFuzzyPinyinTests testPostProcessorLeavesWanxiangListAlgebraUnchanged]' started.
Test Case '-[KeyboardCoreTests.RimeFuzzyPinyinTests testPostProcessorLeavesWanxiangListAlgebraUnchanged]' passed (0.000 seconds).
Test Case '-[KeyboardCoreTests.RimeFuzzyPinyinTests testPostProcessorLeavesWanxiangWithoutAlgebraUnchanged]' started.
Test Case '-[KeyboardCoreTests.RimeFuzzyPinyinTests testPostProcessorLeavesWanxiangWithoutAlgebraUnchanged]' passed (0.000 seconds).
Test Case '-[KeyboardCoreTests.RimeFuzzyPinyinTests testPostProcessorRejectsMalformedManagedMarkersWithoutChangingYaml]' started.
Test Case '-[KeyboardCoreTests.RimeFuzzyPinyinTests testPostProcessorRejectsMalformedManagedMarkersWithoutChangingYaml]' passed (0.000 seconds).
Test Case '-[KeyboardCoreTests.RimeFuzzyPinyinTests testPostProcessorRejectsWanxiangAnchorInAnotherSchema]' started.
Test Case '-[KeyboardCoreTests.RimeFuzzyPinyinTests testPostProcessorRejectsWanxiangAnchorInAnotherSchema]' passed (0.000 seconds).
Test Case '-[KeyboardCoreTests.RimeFuzzyPinyinTests testPostProcessorRemovesManagedBlockWhenAllRulesDisabled]' started.
Test Case '-[KeyboardCoreTests.RimeFuzzyPinyinTests testPostProcessorRemovesManagedBlockWhenAllRulesDisabled]' passed (0.000 seconds).
Test Case '-[KeyboardCoreTests.RimeFuzzyPinyinTests testPostProcessorRemovesManagedBlockWhenMasterSwitchDisabled]' started.
Test Case '-[KeyboardCoreTests.RimeFuzzyPinyinTests testPostProcessorRemovesManagedBlockWhenMasterSwitchDisabled]' passed (0.000 seconds).
Test Case '-[KeyboardCoreTests.RimeFuzzyPinyinTests testPostProcessorRemovesOwnedBlockFromUnknownWanxiangPatchWithoutAddingRules]' started.
Test Case '-[KeyboardCoreTests.RimeFuzzyPinyinTests testPostProcessorRemovesOwnedBlockFromUnknownWanxiangPatchWithoutAddingRules]' passed (0.000 seconds).
Test Case '-[KeyboardCoreTests.RimeFuzzyPinyinTests testPostProcessorRemovesPreviouslyGeneratedWanxiangPatchBlockIdempotently]' started.
Test Case '-[KeyboardCoreTests.RimeFuzzyPinyinTests testPostProcessorRemovesPreviouslyGeneratedWanxiangPatchBlockIdempotently]' passed (0.000 seconds).
Test Case '-[KeyboardCoreTests.RimeFuzzyPinyinTests testPostProcessorRepairsPreviouslyMisnestedWanxiangManagedBlock]' started.
Test Case '-[KeyboardCoreTests.RimeFuzzyPinyinTests testPostProcessorRepairsPreviouslyMisnestedWanxiangManagedBlock]' passed (0.000 seconds).
Test Case '-[KeyboardCoreTests.RimeFuzzyPinyinTests testPostProcessorSkipsSchemaWithoutSpeller]' started.
Test Case '-[KeyboardCoreTests.RimeFuzzyPinyinTests testPostProcessorSkipsSchemaWithoutSpeller]' passed (0.000 seconds).
Test Case '-[KeyboardCoreTests.RimeFuzzyPinyinTests testPostProcessorSkipsUnknownAlgebraMappingInsteadOfProducingInvalidYaml]' started.
Test Case '-[KeyboardCoreTests.RimeFuzzyPinyinTests testPostProcessorSkipsUnknownAlgebraMappingInsteadOfProducingInvalidYaml]' passed (0.000 seconds).
Test Case '-[KeyboardCoreTests.RimeFuzzyPinyinTests testProductDefaultDisablesMasterSwitchAndKeepsGroupPreferences]' started.
Test Case '-[KeyboardCoreTests.RimeFuzzyPinyinTests testProductDefaultDisablesMasterSwitchAndKeepsGroupPreferences]' passed (0.000 seconds).
Test Case '-[KeyboardCoreTests.RimeFuzzyPinyinTests testRuleGeneratorOmitsDisabledGroups]' started.
Test Case '-[KeyboardCoreTests.RimeFuzzyPinyinTests testRuleGeneratorOmitsDisabledGroups]' passed (0.000 seconds).
Test Suite 'RimeFuzzyPinyinTests' passed at 2026-10-01 08:07:25.593.
	 Executed 23 tests, with 0 failures (0 unexpected) in 0.004 (0.006) seconds
Test Suite 'RimeIceSharedDefaultAdapterTests' started at 2026-10-01 08:07:25.593.
Test Case '-[KeyboardCoreTests.RimeIceSharedDefaultAdapterTests testApplyCopiesPresetAndLeavesUpstreamDefault]' started.
Test Case '-[KeyboardCoreTests.RimeIceSharedDefaultAdapterTests testApplyCopiesPresetAndLeavesUpstreamDefault]' passed (0.004 seconds).
Test Case '-[KeyboardCoreTests.RimeIceSharedDefaultAdapterTests testApplyFailsWhenUpstreamDefaultIsMissing]' started.
Test Case '-[KeyboardCoreTests.RimeIceSharedDefaultAdapterTests testApplyFailsWhenUpstreamDefaultIsMissing]' passed (0.001 seconds).
Test Case '-[KeyboardCoreTests.RimeIceSharedDefaultAdapterTests testRewriteChangesIncludeAndImportPresetOnly]' started.
Test Case '-[KeyboardCoreTests.RimeIceSharedDefaultAdapterTests testRewriteChangesIncludeAndImportPresetOnly]' passed (0.000 seconds).
Test Suite 'RimeIceSharedDefaultAdapterTests' passed at 2026-10-01 08:07:25.598.
	 Executed 3 tests, with 0 failures (0 unexpected) in 0.004 (0.005) seconds
Test Suite 'RimeRuntimeRouteReconciliationTests' started at 2026-10-01 08:07:25.598.
Test Case '-[KeyboardCoreTests.RimeRuntimeRouteReconciliationTests testAfterStateResolvesToLunaTwentySixKeyRoute]' started.
Test Case '-[KeyboardCoreTests.RimeRuntimeRouteReconciliationTests testAfterStateResolvesToLunaTwentySixKeyRoute]' passed (0.000 seconds).
Test Case '-[KeyboardCoreTests.RimeRuntimeRouteReconciliationTests testBeforeStatePreservesLegacyAliasAndEveryBindingForRollback]' started.
Test Case '-[KeyboardCoreTests.RimeRuntimeRouteReconciliationTests testBeforeStatePreservesLegacyAliasAndEveryBindingForRollback]' passed (0.000 seconds).
Test Case '-[KeyboardCoreTests.RimeRuntimeRouteReconciliationTests testDuplicateLayoutDescriptorFailsClosed]' started.
Test Case '-[KeyboardCoreTests.RimeRuntimeRouteReconciliationTests testDuplicateLayoutDescriptorFailsClosed]' passed (0.000 seconds).
Test Case '-[KeyboardCoreTests.RimeRuntimeRouteReconciliationTests testDuplicatePreferenceKeyFailsClosed]' started.
Test Case '-[KeyboardCoreTests.RimeRuntimeRouteReconciliationTests testDuplicatePreferenceKeyFailsClosed]' passed (0.000 seconds).
Test Case '-[KeyboardCoreTests.RimeRuntimeRouteReconciliationTests testEffectiveRouteMustBeExplicitlySupportedByItsSlot]' started.
Test Case '-[KeyboardCoreTests.RimeRuntimeRouteReconciliationTests testEffectiveRouteMustBeExplicitlySupportedByItsSlot]' passed (0.000 seconds).
Test Case '-[KeyboardCoreTests.RimeRuntimeRouteReconciliationTests testEmptyDescriptorFailsClosed]' started.
Test Case '-[KeyboardCoreTests.RimeRuntimeRouteReconciliationTests testEmptyDescriptorFailsClosed]' passed (0.000 seconds).
Test Case '-[KeyboardCoreTests.RimeRuntimeRouteReconciliationTests testEmptyRemovedSchemaIsInvalidInputAndNotInactiveUninstall]' started.
Test Case '-[KeyboardCoreTests.RimeRuntimeRouteReconciliationTests testEmptyRemovedSchemaIsInvalidInputAndNotInactiveUninstall]' passed (0.000 seconds).
Test Case '-[KeyboardCoreTests.RimeRuntimeRouteReconciliationTests testFallbackCannotBeTheRemovedSchema]' started.
Test Case '-[KeyboardCoreTests.RimeRuntimeRouteReconciliationTests testFallbackCannotBeTheRemovedSchema]' passed (0.000 seconds).
Test Case '-[KeyboardCoreTests.RimeRuntimeRouteReconciliationTests testFallbackLayoutMustMatchTargetSlot]' started.
Test Case '-[KeyboardCoreTests.RimeRuntimeRouteReconciliationTests testFallbackLayoutMustMatchTargetSlot]' passed (0.000 seconds).
Test Case '-[KeyboardCoreTests.RimeRuntimeRouteReconciliationTests testFallbackTargetSchemaMustBeSupportedByTargetSlot]' started.
Test Case '-[KeyboardCoreTests.RimeRuntimeRouteReconciliationTests testFallbackTargetSchemaMustBeSupportedByTargetSlot]' passed (0.000 seconds).
Test Case '-[KeyboardCoreTests.RimeRuntimeRouteReconciliationTests testInactiveUninstallRouteStopsWithoutChangingBindings]' started.
Test Case '-[KeyboardCoreTests.RimeRuntimeRouteReconciliationTests testInactiveUninstallRouteStopsWithoutChangingBindings]' passed (0.000 seconds).
Test Case '-[KeyboardCoreTests.RimeRuntimeRouteReconciliationTests testNonLunaFallbackIsRejectedByLunaOnlyPolicy]' started.
Test Case '-[KeyboardCoreTests.RimeRuntimeRouteReconciliationTests testNonLunaFallbackIsRejectedByLunaOnlyPolicy]' passed (0.000 seconds).
Test Case '-[KeyboardCoreTests.RimeRuntimeRouteReconciliationTests testReadinessFailClosedMakesIceRemovalInactiveWhenWanxiangIsEffective]' started.
Test Case '-[KeyboardCoreTests.RimeRuntimeRouteReconciliationTests testReadinessFailClosedMakesIceRemovalInactiveWhenWanxiangIsEffective]' passed (0.000 seconds).
Test Case '-[KeyboardCoreTests.RimeRuntimeRouteReconciliationTests testReadinessFailClosedUsesEffectiveTwentySixKeyRouteForActivity]' started.
Test Case '-[KeyboardCoreTests.RimeRuntimeRouteReconciliationTests testReadinessFailClosedUsesEffectiveTwentySixKeyRouteForActivity]' passed (0.000 seconds).
Test Case '-[KeyboardCoreTests.RimeRuntimeRouteReconciliationTests testRemovingActiveIceNineKeyRouteClearsDependenciesAndSelectsLuna]' started.
Test Case '-[KeyboardCoreTests.RimeRuntimeRouteReconciliationTests testRemovingActiveIceNineKeyRouteClearsDependenciesAndSelectsLuna]' passed (0.000 seconds).
Test Case '-[KeyboardCoreTests.RimeRuntimeRouteReconciliationTests testRemovingActiveIceTwentySixKeyRouteClearsDependentNineKeyBinding]' started.
Test Case '-[KeyboardCoreTests.RimeRuntimeRouteReconciliationTests testRemovingActiveIceTwentySixKeyRouteClearsDependentNineKeyBinding]' passed (0.000 seconds).
Test Case '-[KeyboardCoreTests.RimeRuntimeRouteReconciliationTests testRemovingActiveWanxiangPreservesUnrelatedNineKeyBinding]' started.
Test Case '-[KeyboardCoreTests.RimeRuntimeRouteReconciliationTests testRemovingActiveWanxiangPreservesUnrelatedNineKeyBinding]' passed (0.000 seconds).
Test Case '-[KeyboardCoreTests.RimeRuntimeRouteReconciliationTests testUnavailableFallbackFailsClosed]' started.
Test Case '-[KeyboardCoreTests.RimeRuntimeRouteReconciliationTests testUnavailableFallbackFailsClosed]' passed (0.000 seconds).
Test Case '-[KeyboardCoreTests.RimeRuntimeRouteReconciliationTests testUnknownSelectedSlotWithoutFallbackStopsBeforeAnyMutation]' started.
Test Case '-[KeyboardCoreTests.RimeRuntimeRouteReconciliationTests testUnknownSelectedSlotWithoutFallbackStopsBeforeAnyMutation]' passed (0.000 seconds).
Test Suite 'RimeRuntimeRouteReconciliationTests' passed at 2026-10-01 08:07:25.602.
	 Executed 19 tests, with 0 failures (0 unexpected) in 0.003 (0.004) seconds
Test Suite 'RimeSchemeCapabilityMatrixTests' started at 2026-10-01 08:07:25.602.
Test Case '-[KeyboardCoreTests.RimeSchemeCapabilityMatrixTests testFogSupportsFuzzyAndAdvanced]' started.
Test Case '-[KeyboardCoreTests.RimeSchemeCapabilityMatrixTests testFogSupportsFuzzyAndAdvanced]' passed (0.000 seconds).
Test Case '-[KeyboardCoreTests.RimeSchemeCapabilityMatrixTests testLunaSupportsFuzzyOnly]' started.
Test Case '-[KeyboardCoreTests.RimeSchemeCapabilityMatrixTests testLunaSupportsFuzzyOnly]' passed (0.000 seconds).
Test Case '-[KeyboardCoreTests.RimeSchemeCapabilityMatrixTests testSettingsCapabilityUsesNineKeyBindingMappedToFog]' started.
Test Case '-[KeyboardCoreTests.RimeSchemeCapabilityMatrixTests testSettingsCapabilityUsesNineKeyBindingMappedToFog]' passed (0.000 seconds).
Test Case '-[KeyboardCoreTests.RimeSchemeCapabilityMatrixTests testSettingsCapabilityUsesTwentySixKeyBinding]' started.
Test Case '-[KeyboardCoreTests.RimeSchemeCapabilityMatrixTests testSettingsCapabilityUsesTwentySixKeyBinding]' passed (0.000 seconds).
Test Case '-[KeyboardCoreTests.RimeSchemeCapabilityMatrixTests testT9NormalizesToFogCapabilities]' started.
Test Case '-[KeyboardCoreTests.RimeSchemeCapabilityMatrixTests testT9NormalizesToFogCapabilities]' passed (0.000 seconds).
Test Case '-[KeyboardCoreTests.RimeSchemeCapabilityMatrixTests testWanxiangClaimsNeitherManagedFuzzyNorProductAdvanced]' started.
Test Case '-[KeyboardCoreTests.RimeSchemeCapabilityMatrixTests testWanxiangClaimsNeitherManagedFuzzyNorProductAdvanced]' passed (0.000 seconds).
Test Suite 'RimeSchemeCapabilityMatrixTests' passed at 2026-10-01 08:07:25.603.
	 Executed 6 tests, with 0 failures (0 unexpected) in 0.001 (0.001) seconds
Test Suite 'RimeSchemeNativeUsageGuideTests' started at 2026-10-01 08:07:25.603.
Test Case '-[KeyboardCoreTests.RimeSchemeNativeUsageGuideTests testFogTipsMentionBareRq]' started.
Test Case '-[KeyboardCoreTests.RimeSchemeNativeUsageGuideTests testFogTipsMentionBareRq]' passed (0.000 seconds).
Test Case '-[KeyboardCoreTests.RimeSchemeNativeUsageGuideTests testT9UsageFollowsFogFamily]' started.
Test Case '-[KeyboardCoreTests.RimeSchemeNativeUsageGuideTests testT9UsageFollowsFogFamily]' passed (0.000 seconds).
Test Case '-[KeyboardCoreTests.RimeSchemeNativeUsageGuideTests testWanxiangStatusNoteMentionsNativeTriggers]' started.
Test Case '-[KeyboardCoreTests.RimeSchemeNativeUsageGuideTests testWanxiangStatusNoteMentionsNativeTriggers]' passed (0.000 seconds).
Test Case '-[KeyboardCoreTests.RimeSchemeNativeUsageGuideTests testWanxiangTipsMentionSlashOrOPrefixNotBareRqOnly]' started.
Test Case '-[KeyboardCoreTests.RimeSchemeNativeUsageGuideTests testWanxiangTipsMentionSlashOrOPrefixNotBareRqOnly]' passed (0.000 seconds).
Test Suite 'RimeSchemeNativeUsageGuideTests' passed at 2026-10-01 08:07:25.604.
	 Executed 4 tests, with 0 failures (0 unexpected) in 0.001 (0.001) seconds
Test Suite 'RimeSessionDiagnosticTests' started at 2026-10-01 08:07:25.604.
Test Case '-[KeyboardCoreTests.RimeSessionDiagnosticTests testProtocolExistentialUsesConcreteSessionSnapshot]' started.
Test Case '-[KeyboardCoreTests.RimeSessionDiagnosticTests testProtocolExistentialUsesConcreteSessionSnapshot]' passed (0.000 seconds).
Test Suite 'RimeSessionDiagnosticTests' passed at 2026-10-01 08:07:25.604.
	 Executed 1 test, with 0 failures (0 unexpected) in 0.000 (0.000) seconds
Test Suite 'RimeUserDictionarySettingsTests' started at 2026-10-01 08:07:25.604.
Test Case '-[KeyboardCoreTests.RimeUserDictionarySettingsTests testDefaultsEnableBuiltInPinyinSchemas]' started.
Test Case '-[KeyboardCoreTests.RimeUserDictionarySettingsTests testDefaultsEnableBuiltInPinyinSchemas]' passed (0.000 seconds).
Test Case '-[KeyboardCoreTests.RimeUserDictionarySettingsTests testDeploymentSignatureCapturesBothSchemas]' started.
Test Case '-[KeyboardCoreTests.RimeUserDictionarySettingsTests testDeploymentSignatureCapturesBothSchemas]' passed (0.000 seconds).
Test Case '-[KeyboardCoreTests.RimeUserDictionarySettingsTests testSchemaSpecificSwitchesAreIndependent]' started.
Test Case '-[KeyboardCoreTests.RimeUserDictionarySettingsTests testSchemaSpecificSwitchesAreIndependent]' passed (0.000 seconds).
Test Suite 'RimeUserDictionarySettingsTests' passed at 2026-10-01 08:07:25.605.
	 Executed 3 tests, with 0 failures (0 unexpected) in 0.000 (0.001) seconds
Test Suite 'RimeWanxiangSharedDefaultAdapterTests' started at 2026-10-01 08:07:25.605.
Test Case '-[KeyboardCoreTests.RimeWanxiangSharedDefaultAdapterTests testApplyCopiesPresetAndLeavesUpstreamDefault]' started.
Test Case '-[KeyboardCoreTests.RimeWanxiangSharedDefaultAdapterTests testApplyCopiesPresetAndLeavesUpstreamDefault]' passed (0.003 seconds).
Test Case '-[KeyboardCoreTests.RimeWanxiangSharedDefaultAdapterTests testApplyFailsWhenUpstreamDefaultIsMissing]' started.
Test Case '-[KeyboardCoreTests.RimeWanxiangSharedDefaultAdapterTests testApplyFailsWhenUpstreamDefaultIsMissing]' passed (0.000 seconds).
Test Case '-[KeyboardCoreTests.RimeWanxiangSharedDefaultAdapterTests testRewriteChangesIncludeAndImportPresetOnly]' started.
Test Case '-[KeyboardCoreTests.RimeWanxiangSharedDefaultAdapterTests testRewriteChangesIncludeAndImportPresetOnly]' passed (0.000 seconds).
Test Suite 'RimeWanxiangSharedDefaultAdapterTests' passed at 2026-10-01 08:07:25.609.
	 Executed 3 tests, with 0 failures (0 unexpected) in 0.004 (0.004) seconds
Test Suite 'SchemeAdapterRegistryTests' started at 2026-10-01 08:07:25.609.
Test Case '-[KeyboardCoreTests.SchemeAdapterRegistryTests testApplySharedDefaultPostExtractRoutesIceAndWanxiangPresets]' started.
Test Case '-[KeyboardCoreTests.SchemeAdapterRegistryTests testApplySharedDefaultPostExtractRoutesIceAndWanxiangPresets]' passed (0.003 seconds).
Test Case '-[KeyboardCoreTests.SchemeAdapterRegistryTests testCapabilityHonestyMatchesCapabilityMatrix]' started.
Test Case '-[KeyboardCoreTests.SchemeAdapterRegistryTests testCapabilityHonestyMatchesCapabilityMatrix]' passed (0.000 seconds).
Test Case '-[KeyboardCoreTests.SchemeAdapterRegistryTests testFamilySupportsNineKeyPreservesIceLetterMigrationAnswers]' started.
Test Case '-[KeyboardCoreTests.SchemeAdapterRegistryTests testFamilySupportsNineKeyPreservesIceLetterMigrationAnswers]' passed (0.000 seconds).
Test Case '-[KeyboardCoreTests.SchemeAdapterRegistryTests testIceAdapterMirrorsTodaysHardcodes]' started.
Test Case '-[KeyboardCoreTests.SchemeAdapterRegistryTests testIceAdapterMirrorsTodaysHardcodes]' passed (0.000 seconds).
Test Case '-[KeyboardCoreTests.SchemeAdapterRegistryTests testLookupReturnsWanxiangAndLuna]' started.
Test Case '-[KeyboardCoreTests.SchemeAdapterRegistryTests testLookupReturnsWanxiangAndLuna]' passed (0.000 seconds).
Test Case '-[KeyboardCoreTests.SchemeAdapterRegistryTests testLunaAdapterMirrorsTodaysHardcodes]' started.
Test Case '-[KeyboardCoreTests.SchemeAdapterRegistryTests testLunaAdapterMirrorsTodaysHardcodes]' passed (0.000 seconds).
Test Case '-[KeyboardCoreTests.SchemeAdapterRegistryTests testNineKeyCapableRoutesThroughLayoutCapability]' started.
Test Case '-[KeyboardCoreTests.SchemeAdapterRegistryTests testNineKeyCapableRoutesThroughLayoutCapability]' passed (0.000 seconds).
Test Case '-[KeyboardCoreTests.SchemeAdapterRegistryTests testPostProcessingRevisionMirrorsTodaysSwitch]' started.
Test Case '-[KeyboardCoreTests.SchemeAdapterRegistryTests testPostProcessingRevisionMirrorsTodaysSwitch]' passed (0.000 seconds).
Test Case '-[KeyboardCoreTests.SchemeAdapterRegistryTests testResourceCapabilityRoutesOwnershipHonesty]' started.
Test Case '-[KeyboardCoreTests.SchemeAdapterRegistryTests testResourceCapabilityRoutesOwnershipHonesty]' passed (0.000 seconds).
Test Case '-[KeyboardCoreTests.SchemeAdapterRegistryTests testSetSchemeBinding9RejectsNonCapableIDs]' started.
Test Case '-[KeyboardCoreTests.SchemeAdapterRegistryTests testSetSchemeBinding9RejectsNonCapableIDs]' passed (0.002 seconds).
Test Case '-[KeyboardCoreTests.SchemeAdapterRegistryTests testSharedDefaultApplicatorRoutesIceAndWanxiangPrivatePreset]' started.
Test Case '-[KeyboardCoreTests.SchemeAdapterRegistryTests testSharedDefaultApplicatorRoutesIceAndWanxiangPrivatePreset]' passed (0.000 seconds).
Test Case '-[KeyboardCoreTests.SchemeAdapterRegistryTests testT9LookupResolvesToIceFamilyAdapter]' started.
Test Case '-[KeyboardCoreTests.SchemeAdapterRegistryTests testT9LookupResolvesToIceFamilyAdapter]' passed (0.000 seconds).
Test Case '-[KeyboardCoreTests.SchemeAdapterRegistryTests testTwentySixKeyCapableRoutesThroughLayoutCapability]' started.
Test Case '-[KeyboardCoreTests.SchemeAdapterRegistryTests testTwentySixKeyCapableRoutesThroughLayoutCapability]' passed (0.000 seconds).
Test Case '-[KeyboardCoreTests.SchemeAdapterRegistryTests testUninstallHooksIceLayoutFallbackOnly]' started.
Test Case '-[KeyboardCoreTests.SchemeAdapterRegistryTests testUninstallHooksIceLayoutFallbackOnly]' passed (0.000 seconds).
Test Case '-[KeyboardCoreTests.SchemeAdapterRegistryTests testWanxiangAdapterMirrorsTodaysHardcodes]' started.
Test Case '-[KeyboardCoreTests.SchemeAdapterRegistryTests testWanxiangAdapterMirrorsTodaysHardcodes]' passed (0.000 seconds).
Test Suite 'SchemeAdapterRegistryTests' passed at 2026-10-01 08:07:25.617.
	 Executed 15 tests, with 0 failures (0 unexpected) in 0.007 (0.008) seconds
Test Suite 'SchemePostExtractHooksTests' started at 2026-10-01 08:07:25.617.
Test Case '-[KeyboardCoreTests.SchemePostExtractHooksTests testPostExtractHooksIceOnly]' started.
Test Case '-[KeyboardCoreTests.SchemePostExtractHooksTests testPostExtractHooksIceOnly]' passed (0.000 seconds).
Test Suite 'SchemePostExtractHooksTests' passed at 2026-10-01 08:07:25.617.
	 Executed 1 test, with 0 failures (0 unexpected) in 0.000 (0.000) seconds
Test Suite 'SchemeUninstallHooksTests' started at 2026-10-01 08:07:25.617.
Test Case '-[KeyboardCoreTests.SchemeUninstallHooksTests testIceUninstallLayoutFallbackForcesTwentySixKeyAndInvalidatesReadiness]' started.
Test Case '-[KeyboardCoreTests.SchemeUninstallHooksTests testIceUninstallLayoutFallbackForcesTwentySixKeyAndInvalidatesReadiness]' passed (0.002 seconds).
Test Case '-[KeyboardCoreTests.SchemeUninstallHooksTests testPrepareUninstallLayoutFallbackRoutesIceAndNoopsWanxiang]' started.
Test Case '-[KeyboardCoreTests.SchemeUninstallHooksTests testPrepareUninstallLayoutFallbackRoutesIceAndNoopsWanxiang]' passed (0.002 seconds).
Test Case '-[KeyboardCoreTests.SchemeUninstallHooksTests testUninstallHooksIceOnly]' started.
Test Case '-[KeyboardCoreTests.SchemeUninstallHooksTests testUninstallHooksIceOnly]' passed (0.000 seconds).
Test Suite 'SchemeUninstallHooksTests' passed at 2026-10-01 08:07:25.621.
	 Executed 3 tests, with 0 failures (0 unexpected) in 0.004 (0.004) seconds
Test Suite 'ShiftStateTests' started at 2026-10-01 08:07:25.621.
Test Case '-[KeyboardCoreTests.ShiftStateTests testCapsLockPersistence]' started.
Test Case '-[KeyboardCoreTests.ShiftStateTests testCapsLockPersistence]' passed (0.000 seconds).
Test Case '-[KeyboardCoreTests.ShiftStateTests testConsumeSingleUseAfterKeyInsert]' started.
Test Case '-[KeyboardCoreTests.ShiftStateTests testConsumeSingleUseAfterKeyInsert]' passed (0.000 seconds).
Test Case '-[KeyboardCoreTests.ShiftStateTests testConsumeSingleUseDoesNotFireWhenOff]' started.
Test Case '-[KeyboardCoreTests.ShiftStateTests testConsumeSingleUseDoesNotFireWhenOff]' passed (0.000 seconds).
Test Case '-[KeyboardCoreTests.ShiftStateTests testDoubleTapEntersCapsLock]' started.
Test Case '-[KeyboardCoreTests.ShiftStateTests testDoubleTapEntersCapsLock]' passed (0.000 seconds).
Test Case '-[KeyboardCoreTests.ShiftStateTests testInitialShiftStateIsOff]' started.
Test Case '-[KeyboardCoreTests.ShiftStateTests testInitialShiftStateIsOff]' passed (0.000 seconds).
Test Case '-[KeyboardCoreTests.ShiftStateTests testRapidShiftToggle]' started.
Test Case '-[KeyboardCoreTests.ShiftStateTests testRapidShiftToggle]' passed (0.000 seconds).
Test Case '-[KeyboardCoreTests.ShiftStateTests testResetShiftState]' started.
Test Case '-[KeyboardCoreTests.ShiftStateTests testResetShiftState]' passed (0.000 seconds).
Test Case '-[KeyboardCoreTests.ShiftStateTests testShiftDuringComposition]' started.
Test Case '-[KeyboardCoreTests.ShiftStateTests testShiftDuringComposition]' passed (0.000 seconds).
Test Case '-[KeyboardCoreTests.ShiftStateTests testSingleTapTurnsOffCapsLock]' started.
Test Case '-[KeyboardCoreTests.ShiftStateTests testSingleTapTurnsOffCapsLock]' passed (0.000 seconds).
Test Case '-[KeyboardCoreTests.ShiftStateTests testSingleTapTurnsOffSingleUse]' started.
Test Case '-[KeyboardCoreTests.ShiftStateTests testSingleTapTurnsOffSingleUse]' passed (0.000 seconds).
Test Case '-[KeyboardCoreTests.ShiftStateTests testSingleTapTurnsOnSingleUse]' started.
Test Case '-[KeyboardCoreTests.ShiftStateTests testSingleTapTurnsOnSingleUse]' passed (0.000 seconds).
Test Case '-[KeyboardCoreTests.ShiftStateTests testSlowDoubleTapDoesNotEnterCapsLock]' started.
Test Case '-[KeyboardCoreTests.ShiftStateTests testSlowDoubleTapDoesNotEnterCapsLock]' passed (0.000 seconds).
Test Suite 'ShiftStateTests' passed at 2026-10-01 08:07:25.624.
	 Executed 12 tests, with 0 failures (0 unexpected) in 0.002 (0.003) seconds
Test Suite 'SpaceReturnTests' started at 2026-10-01 08:07:25.624.
Test Case '-[KeyboardCoreTests.SpaceReturnTests testConsecutiveReturns]' started.
Test Case '-[KeyboardCoreTests.SpaceReturnTests testConsecutiveReturns]' passed (0.000 seconds).
Test Case '-[KeyboardCoreTests.SpaceReturnTests testConsecutiveSpaces]' started.
Test Case '-[KeyboardCoreTests.SpaceReturnTests testConsecutiveSpaces]' passed (0.000 seconds).
Test Case '-[KeyboardCoreTests.SpaceReturnTests testDoubleSpaceDisabledInChinese]' started.
Test Case '-[KeyboardCoreTests.SpaceReturnTests testDoubleSpaceDisabledInChinese]' passed (0.000 seconds).
Test Case '-[KeyboardCoreTests.SpaceReturnTests testDoubleSpaceDisabledOnNumbersPage]' started.
Test Case '-[KeyboardCoreTests.SpaceReturnTests testDoubleSpaceDisabledOnNumbersPage]' passed (0.000 seconds).
Test Case '-[KeyboardCoreTests.SpaceReturnTests testDoubleSpaceNotTriggeredWhenTooSlow]' started.
Test Case '-[KeyboardCoreTests.SpaceReturnTests testDoubleSpaceNotTriggeredWhenTooSlow]' passed (0.000 seconds).
Test Case '-[KeyboardCoreTests.SpaceReturnTests testDoubleSpacePeriodInEnglish]' started.
Test Case '-[KeyboardCoreTests.SpaceReturnTests testDoubleSpacePeriodInEnglish]' passed (0.000 seconds).
Test Case '-[KeyboardCoreTests.SpaceReturnTests testDoubleSpaceResetsAfterCompositionSpace]' started.
Test Case '-[KeyboardCoreTests.SpaceReturnTests testDoubleSpaceResetsAfterCompositionSpace]' passed (0.000 seconds).
Test Case '-[KeyboardCoreTests.SpaceReturnTests testDoubleSpaceWithCompositionNotTriggered]' started.
Test Case '-[KeyboardCoreTests.SpaceReturnTests testDoubleSpaceWithCompositionNotTriggered]' passed (0.000 seconds).
Test Case '-[KeyboardCoreTests.SpaceReturnTests testInsertReturnReturnsCorrectEffect]' started.
Test Case '-[KeyboardCoreTests.SpaceReturnTests testInsertReturnReturnsCorrectEffect]' passed (0.000 seconds).
Test Case '-[KeyboardCoreTests.SpaceReturnTests testInsertReturnWithCompositionEffect]' started.
Test Case '-[KeyboardCoreTests.SpaceReturnTests testInsertReturnWithCompositionEffect]' passed (0.000 seconds).
Test Case '-[KeyboardCoreTests.SpaceReturnTests testInsertSpaceReturnsCorrectEffect]' started.
Test Case '-[KeyboardCoreTests.SpaceReturnTests testInsertSpaceReturnsCorrectEffect]' passed (0.000 seconds).
Test Case '-[KeyboardCoreTests.SpaceReturnTests testReturnInEnglishMode]' started.
Test Case '-[KeyboardCoreTests.SpaceReturnTests testReturnInEnglishMode]' passed (0.000 seconds).
Test Case '-[KeyboardCoreTests.SpaceReturnTests testReturnWithCompositionCommitsRaw]' started.
Test Case '-[KeyboardCoreTests.SpaceReturnTests testReturnWithCompositionCommitsRaw]' passed (0.000 seconds).
Test Case '-[KeyboardCoreTests.SpaceReturnTests testReturnWithEmptyCompositionInsertsNewline]' started.
Test Case '-[KeyboardCoreTests.SpaceReturnTests testReturnWithEmptyCompositionInsertsNewline]' passed (0.000 seconds).
Test Case '-[KeyboardCoreTests.SpaceReturnTests testReturnWithoutCompositionInsertsNewline]' started.
Test Case '-[KeyboardCoreTests.SpaceReturnTests testReturnWithoutCompositionInsertsNewline]' passed (0.000 seconds).
Test Case '-[KeyboardCoreTests.SpaceReturnTests testSpaceAfterTextPreservesContext]' started.
Test Case '-[KeyboardCoreTests.SpaceReturnTests testSpaceAfterTextPreservesContext]' passed (0.000 seconds).
Test Case '-[KeyboardCoreTests.SpaceReturnTests testSpaceInEnglishModeInsertsSpace]' started.
Test Case '-[KeyboardCoreTests.SpaceReturnTests testSpaceInEnglishModeInsertsSpace]' passed (0.000 seconds).
Test Case '-[KeyboardCoreTests.SpaceReturnTests testSpaceWithCompositionCommitsFirst]' started.
Test Case '-[KeyboardCoreTests.SpaceReturnTests testSpaceWithCompositionCommitsFirst]' passed (0.000 seconds).
Test Case '-[KeyboardCoreTests.SpaceReturnTests testSpaceWithoutCompositionInsertsSpace]' started.
Test Case '-[KeyboardCoreTests.SpaceReturnTests testSpaceWithoutCompositionInsertsSpace]' passed (0.000 seconds).
Test Suite 'SpaceReturnTests' passed at 2026-10-01 08:07:25.628.
	 Executed 19 tests, with 0 failures (0 unexpected) in 0.003 (0.004) seconds
Test Suite 'SymbolPageTests' started at 2026-10-01 08:07:25.628.
Test Case '-[KeyboardCoreTests.SymbolPageTests testAllKeyboardActionsDefined]' started.
Test Case '-[KeyboardCoreTests.SymbolPageTests testAllKeyboardActionsDefined]' passed (0.000 seconds).
Test Case '-[KeyboardCoreTests.SymbolPageTests testAllPagesExist]' started.
Test Case '-[KeyboardCoreTests.SymbolPageTests testAllPagesExist]' passed (0.000 seconds).
Test Case '-[KeyboardCoreTests.SymbolPageTests testCandidatePageActionsAreEquatable]' started.
Test Case '-[KeyboardCoreTests.SymbolPageTests testCandidatePageActionsAreEquatable]' passed (0.000 seconds).
Test Case '-[KeyboardCoreTests.SymbolPageTests testChineseToEnglishFromEmojiPage]' started.
Test Case '-[KeyboardCoreTests.SymbolPageTests testChineseToEnglishFromEmojiPage]' passed (0.000 seconds).
Test Case '-[KeyboardCoreTests.SymbolPageTests testChineseToEnglishFromLettersPage]' started.
Test Case '-[KeyboardCoreTests.SymbolPageTests testChineseToEnglishFromLettersPage]' passed (0.000 seconds).
Test Case '-[KeyboardCoreTests.SymbolPageTests testChineseToEnglishFromNumbersPage]' started.
Test Case '-[KeyboardCoreTests.SymbolPageTests testChineseToEnglishFromNumbersPage]' passed (0.000 seconds).
Test Case '-[KeyboardCoreTests.SymbolPageTests testChineseToEnglishFromSymbolsPage]' started.
Test Case '-[KeyboardCoreTests.SymbolPageTests testChineseToEnglishFromSymbolsPage]' passed (0.000 seconds).
Test Case '-[KeyboardCoreTests.SymbolPageTests testEnglishToChineseFromSymbolsPage]' started.
Test Case '-[KeyboardCoreTests.SymbolPageTests testEnglishToChineseFromSymbolsPage]' passed (0.000 seconds).
Test Case '-[KeyboardCoreTests.SymbolPageTests testModeSwitchFromEmojiCommitsComposition]' started.
Test Case '-[KeyboardCoreTests.SymbolPageTests testModeSwitchFromEmojiCommitsComposition]' passed (0.000 seconds).
Test Case '-[KeyboardCoreTests.SymbolPageTests testModeSwitchFromSymbolsCommitsComposition]' started.
Test Case '-[KeyboardCoreTests.SymbolPageTests testModeSwitchFromSymbolsCommitsComposition]' passed (0.000 seconds).
Test Case '-[KeyboardCoreTests.SymbolPageTests testModeSwitchWithRimeEngineFromSymbols]' started.
Test Case '-[KeyboardCoreTests.SymbolPageTests testModeSwitchWithRimeEngineFromSymbols]' passed (0.000 seconds).
Test Case '-[KeyboardCoreTests.SymbolPageTests testPageEquality]' started.
Test Case '-[KeyboardCoreTests.SymbolPageTests testPageEquality]' passed (0.000 seconds).
Test Case '-[KeyboardCoreTests.SymbolPageTests testToggleModeFromSymbolsReturnsBothEffects]' started.
Test Case '-[KeyboardCoreTests.SymbolPageTests testToggleModeFromSymbolsReturnsBothEffects]' passed (0.000 seconds).
Test Suite 'SymbolPageTests' passed at 2026-10-01 08:07:25.631.
	 Executed 13 tests, with 0 failures (0 unexpected) in 0.002 (0.003) seconds
Test Suite 'T9AutoAnchorRetryShadowAnalyzerTests' started at 2026-10-01 08:07:25.631.
Test Case '-[KeyboardCoreTests.T9AutoAnchorRetryShadowAnalyzerTests testControllerObserverRequiresRejectedPhaseAndPureLiveRaw]' started.
Test Case '-[KeyboardCoreTests.T9AutoAnchorRetryShadowAnalyzerTests testControllerObserverRequiresRejectedPhaseAndPureLiveRaw]' passed (0.000 seconds).
Test Case '-[KeyboardCoreTests.T9AutoAnchorRetryShadowAnalyzerTests testLaterEligibleSnapshotReportsProposalWithoutMutation]' started.
Test Case '-[KeyboardCoreTests.T9AutoAnchorRetryShadowAnalyzerTests testLaterEligibleSnapshotReportsProposalWithoutMutation]' passed (0.001 seconds).
Test Case '-[KeyboardCoreTests.T9AutoAnchorRetryShadowAnalyzerTests testLaterIneligibleSnapshotReportsCountsOnly]' started.
Test Case '-[KeyboardCoreTests.T9AutoAnchorRetryShadowAnalyzerTests testLaterIneligibleSnapshotReportsCountsOnly]' passed (0.000 seconds).
Test Case '-[KeyboardCoreTests.T9AutoAnchorRetryShadowAnalyzerTests testObserverStartsOnlyAfterRejectedSourceLength]' started.
Test Case '-[KeyboardCoreTests.T9AutoAnchorRetryShadowAnalyzerTests testObserverStartsOnlyAfterRejectedSourceLength]' passed (0.000 seconds).
Test Suite 'T9AutoAnchorRetryShadowAnalyzerTests' passed at 2026-10-01 08:07:25.633.
	 Executed 4 tests, with 0 failures (0 unexpected) in 0.001 (0.001) seconds
Test Suite 'T9CompositionIdentityTests' started at 2026-10-01 08:07:25.633.
Test Case '-[KeyboardCoreTests.T9CompositionIdentityTests testAfterPartialCommitUnchangedMixedRawFailsClosed]' started.
Test Case '-[KeyboardCoreTests.T9CompositionIdentityTests testAfterPartialCommitUnchangedMixedRawFailsClosed]' passed (0.000 seconds).
Test Case '-[KeyboardCoreTests.T9CompositionIdentityTests testAfterPathLedgerPeelFourSyllablesLeavesWoTail]' started.
Test Case '-[KeyboardCoreTests.T9CompositionIdentityTests testAfterPathLedgerPeelFourSyllablesLeavesWoTail]' passed (0.000 seconds).
Test Case '-[KeyboardCoreTests.T9CompositionIdentityTests testAfterPathLedgerPeelRejectsCatalogMismatch]' started.
Test Case '-[KeyboardCoreTests.T9CompositionIdentityTests testAfterPathLedgerPeelRejectsCatalogMismatch]' passed (0.000 seconds).
Test Case '-[KeyboardCoreTests.T9CompositionIdentityTests testAfterPathLedgerPeelRejectsConsumingEntireSource]' started.
Test Case '-[KeyboardCoreTests.T9CompositionIdentityTests testAfterPathLedgerPeelRejectsConsumingEntireSource]' passed (0.000 seconds).
Test Case '-[KeyboardCoreTests.T9CompositionIdentityTests testAfterPathLedgerPeelRejectsEmptyConfirmed]' started.
Test Case '-[KeyboardCoreTests.T9CompositionIdentityTests testAfterPathLedgerPeelRejectsEmptyConfirmed]' passed (0.000 seconds).
Test Case '-[KeyboardCoreTests.T9CompositionIdentityTests testAfterPathLedgerPeelRejectsPeelBeyondConfirmed]' started.
Test Case '-[KeyboardCoreTests.T9CompositionIdentityTests testAfterPathLedgerPeelRejectsPeelBeyondConfirmed]' passed (0.000 seconds).
Test Case '-[KeyboardCoreTests.T9CompositionIdentityTests testAfterPathLedgerPeelSingleSyllableDeviceB]' started.
Test Case '-[KeyboardCoreTests.T9CompositionIdentityTests testAfterPathLedgerPeelSingleSyllableDeviceB]' passed (0.000 seconds).
Test Case '-[KeyboardCoreTests.T9CompositionIdentityTests testAfterPathLedgerPeelTwoSyllables]' started.
Test Case '-[KeyboardCoreTests.T9CompositionIdentityTests testAfterPathLedgerPeelTwoSyllables]' passed (0.000 seconds).
Test Case '-[KeyboardCoreTests.T9CompositionIdentityTests testPathLedgerPeelCountUsesCJKAsStepOnly]' started.
Test Case '-[KeyboardCoreTests.T9CompositionIdentityTests testPathLedgerPeelCountUsesCJKAsStepOnly]' passed (0.000 seconds).
Test Suite 'T9CompositionIdentityTests' passed at 2026-10-01 08:07:25.635.
	 Executed 9 tests, with 0 failures (0 unexpected) in 0.001 (0.002) seconds
Test Suite 'T9ControllerSemanticsTests' started at 2026-10-01 08:07:25.635.
Test Case '-[KeyboardCoreTests.T9ControllerSemanticsTests testIdenticalDigitsUseT9PolicyOnlyWhenSemanticsEnabled]' started.
Test Case '-[KeyboardCoreTests.T9ControllerSemanticsTests testIdenticalDigitsUseT9PolicyOnlyWhenSemanticsEnabled]' passed (0.000 seconds).
Test Case '-[KeyboardCoreTests.T9ControllerSemanticsTests testLanguageToggleAbandonsOnlyUnderT9Semantics]' started.
Test Case '-[KeyboardCoreTests.T9ControllerSemanticsTests testLanguageToggleAbandonsOnlyUnderT9Semantics]' passed (0.000 seconds).
Test Case '-[KeyboardCoreTests.T9ControllerSemanticsTests testTypoCorrectionSuppressedOnlyForT9Semantics]' started.
Test Case '-[KeyboardCoreTests.T9ControllerSemanticsTests testTypoCorrectionSuppressedOnlyForT9Semantics]' passed (0.000 seconds).
Test Suite 'T9ControllerSemanticsTests' passed at 2026-10-01 08:07:25.635.
	 Executed 3 tests, with 0 failures (0 unexpected) in 0.000 (0.001) seconds
Test Suite 'T9HostPreeditSafetyTests' started at 2026-10-01 08:07:25.635.
Test Case '-[KeyboardCoreTests.T9HostPreeditSafetyTests testCompositionProjectionRejectsEveryTransientInternalDigitWrite]' started.
Test Case '-[KeyboardCoreTests.T9HostPreeditSafetyTests testCompositionProjectionRejectsEveryTransientInternalDigitWrite]' passed (0.000 seconds).
Test Case '-[KeyboardCoreTests.T9HostPreeditSafetyTests testConfirmedNumericCandidateAndExplicitNumberSuffixRemainVisible]' started.
Test Case '-[KeyboardCoreTests.T9HostPreeditSafetyTests testConfirmedNumericCandidateAndExplicitNumberSuffixRemainVisible]' passed (0.000 seconds).
Test Case '-[KeyboardCoreTests.T9HostPreeditSafetyTests testDigitBearingCandidateCommitRemainsAllowed]' started.
Test Case '-[KeyboardCoreTests.T9HostPreeditSafetyTests testDigitBearingCandidateCommitRemainsAllowed]' passed (0.000 seconds).
Test Case '-[KeyboardCoreTests.T9HostPreeditSafetyTests testRuntimeFailClosedReturnUsesLastSafeProjectionInsteadOfT9Raw]' started.
Test Case '-[KeyboardCoreTests.T9HostPreeditSafetyTests testRuntimeFailClosedReturnUsesLastSafeProjectionInsteadOfT9Raw]' passed (0.000 seconds).
Test Case '-[KeyboardCoreTests.T9HostPreeditSafetyTests testRuntimeFailClosedSymbolNeverCommitsCandidateLessT9Raw]' started.
Test Case '-[KeyboardCoreTests.T9HostPreeditSafetyTests testRuntimeFailClosedSymbolNeverCommitsCandidateLessT9Raw]' passed (0.000 seconds).
Test Case '-[KeyboardCoreTests.T9HostPreeditSafetyTests testUnexpectedDigitBearingEngineCommitFailsClosed]' started.
Test Case '-[KeyboardCoreTests.T9HostPreeditSafetyTests testUnexpectedDigitBearingEngineCommitFailsClosed]' passed (0.000 seconds).
Test Suite 'T9HostPreeditSafetyTests' passed at 2026-10-01 08:07:25.637.
	 Executed 6 tests, with 0 failures (0 unexpected) in 0.001 (0.001) seconds
Test Suite 'T9IdlePathHintPolicyTests' started at 2026-10-01 08:07:25.637.
Test Case '-[KeyboardCoreTests.T9IdlePathHintPolicyTests testNeverShowsIdleEducationCopy]' started.
Test Case '-[KeyboardCoreTests.T9IdlePathHintPolicyTests testNeverShowsIdleEducationCopy]' passed (0.000 seconds).
Test Suite 'T9IdlePathHintPolicyTests' passed at 2026-10-01 08:07:25.637.
	 Executed 1 test, with 0 failures (0 unexpected) in 0.000 (0.000) seconds
Test Suite 'T9PendingPunctuationTests' started at 2026-10-01 08:07:25.637.
Test Case '-[KeyboardCoreTests.T9PendingPunctuationTests testAcceptingPendingRefreshesContinuationFromLeftover]' started.
Test Case '-[KeyboardCoreTests.T9PendingPunctuationTests testAcceptingPendingRefreshesContinuationFromLeftover]' passed (0.000 seconds).
Test Case '-[KeyboardCoreTests.T9PendingPunctuationTests testCandidateReplacesPendingAndDisarmsCycle]' started.
Test Case '-[KeyboardCoreTests.T9PendingPunctuationTests testCandidateReplacesPendingAndDisarmsCycle]' passed (0.000 seconds).
Test Case '-[KeyboardCoreTests.T9PendingPunctuationTests testCompositionCommitsFirstCandidateThenPendingComma]' started.
Test Case '-[KeyboardCoreTests.T9PendingPunctuationTests testCompositionCommitsFirstCandidateThenPendingComma]' passed (0.000 seconds).
Test Case '-[KeyboardCoreTests.T9PendingPunctuationTests testCompositionWithoutCandidatesRejectsKey]' started.
Test Case '-[KeyboardCoreTests.T9PendingPunctuationTests testCompositionWithoutCandidatesRejectsKey]' passed (0.000 seconds).
Test Case '-[KeyboardCoreTests.T9PendingPunctuationTests testDeleteRemovesOnlyPendingSpan]' started.
Test Case '-[KeyboardCoreTests.T9PendingPunctuationTests testDeleteRemovesOnlyPendingSpan]' passed (0.000 seconds).
Test Case '-[KeyboardCoreTests.T9PendingPunctuationTests testExpandedCatalogIncludesCurrentPending]' started.
Test Case '-[KeyboardCoreTests.T9PendingPunctuationTests testExpandedCatalogIncludesCurrentPending]' passed (0.000 seconds).
Test Case '-[KeyboardCoreTests.T9PendingPunctuationTests testExternalDocumentChangeDropsOwnershipWithoutDeleting]' started.
Test Case '-[KeyboardCoreTests.T9PendingPunctuationTests testExternalDocumentChangeDropsOwnershipWithoutDeleting]' passed (0.000 seconds).
Test Case '-[KeyboardCoreTests.T9PendingPunctuationTests testFirstPressInsertsPendingCommaAndPalette]' started.
Test Case '-[KeyboardCoreTests.T9PendingPunctuationTests testFirstPressInsertsPendingCommaAndPalette]' passed (0.000 seconds).
Test Case '-[KeyboardCoreTests.T9PendingPunctuationTests testLetterKeyAcceptsThenStartsComposition]' started.
Test Case '-[KeyboardCoreTests.T9PendingPunctuationTests testLetterKeyAcceptsThenStartsComposition]' passed (0.000 seconds).
Test Case '-[KeyboardCoreTests.T9PendingPunctuationTests testPageSwitchAcceptsPending]' started.
Test Case '-[KeyboardCoreTests.T9PendingPunctuationTests testPageSwitchAcceptsPending]' passed (0.000 seconds).
Test Case '-[KeyboardCoreTests.T9PendingPunctuationTests testPairCompletionDisabledInsertsOpenerOnly]' started.
Test Case '-[KeyboardCoreTests.T9PendingPunctuationTests testPairCompletionDisabledInsertsOpenerOnly]' passed (0.000 seconds).
Test Case '-[KeyboardCoreTests.T9PendingPunctuationTests testPairedOpenerDeleteRemovesBothSides]' started.
Test Case '-[KeyboardCoreTests.T9PendingPunctuationTests testPairedOpenerDeleteRemovesBothSides]' passed (0.000 seconds).
Test Case '-[KeyboardCoreTests.T9PendingPunctuationTests testPairedOpenerTracksBothSidesAndReplacesCleanly]' started.
Test Case '-[KeyboardCoreTests.T9PendingPunctuationTests testPairedOpenerTracksBothSidesAndReplacesCleanly]' passed (0.000 seconds).
Test Case '-[KeyboardCoreTests.T9PendingPunctuationTests testProvisionalAheadRejectsPunctuationKeyAndKeepsComposition]' started.
Test Case '-[KeyboardCoreTests.T9PendingPunctuationTests testProvisionalAheadRejectsPunctuationKeyAndKeepsComposition]' passed (0.000 seconds).
Test Case '-[KeyboardCoreTests.T9PendingPunctuationTests testPunctuationCandidateAfterLosingSpanDoesNotAppend]' started.
Test Case '-[KeyboardCoreTests.T9PendingPunctuationTests testPunctuationCandidateAfterLosingSpanDoesNotAppend]' passed (0.000 seconds).
Test Case '-[KeyboardCoreTests.T9PendingPunctuationTests testPunctuationCandidateWithoutPendingDoesNotAppend]' started.
Test Case '-[KeyboardCoreTests.T9PendingPunctuationTests testPunctuationCandidateWithoutPendingDoesNotAppend]' passed (0.000 seconds).
Test Case '-[KeyboardCoreTests.T9PendingPunctuationTests testReturnAndEnglishToggleAcceptPending]' started.
Test Case '-[KeyboardCoreTests.T9PendingPunctuationTests testReturnAndEnglishToggleAcceptPending]' passed (0.000 seconds).
Test Case '-[KeyboardCoreTests.T9PendingPunctuationTests testSameKeyAfterTimeoutStartsNewComma]' started.
Test Case '-[KeyboardCoreTests.T9PendingPunctuationTests testSameKeyAfterTimeoutStartsNewComma]' passed (0.000 seconds).
Test Case '-[KeyboardCoreTests.T9PendingPunctuationTests testSameKeyCyclesWithinOneSecondAndWraps]' started.
Test Case '-[KeyboardCoreTests.T9PendingPunctuationTests testSameKeyCyclesWithinOneSecondAndWraps]' passed (0.000 seconds).
Test Case '-[KeyboardCoreTests.T9PendingPunctuationTests testSpaceAcceptsThenInsertsSpace]' started.
Test Case '-[KeyboardCoreTests.T9PendingPunctuationTests testSpaceAcceptsThenInsertsSpace]' passed (0.000 seconds).
Test Case '-[KeyboardCoreTests.T9PendingPunctuationTests testStaleAheadPunctuationCandidateIsFailClosed]' started.
Test Case '-[KeyboardCoreTests.T9PendingPunctuationTests testStaleAheadPunctuationCandidateIsFailClosed]' passed (0.000 seconds).
Test Case '-[KeyboardCoreTests.T9PendingPunctuationTests testUnknownPunctuationCandidateDoesNotAppend]' started.
Test Case '-[KeyboardCoreTests.T9PendingPunctuationTests testUnknownPunctuationCandidateDoesNotAppend]' passed (0.000 seconds).
Test Suite 'T9PendingPunctuationTests' passed at 2026-10-01 08:07:25.641.
	 Executed 22 tests, with 0 failures (0 unexpected) in 0.003 (0.005) seconds
Test Suite 'T9PinyinCatalogControllerTests' started at 2026-10-01 08:07:25.641.
Test Case '-[KeyboardCoreTests.T9PinyinCatalogControllerTests testDigit28PublishesFullLocalCatalogWithoutExtraCandidateWindow]' started.
Test Case '-[KeyboardCoreTests.T9PinyinCatalogControllerTests testDigit28PublishesFullLocalCatalogWithoutExtraCandidateWindow]' passed (0.000 seconds).
Test Case '-[KeyboardCoreTests.T9PinyinCatalogControllerTests testPrefixBLocksWithoutAdvancingFocus]' started.
Test Case '-[KeyboardCoreTests.T9PinyinCatalogControllerTests testPrefixBLocksWithoutAdvancingFocus]' passed (0.000 seconds).
Test Case '-[KeyboardCoreTests.T9PinyinCatalogControllerTests testUsesT9FalseDoesNotLoadCatalogPaths]' started.
Test Case '-[KeyboardCoreTests.T9PinyinCatalogControllerTests testUsesT9FalseDoesNotLoadCatalogPaths]' passed (0.000 seconds).
Test Suite 'T9PinyinCatalogControllerTests' passed at 2026-10-01 08:07:25.643.
	 Executed 3 tests, with 0 failures (0 unexpected) in 0.001 (0.001) seconds
Test Suite 'T9PinyinCatalogTests' started at 2026-10-01 08:07:25.643.
Test Case '-[KeyboardCoreTests.T9PinyinCatalogTests testCatalogMetadataMatchesGeneratedLunaPinyinBaseline]' started.
Test Case '-[KeyboardCoreTests.T9PinyinCatalogTests testCatalogMetadataMatchesGeneratedLunaPinyinBaseline]' passed (0.000 seconds).
Test Case '-[KeyboardCoreTests.T9PinyinCatalogTests testCatalogSignaturesForProductCriticalFoci]' started.
Test Case '-[KeyboardCoreTests.T9PinyinCatalogTests testCatalogSignaturesForProductCriticalFoci]' passed (0.000 seconds).
Test Case '-[KeyboardCoreTests.T9PinyinCatalogTests testFocus28PathsAreBuCuAAndLetterPrefixes]' started.
Test Case '-[KeyboardCoreTests.T9PinyinCatalogTests testFocus28PathsAreBuCuAAndLetterPrefixes]' passed (0.000 seconds).
Test Case '-[KeyboardCoreTests.T9PinyinCatalogTests testFocus94KeepsXiYiZiEvenWithoutCommentHints]' started.
Test Case '-[KeyboardCoreTests.T9PinyinCatalogTests testFocus94KeepsXiYiZiEvenWithoutCommentHints]' passed (0.000 seconds).
Test Case '-[KeyboardCoreTests.T9PinyinCatalogTests testLockedPrefixBOn28NarrowsToBuAndB]' started.
Test Case '-[KeyboardCoreTests.T9PinyinCatalogTests testLockedPrefixBOn28NarrowsToBuAndB]' passed (0.000 seconds).
Test Case '-[KeyboardCoreTests.T9PinyinCatalogTests testMultiDigitLetterPrefixNeverLooksLikeCompleteSyllableForB]' started.
Test Case '-[KeyboardCoreTests.T9PinyinCatalogTests testMultiDigitLetterPrefixNeverLooksLikeCompleteSyllableForB]' passed (0.000 seconds).
Test Case '-[KeyboardCoreTests.T9PinyinCatalogTests testPathQueryDoesNotExceedSixDigitSignatures]' started.
Test Case '-[KeyboardCoreTests.T9PinyinCatalogTests testPathQueryDoesNotExceedSixDigitSignatures]' passed (0.000 seconds).
Test Case '-[KeyboardCoreTests.T9PinyinCatalogTests testSingleDigitKeyGroupUsesCatalogSyllableKindsOnly]' started.
Test Case '-[KeyboardCoreTests.T9PinyinCatalogTests testSingleDigitKeyGroupUsesCatalogSyllableKindsOnly]' passed (0.000 seconds).
Test Suite 'T9PinyinCatalogTests' passed at 2026-10-01 08:07:25.645.
	 Executed 8 tests, with 0 failures (0 unexpected) in 0.001 (0.002) seconds
Test Suite 'T9PinyinPathTests' started at 2026-10-01 08:07:25.645.
Test Case '-[KeyboardCoreTests.T9PinyinPathTests testAppendDeleteRoundTripPreservesConfirmedSegmentRanges]' started.
Test Case '-[KeyboardCoreTests.T9PinyinPathTests testAppendDeleteRoundTripPreservesConfirmedSegmentRanges]' passed (0.003 seconds).
Test Case '-[KeyboardCoreTests.T9PinyinPathTests testApplyRimeOutputSameRawNewCommentsRevokesStaleIssuedPaths]' started.
Test Case '-[KeyboardCoreTests.T9PinyinPathTests testApplyRimeOutputSameRawNewCommentsRevokesStaleIssuedPaths]' passed (0.001 seconds).
Test Case '-[KeyboardCoreTests.T9PinyinPathTests testASCIIRawContractRejectsUnicodeDigitsAndWhitespace]' started.
Test Case '-[KeyboardCoreTests.T9PinyinPathTests testASCIIRawContractRejectsUnicodeDigitsAndWhitespace]' passed (0.000 seconds).
Test Case '-[KeyboardCoreTests.T9PinyinPathTests testBoundedCompleteSyllableSpellingsFor53AreDeterministic]' started.
Test Case '-[KeyboardCoreTests.T9PinyinPathTests testBoundedCompleteSyllableSpellingsFor53AreDeterministic]' passed (0.000 seconds).
Test Case '-[KeyboardCoreTests.T9PinyinPathTests testBoundedCompleteSyllableSpellingsHonorHardLimit]' started.
Test Case '-[KeyboardCoreTests.T9PinyinPathTests testBoundedCompleteSyllableSpellingsHonorHardLimit]' passed (0.000 seconds).
Test Case '-[KeyboardCoreTests.T9PinyinPathTests testBoundedCompleteSyllableSpellingsRejectSingleOrInvalidDigits]' started.
Test Case '-[KeyboardCoreTests.T9PinyinPathTests testBoundedCompleteSyllableSpellingsRejectSingleOrInvalidDigits]' passed (0.000 seconds).
Test Case '-[KeyboardCoreTests.T9PinyinPathTests testCandidateCommitClearsPathState]' started.
Test Case '-[KeyboardCoreTests.T9PinyinPathTests testCandidateCommitClearsPathState]' passed (0.000 seconds).
Test Case '-[KeyboardCoreTests.T9PinyinPathTests testCandidatePageChangeAdvancesCompositionRevision]' started.
Test Case '-[KeyboardCoreTests.T9PinyinPathTests testCandidatePageChangeAdvancesCompositionRevision]' passed (0.000 seconds).
Test Case '-[KeyboardCoreTests.T9PinyinPathTests testCanonicalSingleDigitChoicesCoverEveryNineKeyGroup]' started.
Test Case '-[KeyboardCoreTests.T9PinyinPathTests testCanonicalSingleDigitChoicesCoverEveryNineKeyGroup]' passed (0.000 seconds).
Test Case '-[KeyboardCoreTests.T9PinyinPathTests testCommentNormalizationAndIllegalFilter]' started.
Test Case '-[KeyboardCoreTests.T9PinyinPathTests testCommentNormalizationAndIllegalFilter]' passed (0.000 seconds).
Test Case '-[KeyboardCoreTests.T9PinyinPathTests testCompatibilityPositionBasedMixedAndNegatives]' started.
Test Case '-[KeyboardCoreTests.T9PinyinPathTests testCompatibilityPositionBasedMixedAndNegatives]' passed (0.000 seconds).
Test Case '-[KeyboardCoreTests.T9PinyinPathTests testCompatibleButUnissuedPathRejected]' started.
Test Case '-[KeyboardCoreTests.T9PinyinPathTests testCompatibleButUnissuedPathRejected]' passed (0.000 seconds).
Test Case '-[KeyboardCoreTests.T9PinyinPathTests testCompleteSyllableAdvanceThenLetterPrefixOnlyLocks]' started.
Test Case '-[KeyboardCoreTests.T9PinyinPathTests testCompleteSyllableAdvanceThenLetterPrefixOnlyLocks]' passed (0.001 seconds).
Test Case '-[KeyboardCoreTests.T9PinyinPathTests testConfirmFirstSyllableAdvancesToNextSyllableChoices]' started.
Test Case '-[KeyboardCoreTests.T9PinyinPathTests testConfirmFirstSyllableAdvancesToNextSyllableChoices]' passed (0.001 seconds).
Test Case '-[KeyboardCoreTests.T9PinyinPathTests testCycleFailureRollsBackRetainedChoicesAndSelection]' started.
Test Case '-[KeyboardCoreTests.T9PinyinPathTests testCycleFailureRollsBackRetainedChoicesAndSelection]' passed (0.000 seconds).
Test Case '-[KeyboardCoreTests.T9PinyinPathTests testCycleSelectsMThenNThenOAndWrapsWhileRetainingChoices]' started.
Test Case '-[KeyboardCoreTests.T9PinyinPathTests testCycleSelectsMThenNThenOAndWrapsWhileRetainingChoices]' passed (0.000 seconds).
Test Case '-[KeyboardCoreTests.T9PinyinPathTests testDeleteInvalidatesOnlySegmentIntersectingDeletedSlot]' started.
GATE5_DELETE_SLOT capture: confBefore=["qing", "wei", "fan"] confAfter=["qing", "wei", "fan"] src=746493432632 paths=["da", "fa", "e", "d", "f"]
Test Case '-[KeyboardCoreTests.T9PinyinPathTests testDeleteInvalidatesOnlySegmentIntersectingDeletedSlot]' passed (0.003 seconds).
Test Case '-[KeyboardCoreTests.T9PinyinPathTests testDeletePendingDigitRestoresPriorFocusedChoice]' started.
Test Case '-[KeyboardCoreTests.T9PinyinPathTests testDeletePendingDigitRestoresPriorFocusedChoice]' passed (0.000 seconds).
Test Case '-[KeyboardCoreTests.T9PinyinPathTests testDirectCompleteSyllableTapAdvancesWhenRemainingSlotsExist]' started.
Test Case '-[KeyboardCoreTests.T9PinyinPathTests testDirectCompleteSyllableTapAdvancesWhenRemainingSlotsExist]' passed (0.001 seconds).
Test Case '-[KeyboardCoreTests.T9PinyinPathTests testDirectPathAdvanceHasConstantBridgeCallBudget]' started.
Test Case '-[KeyboardCoreTests.T9PinyinPathTests testDirectPathAdvanceHasConstantBridgeCallBudget]' passed (0.001 seconds).
Test Case '-[KeyboardCoreTests.T9PinyinPathTests testDirectSelectionCanSwitchWithinRetainedSingleDigitSnapshot]' started.
Test Case '-[KeyboardCoreTests.T9PinyinPathTests testDirectSelectionCanSwitchWithinRetainedSingleDigitSnapshot]' passed (0.000 seconds).
Test Case '-[KeyboardCoreTests.T9PinyinPathTests testDiscoveryPendingWhenValidPathPastHotPathPeek]' started.
Test Case '-[KeyboardCoreTests.T9PinyinPathTests testDiscoveryPendingWhenValidPathPastHotPathPeek]' passed (0.001 seconds).
Test Case '-[KeyboardCoreTests.T9PinyinPathTests testExactRawWithoutCompositionRejected]' started.
Test Case '-[KeyboardCoreTests.T9PinyinPathTests testExactRawWithoutCompositionRejected]' passed (0.000 seconds).
Test Case '-[KeyboardCoreTests.T9PinyinPathTests testFinalSyllablePathTapHasConstantBridgeCallBudget]' started.
Test Case '-[KeyboardCoreTests.T9PinyinPathTests testFinalSyllablePathTapHasConstantBridgeCallBudget]' passed (0.001 seconds).
Test Case '-[KeyboardCoreTests.T9PinyinPathTests testGate5CAfterDeleteReturnsToPureDigitInputAndPathSelectDropsBadTail]' started.
Test Case '-[KeyboardCoreTests.T9PinyinPathTests testGate5CAfterDeleteReturnsToPureDigitInputAndPathSelectDropsBadTail]' passed (0.004 seconds).
Test Case '-[KeyboardCoreTests.T9PinyinPathTests testGate5CContinueAfterDeleteKeepsConfirmedWhenRimeResegmentsFullDigits]' started.
Test Case '-[KeyboardCoreTests.T9PinyinPathTests testGate5CContinueAfterDeleteKeepsConfirmedWhenRimeResegmentsFullDigits]' passed (0.003 seconds).
Test Case '-[KeyboardCoreTests.T9PinyinPathTests testGate5CContinueTypingAfterDeleteDoesNotDuplicateFan]' started.
GATE5_C_CONTINUE_TRACE capture: raw=qing'wei'fan'326 conf=["qing", "wei", "fan"] paths=["fan", "dan", "dao", "da", "fa", "e", "d", "f"] preedit=qing'wei'fan'326 src=7464934326326 windowDelta=0
Test Case '-[KeyboardCoreTests.T9PinyinPathTests testGate5CContinueTypingAfterDeleteDoesNotDuplicateFan]' passed (0.004 seconds).
Test Case '-[KeyboardCoreTests.T9PinyinPathTests testGate5CDeviceMixedRawWithoutSelectionsRebasesSourceBeforeContinue]' started.
Test Case '-[KeyboardCoreTests.T9PinyinPathTests testGate5CDeviceMixedRawWithoutSelectionsRebasesSourceBeforeContinue]' passed (0.003 seconds).
Test Case '-[KeyboardCoreTests.T9PinyinPathTests testGate5CDeviceMixedRawWithSelectedSegmentsPreservesIdentity]' started.
Test Case '-[KeyboardCoreTests.T9PinyinPathTests testGate5CDeviceMixedRawWithSelectedSegmentsPreservesIdentity]' passed (0.004 seconds).
Test Case '-[KeyboardCoreTests.T9PinyinPathTests testGate5CTypoAppendThenDeleteRestoresSemanticIdentity]' started.
GATE5_C_TYPO_DELETE_TRACE capture:
  pre: src=746493432632 conf=["qing", "wei", "fan"] focus=Optional(3)
  post: src=746493432632 conf=["qing", "wei", "fan"] raw=qing'wei'fan'32 preedit=qing'wei'fan'32 paths=["da", "fa", "e", "d", "f"]
Test Case '-[KeyboardCoreTests.T9PinyinPathTests testGate5CTypoAppendThenDeleteRestoresSemanticIdentity]' passed (0.003 seconds).
Test Case '-[KeyboardCoreTests.T9PinyinPathTests testGate5CTypoAppendThenDeleteWithProvisionalOnlyPath]' started.
GATE5_C_PROVISIONAL capture: preSrc=746493432632 postSrc=746493432632 prePaths=["p", "pi", "pin", "ping", "q", "qi", "qin", "qing"] postPaths=["p", "pi", "pin", "ping", "q", "qi", "qin", "qing"]
Test Case '-[KeyboardCoreTests.T9PinyinPathTests testGate5CTypoAppendThenDeleteWithProvisionalOnlyPath]' passed (0.003 seconds).
Test Case '-[KeyboardCoreTests.T9PinyinPathTests testGate5DeleteToQiDoesNotAutoSelectPath]' started.
Test Case '-[KeyboardCoreTests.T9PinyinPathTests testGate5DeleteToQiDoesNotAutoSelectPath]' passed (0.004 seconds).
Test Case '-[KeyboardCoreTests.T9PinyinPathTests testGate5InSentenceDaTypoDeleteContinueMatchesStandalone]' started.
Test Case '-[KeyboardCoreTests.T9PinyinPathTests testGate5InSentenceDaTypoDeleteContinueMatchesStandalone]' passed (0.004 seconds).
Test Case '-[KeyboardCoreTests.T9PinyinPathTests testGate5PathSelectQingWeiThenDeletePeelsWithoutStuckSelectedChip]' started.
Test Case '-[KeyboardCoreTests.T9PinyinPathTests testGate5PathSelectQingWeiThenDeletePeelsWithoutStuckSelectedChip]' passed (0.004 seconds).
Test Case '-[KeyboardCoreTests.T9PinyinPathTests testGate5TraceRedactsCompositionTokensInMemory]' started.
Test Case '-[KeyboardCoreTests.T9PinyinPathTests testGate5TraceRedactsCompositionTokensInMemory]' passed (0.000 seconds).
Test Case '-[KeyboardCoreTests.T9PinyinPathTests testGenerationStableForSameRawAndIncrementsOnceOnChange]' started.
Test Case '-[KeyboardCoreTests.T9PinyinPathTests testGenerationStableForSameRawAndIncrementsOnceOnChange]' passed (0.000 seconds).
Test Case '-[KeyboardCoreTests.T9PinyinPathTests testHardProvenanceRefreshDropsExpandedKeysNotInLiveScan]' started.
Test Case '-[KeyboardCoreTests.T9PinyinPathTests testHardProvenanceRefreshDropsExpandedKeysNotInLiveScan]' passed (0.000 seconds).
Test Case '-[KeyboardCoreTests.T9PinyinPathTests testHasSelectablePathsEvenWithoutValidComments]' started.
Test Case '-[KeyboardCoreTests.T9PinyinPathTests testHasSelectablePathsEvenWithoutValidComments]' passed (0.000 seconds).
Test Case '-[KeyboardCoreTests.T9PinyinPathTests testHumanQingweifandaTypoJKLDeleteMNONoGhostFive]' started.
Test Case '-[KeyboardCoreTests.T9PinyinPathTests testHumanQingweifandaTypoJKLDeleteMNONoGhostFive]' passed (0.004 seconds).
Test Case '-[KeyboardCoreTests.T9PinyinPathTests testHumanStandaloneDaTypoDeleteMNOPathBarTracksFullLedger]' started.
Test Case '-[KeyboardCoreTests.T9PinyinPathTests testHumanStandaloneDaTypoDeleteMNOPathBarTracksFullLedger]' passed (0.001 seconds).
Test Case '-[KeyboardCoreTests.T9PinyinPathTests testLifecycleClearsPathState]' started.
Test Case '-[KeyboardCoreTests.T9PinyinPathTests testLifecycleClearsPathState]' passed (0.001 seconds).
Test Case '-[KeyboardCoreTests.T9PinyinPathTests testLiveSegmentAuthorizationRejectsFallbackOnlyRawRetention]' started.
Test Case '-[KeyboardCoreTests.T9PinyinPathTests testLiveSegmentAuthorizationRejectsFallbackOnlyRawRetention]' passed (0.000 seconds).
Test Case '-[KeyboardCoreTests.T9PinyinPathTests testLongInputAdvanceDiscoversAlternativeSyllableBeyondHotPathWindow]' started.
Test Case '-[KeyboardCoreTests.T9PinyinPathTests testLongInputAdvanceDiscoversAlternativeSyllableBeyondHotPathWindow]' passed (0.001 seconds).
Test Case '-[KeyboardCoreTests.T9PinyinPathTests testLongInputAdvanceSupplementsOneExactSyllableWithAuthorizedKeyBranch]' started.
Test Case '-[KeyboardCoreTests.T9PinyinPathTests testLongInputAdvanceSupplementsOneExactSyllableWithAuthorizedKeyBranch]' passed (0.001 seconds).
Test Case '-[KeyboardCoreTests.T9PinyinPathTests testMixedRawIdentityUsesT9SignatureNotLetterBudget]' started.
Test Case '-[KeyboardCoreTests.T9PinyinPathTests testMixedRawIdentityUsesT9SignatureNotLetterBudget]' passed (0.000 seconds).
Test Case '-[KeyboardCoreTests.T9PinyinPathTests testMixedT9CompositionPolicyNeverLeaksRaw]' started.
Test Case '-[KeyboardCoreTests.T9PinyinPathTests testMixedT9CompositionPolicyNeverLeaksRaw]' passed (0.000 seconds).
Test Case '-[KeyboardCoreTests.T9PinyinPathTests testNewDigitRetainsFocusedSegmentSnapshotAndSelection]' started.
Test Case '-[KeyboardCoreTests.T9PinyinPathTests testNewDigitRetainsFocusedSegmentSnapshotAndSelection]' passed (0.000 seconds).
Test Case '-[KeyboardCoreTests.T9PinyinPathTests testPageRoundTripRebuildsPathsWithoutNewKey]' started.
Test Case '-[KeyboardCoreTests.T9PinyinPathTests testPageRoundTripRebuildsPathsWithoutNewKey]' passed (0.000 seconds).
Test Case '-[KeyboardCoreTests.T9PinyinPathTests testPathsDedupeAndOrder]' started.
Test Case '-[KeyboardCoreTests.T9PinyinPathTests testPathsDedupeAndOrder]' passed (0.000 seconds).
Test Case '-[KeyboardCoreTests.T9PinyinPathTests testPathWindowGenerationGuardDropsStaleExtend]' started.
Test Case '-[KeyboardCoreTests.T9PinyinPathTests testPathWindowGenerationGuardDropsStaleExtend]' passed (0.000 seconds).
Test Case '-[KeyboardCoreTests.T9PinyinPathTests testProgressiveSyllableExtractorTakesOnlyCurrentSegment]' started.
Test Case '-[KeyboardCoreTests.T9PinyinPathTests testProgressiveSyllableExtractorTakesOnlyCurrentSegment]' passed (0.000 seconds).
Test Case '-[KeyboardCoreTests.T9PinyinPathTests testRepeatedWholePathTapDoesNotAdvanceSegmentOrCommit]' started.
Test Case '-[KeyboardCoreTests.T9PinyinPathTests testRepeatedWholePathTapDoesNotAdvanceSegmentOrCommit]' passed (0.001 seconds).
Test Case '-[KeyboardCoreTests.T9PinyinPathTests testRollbackLiveOutputDropsStaleIssuedPaths]' started.
Test Case '-[KeyboardCoreTests.T9PinyinPathTests testRollbackLiveOutputDropsStaleIssuedPaths]' passed (0.000 seconds).
Test Case '-[KeyboardCoreTests.T9PinyinPathTests testRollbackSameRawUnusableFailClosed]' started.
Test Case '-[KeyboardCoreTests.T9PinyinPathTests testRollbackSameRawUnusableFailClosed]' passed (0.000 seconds).
Test Case '-[KeyboardCoreTests.T9PinyinPathTests testSelectedLetterPrefixOnMultiDigitFocusLocksWithoutAdvancing]' started.
Test Case '-[KeyboardCoreTests.T9PinyinPathTests testSelectedLetterPrefixOnMultiDigitFocusLocksWithoutAdvancing]' passed (0.000 seconds).
Test Case '-[KeyboardCoreTests.T9PinyinPathTests testSelectPathExactRefineAndSessionRollback]' started.
Test Case '-[KeyboardCoreTests.T9PinyinPathTests testSelectPathExactRefineAndSessionRollback]' passed (0.001 seconds).
Test Case '-[KeyboardCoreTests.T9PinyinPathTests testSelectPinyinCyclesWithoutConfirmingSegment]' started.
Test Case '-[KeyboardCoreTests.T9PinyinPathTests testSelectPinyinCyclesWithoutConfirmingSegment]' passed (0.001 seconds).
Test Case '-[KeyboardCoreTests.T9PinyinPathTests testSelectPinyinSwitchesTentativeValueWithoutAdvancingSegment]' started.
Test Case '-[KeyboardCoreTests.T9PinyinPathTests testSelectPinyinSwitchesTentativeValueWithoutAdvancingSegment]' passed (0.000 seconds).
Test Case '-[KeyboardCoreTests.T9PinyinPathTests testSingleDigitUsesCompleteKeyChoicesWhenRimeCommentsOnlyExposeO]' started.
Test Case '-[KeyboardCoreTests.T9PinyinPathTests testSingleDigitUsesCompleteKeyChoicesWhenRimeCommentsOnlyExposeO]' passed (0.000 seconds).
Test Case '-[KeyboardCoreTests.T9PinyinPathTests testTypoSuppressedForMixedT9Raw]' started.
Test Case '-[KeyboardCoreTests.T9PinyinPathTests testTypoSuppressedForMixedT9Raw]' passed (0.000 seconds).
Test Case '-[KeyboardCoreTests.T9PinyinPathTests testUnconfirmedT9DeleteRemovesLastVisiblePinyinCharacter]' started.
Test Case '-[KeyboardCoreTests.T9PinyinPathTests testUnconfirmedT9DeleteRemovesLastVisiblePinyinCharacter]' passed (0.001 seconds).
Test Case '-[KeyboardCoreTests.T9PinyinPathTests testUnexpectedCommitAndRollbackFailureFailClosed]' started.
Test Case '-[KeyboardCoreTests.T9PinyinPathTests testUnexpectedCommitAndRollbackFailureFailClosed]' passed (0.000 seconds).
Test Case '-[KeyboardCoreTests.T9PinyinPathTests testVisibleT9DeleteFailsClosedWhenRefinementAndRestoreBothFail]' started.
Test Case '-[KeyboardCoreTests.T9PinyinPathTests testVisibleT9DeleteFailsClosedWhenRefinementAndRestoreBothFail]' passed (0.000 seconds).
Test Case '-[KeyboardCoreTests.T9PinyinPathTests testWholeCompositionMergesFullPathsAndFirstGroupChoicesInNativeOrder]' started.
Test Case '-[KeyboardCoreTests.T9PinyinPathTests testWholeCompositionMergesFullPathsAndFirstGroupChoicesInNativeOrder]' passed (0.000 seconds).
Test Case '-[KeyboardCoreTests.T9PinyinPathTests testWholeCompositionNeverSurfacesMultiSyllableLabels]' started.
Test Case '-[KeyboardCoreTests.T9PinyinPathTests testWholeCompositionNeverSurfacesMultiSyllableLabels]' passed (0.001 seconds).
Test Suite 'T9PinyinPathTests' passed at 2026-10-01 08:07:25.716.
	 Executed 65 tests, with 0 failures (0 unexpected) in 0.066 (0.071) seconds
Test Suite 'T9PresentationSnapshotContractTests' started at 2026-10-01 08:07:25.716.
Test Case '-[KeyboardCoreTests.T9PresentationSnapshotContractTests testLetterPrefixAccessibilityKindSemantics]' started.
Test Case '-[KeyboardCoreTests.T9PresentationSnapshotContractTests testLetterPrefixAccessibilityKindSemantics]' passed (0.000 seconds).
Test Case '-[KeyboardCoreTests.T9PresentationSnapshotContractTests testPathWindowOnlyReexportsCatalogSnapshotWithoutMorePages]' started.
Test Case '-[KeyboardCoreTests.T9PresentationSnapshotContractTests testPathWindowOnlyReexportsCatalogSnapshotWithoutMorePages]' passed (0.000 seconds).
Test Case '-[KeyboardCoreTests.T9PresentationSnapshotContractTests testSnapshotBindsPathsCandidatesPreeditAndPagingToOneRevision]' started.
Test Case '-[KeyboardCoreTests.T9PresentationSnapshotContractTests testSnapshotBindsPathsCandidatesPreeditAndPagingToOneRevision]' passed (0.000 seconds).
Test Case '-[KeyboardCoreTests.T9PresentationSnapshotContractTests testStaleCompositionRevisionPathSelectionIsRejected]' started.
Test Case '-[KeyboardCoreTests.T9PresentationSnapshotContractTests testStaleCompositionRevisionPathSelectionIsRejected]' passed (0.000 seconds).
Test Suite 'T9PresentationSnapshotContractTests' passed at 2026-10-01 08:07:25.718.
	 Executed 4 tests, with 0 failures (0 unexpected) in 0.001 (0.002) seconds
Test Suite 'T9ResponsiveEvidenceValidatorTests' started at 2026-10-01 08:07:25.718.
Test Case '-[KeyboardCoreTests.T9ResponsiveEvidenceValidatorTests testAcceptSchemaRequiresFixtureAndNonNegativePending]' started.
Test Case '-[KeyboardCoreTests.T9ResponsiveEvidenceValidatorTests testAcceptSchemaRequiresFixtureAndNonNegativePending]' passed (0.028 seconds).
Test Case '-[KeyboardCoreTests.T9ResponsiveEvidenceValidatorTests testActionEventPairMismatchIsPartial]' started.
Test Case '-[KeyboardCoreTests.T9ResponsiveEvidenceValidatorTests testActionEventPairMismatchIsPartial]' passed (0.027 seconds).
Test Case '-[KeyboardCoreTests.T9ResponsiveEvidenceValidatorTests testCandidateTextStillBlocksPrivacyValidation]' started.
Test Case '-[KeyboardCoreTests.T9ResponsiveEvidenceValidatorTests testCandidateTextStillBlocksPrivacyValidation]' passed (0.027 seconds).
Test Case '-[KeyboardCoreTests.T9ResponsiveEvidenceValidatorTests testContentFreeCandidateCountIsAllowed]' started.
Test Case '-[KeyboardCoreTests.T9ResponsiveEvidenceValidatorTests testContentFreeCandidateCountIsAllowed]' passed (0.027 seconds).
Test Case '-[KeyboardCoreTests.T9ResponsiveEvidenceValidatorTests testDeclaredBArmWithThirtyNineRowsIsComplete]' started.
Test Case '-[KeyboardCoreTests.T9ResponsiveEvidenceValidatorTests testDeclaredBArmWithThirtyNineRowsIsComplete]' passed (0.028 seconds).
Test Case '-[KeyboardCoreTests.T9ResponsiveEvidenceValidatorTests testDeviceEvidenceFilterRetainsResponsiveAndSlowRimeMarkers]' started.
Test Case '-[KeyboardCoreTests.T9ResponsiveEvidenceValidatorTests testDeviceEvidenceFilterRetainsResponsiveAndSlowRimeMarkers]' passed (0.000 seconds).
Test Case '-[KeyboardCoreTests.T9ResponsiveEvidenceValidatorTests testDuplicateOwnerPublishIsPartial]' started.
Test Case '-[KeyboardCoreTests.T9ResponsiveEvidenceValidatorTests testDuplicateOwnerPublishIsPartial]' passed (0.027 seconds).
Test Case '-[KeyboardCoreTests.T9ResponsiveEvidenceValidatorTests testEngineVisibleAndPaintMustFollowOwnerCompletion]' started.
Test Case '-[KeyboardCoreTests.T9ResponsiveEvidenceValidatorTests testEngineVisibleAndPaintMustFollowOwnerCompletion]' passed (0.027 seconds).
Test Case '-[KeyboardCoreTests.T9ResponsiveEvidenceValidatorTests testEpochBoundPublishMustCoverEveryAcceptedRevision]' started.
Test Case '-[KeyboardCoreTests.T9ResponsiveEvidenceValidatorTests testEpochBoundPublishMustCoverEveryAcceptedRevision]' passed (0.029 seconds).
Test Case '-[KeyboardCoreTests.T9ResponsiveEvidenceValidatorTests testEpochRegressionIsPartial]' started.
Test Case '-[KeyboardCoreTests.T9ResponsiveEvidenceValidatorTests testEpochRegressionIsPartial]' passed (0.029 seconds).
Test Case '-[KeyboardCoreTests.T9ResponsiveEvidenceValidatorTests testGapAndDuplicateArePartialInsteadOfSilentlyFilled]' started.
Test Case '-[KeyboardCoreTests.T9ResponsiveEvidenceValidatorTests testGapAndDuplicateArePartialInsteadOfSilentlyFilled]' passed (0.030 seconds).
Test Case '-[KeyboardCoreTests.T9ResponsiveEvidenceValidatorTests testGeometryPayloadSchemaIsRequired]' started.
Test Case '-[KeyboardCoreTests.T9ResponsiveEvidenceValidatorTests testGeometryPayloadSchemaIsRequired]' passed (0.029 seconds).
Test Case '-[KeyboardCoreTests.T9ResponsiveEvidenceValidatorTests testLegacyThirtyEightActionArmCheckpointDoesNotReplaceP2Count]' started.
Test Case '-[KeyboardCoreTests.T9ResponsiveEvidenceValidatorTests testLegacyThirtyEightActionArmCheckpointDoesNotReplaceP2Count]' passed (0.028 seconds).
Test Case '-[KeyboardCoreTests.T9ResponsiveEvidenceValidatorTests testMalformedAcceptMarkerIsPartial]' started.
Test Case '-[KeyboardCoreTests.T9ResponsiveEvidenceValidatorTests testMalformedAcceptMarkerIsPartial]' passed (0.028 seconds).
Test Case '-[KeyboardCoreTests.T9ResponsiveEvidenceValidatorTests testMalformedCandidateCountStillBlocksPrivacyValidation]' started.
Test Case '-[KeyboardCoreTests.T9ResponsiveEvidenceValidatorTests testMalformedCandidateCountStillBlocksPrivacyValidation]' passed (0.027 seconds).
Test Case '-[KeyboardCoreTests.T9ResponsiveEvidenceValidatorTests testMalformedGeometryDigestIsPartial]' started.
Test Case '-[KeyboardCoreTests.T9ResponsiveEvidenceValidatorTests testMalformedGeometryDigestIsPartial]' passed (0.029 seconds).
Test Case '-[KeyboardCoreTests.T9ResponsiveEvidenceValidatorTests testMarkerlessPrivacyViolationIsBlocked]' started.
Test Case '-[KeyboardCoreTests.T9ResponsiveEvidenceValidatorTests testMarkerlessPrivacyViolationIsBlocked]' passed (0.000 seconds).
Test Case '-[KeyboardCoreTests.T9ResponsiveEvidenceValidatorTests testMissingPathSessionAndExecutionGeometryRemainPartial]' started.
Test Case '-[KeyboardCoreTests.T9ResponsiveEvidenceValidatorTests testMissingPathSessionAndExecutionGeometryRemainPartial]' passed (0.031 seconds).
Test Case '-[KeyboardCoreTests.T9ResponsiveEvidenceValidatorTests testMissingRunBindingIsBlockedInsteadOfInferred]' started.
Test Case '-[KeyboardCoreTests.T9ResponsiveEvidenceValidatorTests testMissingRunBindingIsBlockedInsteadOfInferred]' passed (0.029 seconds).
Test Case '-[KeyboardCoreTests.T9ResponsiveEvidenceValidatorTests testMixedRunTokensAreBlocked]' started.
Test Case '-[KeyboardCoreTests.T9ResponsiveEvidenceValidatorTests testMixedRunTokensAreBlocked]' passed (0.028 seconds).
Test Case '-[KeyboardCoreTests.T9ResponsiveEvidenceValidatorTests testOwnerNotReadyCannotSatisfyReadyMarker]' started.
Test Case '-[KeyboardCoreTests.T9ResponsiveEvidenceValidatorTests testOwnerNotReadyCannotSatisfyReadyMarker]' passed (0.028 seconds).
Test Case '-[KeyboardCoreTests.T9ResponsiveEvidenceValidatorTests testPaintCannotSubstituteForOwnerCompletion]' started.
Test Case '-[KeyboardCoreTests.T9ResponsiveEvidenceValidatorTests testPaintCannotSubstituteForOwnerCompletion]' passed (0.025 seconds).
Test Case '-[KeyboardCoreTests.T9ResponsiveEvidenceValidatorTests testPrivacySensitiveRuntimeLineIsBlocked]' started.
Test Case '-[KeyboardCoreTests.T9ResponsiveEvidenceValidatorTests testPrivacySensitiveRuntimeLineIsBlocked]' passed (0.028 seconds).
Test Case '-[KeyboardCoreTests.T9ResponsiveEvidenceValidatorTests testPublishRejectsUiPresentationFields]' started.
Test Case '-[KeyboardCoreTests.T9ResponsiveEvidenceValidatorTests testPublishRejectsUiPresentationFields]' passed (0.029 seconds).
Test Case '-[KeyboardCoreTests.T9ResponsiveEvidenceValidatorTests testPublishRevisionRegressionIsPartial]' started.
Test Case '-[KeyboardCoreTests.T9ResponsiveEvidenceValidatorTests testPublishRevisionRegressionIsPartial]' passed (0.028 seconds).
Test Case '-[KeyboardCoreTests.T9ResponsiveEvidenceValidatorTests testSyncArmDoesNotRequireResponsiveFeltMarkers]' started.
Test Case '-[KeyboardCoreTests.T9ResponsiveEvidenceValidatorTests testSyncArmDoesNotRequireResponsiveFeltMarkers]' passed (0.008 seconds).
Test Case '-[KeyboardCoreTests.T9ResponsiveEvidenceValidatorTests testUnavailableGeometryThenValidRetryUsesFinalExecutionState]' started.
Test Case '-[KeyboardCoreTests.T9ResponsiveEvidenceValidatorTests testUnavailableGeometryThenValidRetryUsesFinalExecutionState]' passed (0.028 seconds).
Test Case '-[KeyboardCoreTests.T9ResponsiveEvidenceValidatorTests testVisibleSchemaIsValidatedInsteadOfIgnored]' started.
Test Case '-[KeyboardCoreTests.T9ResponsiveEvidenceValidatorTests testVisibleSchemaIsValidatedInsteadOfIgnored]' passed (0.029 seconds).
Test Suite 'T9ResponsiveEvidenceValidatorTests' passed at 2026-10-01 08:07:26.431.
	 Executed 28 tests, with 0 failures (0 unexpected) in 0.710 (0.714) seconds
Test Suite 'T9ReversibleAutoAnchorTests' started at 2026-10-01 08:07:26.431.
Test Case '-[KeyboardCoreTests.T9ReversibleAutoAnchorTests testA1GateRemainsSingleAnchorWhenRollingEvidenceBecomesEligible]' started.
Test Case '-[KeyboardCoreTests.T9ReversibleAutoAnchorTests testA1GateRemainsSingleAnchorWhenRollingEvidenceBecomesEligible]' passed (0.004 seconds).
Test Case '-[KeyboardCoreTests.T9ReversibleAutoAnchorTests testAcceptedLedgerIdentityMismatchResetsBeforeProcessingDigit]' started.
Test Case '-[KeyboardCoreTests.T9ReversibleAutoAnchorTests testAcceptedLedgerIdentityMismatchResetsBeforeProcessingDigit]' passed (0.003 seconds).
Test Case '-[KeyboardCoreTests.T9ReversibleAutoAnchorTests testAttempt2AcceptedIdentityMismatchAddsNoThirdMutation]' started.
Test Case '-[KeyboardCoreTests.T9ReversibleAutoAnchorTests testAttempt2AcceptedIdentityMismatchAddsNoThirdMutation]' passed (0.004 seconds).
Test Case '-[KeyboardCoreTests.T9ReversibleAutoAnchorTests testAttempt2RestoredIdentityMismatchPreservesThreeCallBudget]' started.
Test Case '-[KeyboardCoreTests.T9ReversibleAutoAnchorTests testAttempt2RestoredIdentityMismatchPreservesThreeCallBudget]' passed (0.004 seconds).
Test Case '-[KeyboardCoreTests.T9ReversibleAutoAnchorTests testCapCannotBypassLaterCatalogInvalidity]' started.
Test Case '-[KeyboardCoreTests.T9ReversibleAutoAnchorTests testCapCannotBypassLaterCatalogInvalidity]' passed (0.000 seconds).
Test Case '-[KeyboardCoreTests.T9ReversibleAutoAnchorTests testCommittingLaterDigitCannotAdvanceAcceptedLedger]' started.
Test Case '-[KeyboardCoreTests.T9ReversibleAutoAnchorTests testCommittingLaterDigitCannotAdvanceAcceptedLedger]' passed (0.003 seconds).
Test Case '-[KeyboardCoreTests.T9ReversibleAutoAnchorTests testControllerAcceptsOneCumulativeExtensionAndNeverAttemptsThird]' started.
Test Case '-[KeyboardCoreTests.T9ReversibleAutoAnchorTests testControllerAcceptsOneCumulativeExtensionAndNeverAttemptsThird]' passed (0.004 seconds).
Test Case '-[KeyboardCoreTests.T9ReversibleAutoAnchorTests testControllerAcceptsOnlyOneAnchorAndExtendsRollbackLedger]' started.
Test Case '-[KeyboardCoreTests.T9ReversibleAutoAnchorTests testControllerAcceptsOnlyOneAnchorAndExtendsRollbackLedger]' passed (0.004 seconds).
Test Case '-[KeyboardCoreTests.T9ReversibleAutoAnchorTests testControllerEarlierFirstAcceptsAtSourceLength12]' started.
Test Case '-[KeyboardCoreTests.T9ReversibleAutoAnchorTests testControllerEarlierFirstAcceptsAtSourceLength12]' passed (0.002 seconds).
Test Case '-[KeyboardCoreTests.T9ReversibleAutoAnchorTests testControllerEarlierFirstDoesNotAcceptAtSourceLength11]' started.
Test Case '-[KeyboardCoreTests.T9ReversibleAutoAnchorTests testControllerEarlierFirstDoesNotAcceptAtSourceLength11]' passed (0.002 seconds).
Test Case '-[KeyboardCoreTests.T9ReversibleAutoAnchorTests testControllerEarlierFirstOffDoesNotAcceptAtSourceLength12]' started.
Test Case '-[KeyboardCoreTests.T9ReversibleAutoAnchorTests testControllerEarlierFirstOffDoesNotAcceptAtSourceLength12]' passed (0.002 seconds).
Test Case '-[KeyboardCoreTests.T9ReversibleAutoAnchorTests testControllerEarlierFirstWithTripleAcceptsThreeAttempts]' started.
Test Case '-[KeyboardCoreTests.T9ReversibleAutoAnchorTests testControllerEarlierFirstWithTripleAcceptsThreeAttempts]' passed (0.005 seconds).
Test Case '-[KeyboardCoreTests.T9ReversibleAutoAnchorTests testControllerRejectsCandidateDriftRestoresDigitsAndDoesNotRetry]' started.
Test Case '-[KeyboardCoreTests.T9ReversibleAutoAnchorTests testControllerRejectsCandidateDriftRestoresDigitsAndDoesNotRetry]' passed (0.003 seconds).
Test Case '-[KeyboardCoreTests.T9ReversibleAutoAnchorTests testCumulativeProposalPreservesAcceptedPrefixAndAddsExactlyTwoSyllables]' started.
Test Case '-[KeyboardCoreTests.T9ReversibleAutoAnchorTests testCumulativeProposalPreservesAcceptedPrefixAndAddsExactlyTwoSyllables]' passed (0.000 seconds).
Test Case '-[KeyboardCoreTests.T9ReversibleAutoAnchorTests testCumulativeProposalRejectsRewriteOfAcceptedPrefix]' started.
Test Case '-[KeyboardCoreTests.T9ReversibleAutoAnchorTests testCumulativeProposalRejectsRewriteOfAcceptedPrefix]' passed (0.000 seconds).
Test Case '-[KeyboardCoreTests.T9ReversibleAutoAnchorTests testDeleteAfterAttempt2RestoredUsesExactlyFourthReplacement]' started.
Test Case '-[KeyboardCoreTests.T9ReversibleAutoAnchorTests testDeleteAfterAttempt2RestoredUsesExactlyFourthReplacement]' passed (0.004 seconds).
Test Case '-[KeyboardCoreTests.T9ReversibleAutoAnchorTests testDeleteAfterSecondAcceptanceRestoresFullAccumulatedDigitsFirst]' started.
Test Case '-[KeyboardCoreTests.T9ReversibleAutoAnchorTests testDeleteAfterSecondAcceptanceRestoresFullAccumulatedDigitsFirst]' passed (0.004 seconds).
Test Case '-[KeyboardCoreTests.T9ReversibleAutoAnchorTests testDeleteFailureAfterAttempt2RestoredUsesExactlyFourthReplacement]' started.
Test Case '-[KeyboardCoreTests.T9ReversibleAutoAnchorTests testDeleteFailureAfterAttempt2RestoredUsesExactlyFourthReplacement]' passed (0.004 seconds).
Test Case '-[KeyboardCoreTests.T9ReversibleAutoAnchorTests testDeleteRestoreFailureResetsOnceWithoutNormalDelete]' started.
Test Case '-[KeyboardCoreTests.T9ReversibleAutoAnchorTests testDeleteRestoreFailureResetsOnceWithoutNormalDelete]' passed (0.003 seconds).
Test Case '-[KeyboardCoreTests.T9ReversibleAutoAnchorTests testDeleteRestoresDigitLedgerBeforeNormalDeletion]' started.
Test Case '-[KeyboardCoreTests.T9ReversibleAutoAnchorTests testDeleteRestoresDigitLedgerBeforeNormalDeletion]' passed (0.003 seconds).
Test Case '-[KeyboardCoreTests.T9ReversibleAutoAnchorTests testDisabledGateNeverCallsReplaceInput]' started.
Test Case '-[KeyboardCoreTests.T9ReversibleAutoAnchorTests testDisabledGateNeverCallsReplaceInput]' passed (0.003 seconds).
Test Case '-[KeyboardCoreTests.T9ReversibleAutoAnchorTests testEarlierFirstConfigurationAllowsProposalAtSourceLength12]' started.
Test Case '-[KeyboardCoreTests.T9ReversibleAutoAnchorTests testEarlierFirstConfigurationAllowsProposalAtSourceLength12]' passed (0.000 seconds).
Test Case '-[KeyboardCoreTests.T9ReversibleAutoAnchorTests testEarlierFirstConfigurationStillBlocksSourceLength11]' started.
Test Case '-[KeyboardCoreTests.T9ReversibleAutoAnchorTests testEarlierFirstConfigurationStillBlocksSourceLength11]' passed (0.000 seconds).
Test Case '-[KeyboardCoreTests.T9ReversibleAutoAnchorTests testExperimentalProposalCapsEligiblePrefixAtTwoSyllables]' started.
Test Case '-[KeyboardCoreTests.T9ReversibleAutoAnchorTests testExperimentalProposalCapsEligiblePrefixAtTwoSyllables]' passed (0.000 seconds).
Test Case '-[KeyboardCoreTests.T9ReversibleAutoAnchorTests testExplicitPathSelectionSupersedesAcceptedAutomaticAnchor]' started.
Test Case '-[KeyboardCoreTests.T9ReversibleAutoAnchorTests testExplicitPathSelectionSupersedesAcceptedAutomaticAnchor]' passed (0.003 seconds).
Test Case '-[KeyboardCoreTests.T9ReversibleAutoAnchorTests testFailedRollbackClearsUntrustedCompositionWithoutLeakingDigits]' started.
Test Case '-[KeyboardCoreTests.T9ReversibleAutoAnchorTests testFailedRollbackClearsUntrustedCompositionWithoutLeakingDigits]' passed (0.003 seconds).
Test Case '-[KeyboardCoreTests.T9ReversibleAutoAnchorTests testFailedSecondRestoreResetsOnceAndLeavesNoAutomaticPayload]' started.
Test Case '-[KeyboardCoreTests.T9ReversibleAutoAnchorTests testFailedSecondRestoreResetsOnceAndLeavesNoAutomaticPayload]' passed (0.004 seconds).
Test Case '-[KeyboardCoreTests.T9ReversibleAutoAnchorTests testIntermediateRefinementCommitSurvivesSuccessfulRestoreInTimingEvidence]' started.
Test Case '-[KeyboardCoreTests.T9ReversibleAutoAnchorTests testIntermediateRefinementCommitSurvivesSuccessfulRestoreInTimingEvidence]' passed (0.003 seconds).
Test Case '-[KeyboardCoreTests.T9ReversibleAutoAnchorTests testMissingAcceptedSessionFailsClosedBeforeKeyWhenRestoreFlagIsFalse]' started.
Test Case '-[KeyboardCoreTests.T9ReversibleAutoAnchorTests testMissingAcceptedSessionFailsClosedBeforeKeyWhenRestoreFlagIsFalse]' passed (0.003 seconds).
Test Case '-[KeyboardCoreTests.T9ReversibleAutoAnchorTests testMissingAttempt2AcceptedSessionFailsClosedWithRestoreFlagFalse]' started.
Test Case '-[KeyboardCoreTests.T9ReversibleAutoAnchorTests testMissingAttempt2AcceptedSessionFailsClosedWithRestoreFlagFalse]' passed (0.004 seconds).
Test Case '-[KeyboardCoreTests.T9ReversibleAutoAnchorTests testMissingAttempt2RestoredSessionFailsClosedWithRestoreFlagFalse]' started.
Test Case '-[KeyboardCoreTests.T9ReversibleAutoAnchorTests testMissingAttempt2RestoredSessionFailsClosedWithRestoreFlagFalse]' passed (0.004 seconds).
Test Case '-[KeyboardCoreTests.T9ReversibleAutoAnchorTests testPartialCommitClearsAcceptedLedgerBeforeContinuedTyping]' started.
Test Case '-[KeyboardCoreTests.T9ReversibleAutoAnchorTests testPartialCommitClearsAcceptedLedgerBeforeContinuedTyping]' passed (0.003 seconds).
Test Case '-[KeyboardCoreTests.T9ReversibleAutoAnchorTests testPartialCommitDeleteDoesNotRestoreOldAutoAnchorLedger]' started.
Test Case '-[KeyboardCoreTests.T9ReversibleAutoAnchorTests testPartialCommitDeleteDoesNotRestoreOldAutoAnchorLedger]' passed (0.004 seconds).
Test Case '-[KeyboardCoreTests.T9ReversibleAutoAnchorTests testProposalBuildsCatalogLegalClosedPrefixAndLeavesDigitTail]' started.
Test Case '-[KeyboardCoreTests.T9ReversibleAutoAnchorTests testProposalBuildsCatalogLegalClosedPrefixAndLeavesDigitTail]' passed (0.000 seconds).
Test Case '-[KeyboardCoreTests.T9ReversibleAutoAnchorTests testProposalRejectsCompatiblePathDivergenceRegardlessOfRanking]' started.
Test Case '-[KeyboardCoreTests.T9ReversibleAutoAnchorTests testProposalRejectsCompatiblePathDivergenceRegardlessOfRanking]' passed (0.000 seconds).
Test Case '-[KeyboardCoreTests.T9ReversibleAutoAnchorTests testProposalRequiresCompatibleFirstCandidateButIgnoresIncompatibleTail]' started.
Test Case '-[KeyboardCoreTests.T9ReversibleAutoAnchorTests testProposalRequiresCompatibleFirstCandidateButIgnoresIncompatibleTail]' passed (0.000 seconds).
Test Case '-[KeyboardCoreTests.T9ReversibleAutoAnchorTests testRollingWithoutTripleNeverEvaluatesAttemptThree]' started.
Test Case '-[KeyboardCoreTests.T9ReversibleAutoAnchorTests testRollingWithoutTripleNeverEvaluatesAttemptThree]' passed (0.005 seconds).
Test Case '-[KeyboardCoreTests.T9ReversibleAutoAnchorTests testSecondCandidateDriftRestoresFirstMixedRawAndExhaustsBudget]' started.
Test Case '-[KeyboardCoreTests.T9ReversibleAutoAnchorTests testSecondCandidateDriftRestoresFirstMixedRawAndExhaustsBudget]' passed (0.005 seconds).
Test Case '-[KeyboardCoreTests.T9ReversibleAutoAnchorTests testThirdRejectRestoresAttemptTwoMixedRawAndExhaustsBudget]' started.
Test Case '-[KeyboardCoreTests.T9ReversibleAutoAnchorTests testThirdRejectRestoresAttemptTwoMixedRawAndExhaustsBudget]' passed (0.005 seconds).
Test Case '-[KeyboardCoreTests.T9ReversibleAutoAnchorTests testTripleRollingAcceptsThirdExtensionAndNeverAttemptsFourth]' started.
Test Case '-[KeyboardCoreTests.T9ReversibleAutoAnchorTests testTripleRollingAcceptsThirdExtensionAndNeverAttemptsFourth]' passed (0.005 seconds).
Test Case '-[KeyboardCoreTests.T9ReversibleAutoAnchorTests testUnusableLaterDigitFailsClosedWithoutRecoveryOrReplay]' started.
Test Case '-[KeyboardCoreTests.T9ReversibleAutoAnchorTests testUnusableLaterDigitFailsClosedWithoutRecoveryOrReplay]' passed (0.003 seconds).
Test Case '-[KeyboardCoreTests.T9ReversibleAutoAnchorTests testValidationRequiresFirstCandidateAndBoundedOverlap]' started.
Test Case '-[KeyboardCoreTests.T9ReversibleAutoAnchorTests testValidationRequiresFirstCandidateAndBoundedOverlap]' passed (0.000 seconds).
Test Case '-[KeyboardCoreTests.T9ReversibleAutoAnchorTests testValidationUsesOriginalWindowForRepeatedCandidateTexts]' started.
Test Case '-[KeyboardCoreTests.T9ReversibleAutoAnchorTests testValidationUsesOriginalWindowForRepeatedCandidateTexts]' passed (0.000 seconds).
Test Suite 'T9ReversibleAutoAnchorTests' passed at 2026-10-01 08:07:26.556.
	 Executed 43 tests, with 0 failures (0 unexpected) in 0.121 (0.125) seconds
Test Suite 'T9ShadowAnchorAnalyzerTests' started at 2026-10-01 08:07:26.556.
Test Case '-[KeyboardCoreTests.T9ShadowAnchorAnalyzerTests testCandidateRankingOrderDoesNotChangeCommonPrefixMetrics]' started.
Test Case '-[KeyboardCoreTests.T9ShadowAnchorAnalyzerTests testCandidateRankingOrderDoesNotChangeCommonPrefixMetrics]' passed (0.000 seconds).
Test Case '-[KeyboardCoreTests.T9ShadowAnchorAnalyzerTests testCompleteSnapshotFindsClosedCommonPrefixBySyllable]' started.
Test Case '-[KeyboardCoreTests.T9ShadowAnchorAnalyzerTests testCompleteSnapshotFindsClosedCommonPrefixBySyllable]' passed (0.000 seconds).
Test Case '-[KeyboardCoreTests.T9ShadowAnchorAnalyzerTests testControllerObservationDoesNotMutateKeyboardState]' started.
Test Case '-[KeyboardCoreTests.T9ShadowAnchorAnalyzerTests testControllerObservationDoesNotMutateKeyboardState]' passed (0.000 seconds).
Test Case '-[KeyboardCoreTests.T9ShadowAnchorAnalyzerTests testMissingOrIncompatibleCommentBlocksProposal]' started.
Test Case '-[KeyboardCoreTests.T9ShadowAnchorAnalyzerTests testMissingOrIncompatibleCommentBlocksProposal]' passed (0.000 seconds).
Test Case '-[KeyboardCoreTests.T9ShadowAnchorAnalyzerTests testMoreCandidatePagesBlockProposalButKeepObservedCounts]' started.
Test Case '-[KeyboardCoreTests.T9ShadowAnchorAnalyzerTests testMoreCandidatePagesBlockProposalButKeepObservedCounts]' passed (0.000 seconds).
Test Case '-[KeyboardCoreTests.T9ShadowAnchorAnalyzerTests testNonInitialCandidatePageBlocksProposal]' started.
Test Case '-[KeyboardCoreTests.T9ShadowAnchorAnalyzerTests testNonInitialCandidatePageBlocksProposal]' passed (0.000 seconds).
Test Case '-[KeyboardCoreTests.T9ShadowAnchorAnalyzerTests testPreferredTopCandidateCannotOverrideDivergentPath]' started.
Test Case '-[KeyboardCoreTests.T9ShadowAnchorAnalyzerTests testPreferredTopCandidateCannotOverrideDivergentPath]' passed (0.000 seconds).
Test Case '-[KeyboardCoreTests.T9ShadowAnchorAnalyzerTests testSingleObservedPathKeepsLastSyllableUnresolved]' started.
Test Case '-[KeyboardCoreTests.T9ShadowAnchorAnalyzerTests testSingleObservedPathKeepsLastSyllableUnresolved]' passed (0.000 seconds).
Test Case '-[KeyboardCoreTests.T9ShadowAnchorAnalyzerTests testStaleRevisionAndInvalidDigitIdentityFailClosed]' started.
Test Case '-[KeyboardCoreTests.T9ShadowAnchorAnalyzerTests testStaleRevisionAndInvalidDigitIdentityFailClosed]' passed (0.000 seconds).
Test Suite 'T9ShadowAnchorAnalyzerTests' passed at 2026-10-01 08:07:26.559.
	 Executed 9 tests, with 0 failures (0 unexpected) in 0.002 (0.002) seconds
Test Suite 'ThreadAffineRimeSpikeTests' started at 2026-10-01 08:07:26.559.
Test Case '-[KeyboardCoreTests.ThreadAffineRimeSpikeTests testApplyGateRejectsOlderRevisionDeliveredAfterNewerRevision]' started.
Test Case '-[KeyboardCoreTests.ThreadAffineRimeSpikeTests testApplyGateRejectsOlderRevisionDeliveredAfterNewerRevision]' passed (0.000 seconds).
Test Case '-[KeyboardCoreTests.ThreadAffineRimeSpikeTests testControlPriorityStopIsNotBuriedBehindWorkBacklog]' started.
Test Case '-[KeyboardCoreTests.ThreadAffineRimeSpikeTests testControlPriorityStopIsNotBuriedBehindWorkBacklog]' passed (0.001 seconds).
Test Case '-[KeyboardCoreTests.ThreadAffineRimeSpikeTests testDedicatedOwnerPreservesOrderWithoutDropOrDuplicate]' started.
Test Case '-[KeyboardCoreTests.ThreadAffineRimeSpikeTests testDedicatedOwnerPreservesOrderWithoutDropOrDuplicate]' passed (0.001 seconds).
Test Case '-[KeyboardCoreTests.ThreadAffineRimeSpikeTests testExplicitShutdownDestroysEngineOnItsOwnerThread]' started.
Test Case '-[KeyboardCoreTests.ThreadAffineRimeSpikeTests testExplicitShutdownDestroysEngineOnItsOwnerThread]' passed (0.000 seconds).
Test Case '-[KeyboardCoreTests.ThreadAffineRimeSpikeTests testMainActorAcceptsWhileOwnerEngineCallIsBlocked]' started.
Test Case '-[KeyboardCoreTests.ThreadAffineRimeSpikeTests testMainActorAcceptsWhileOwnerEngineCallIsBlocked]' passed (0.186 seconds).
Test Case '-[KeyboardCoreTests.ThreadAffineRimeSpikeTests testOldEpochResultIsRejectedAndNewEpochRunsAfterResetBarrier]' started.
Test Case '-[KeyboardCoreTests.ThreadAffineRimeSpikeTests testOldEpochResultIsRejectedAndNewEpochRunsAfterResetBarrier]' passed (0.001 seconds).
Test Case '-[KeyboardCoreTests.ThreadAffineRimeSpikeTests testOrderedDeliveryAndTerminalBarrierAfterStop]' started.
Test Case '-[KeyboardCoreTests.ThreadAffineRimeSpikeTests testOrderedDeliveryAndTerminalBarrierAfterStop]' passed (0.001 seconds).
Test Case '-[KeyboardCoreTests.ThreadAffineRimeSpikeTests testOwnerDeinitStopsThreadAndDestroysEngineWhenShutdownIsOmitted]' started.
Test Case '-[KeyboardCoreTests.ThreadAffineRimeSpikeTests testOwnerDeinitStopsThreadAndDestroysEngineWhenShutdownIsOmitted]' passed (0.000 seconds).
Test Case '-[KeyboardCoreTests.ThreadAffineRimeSpikeTests testRefuseAtBoundDoesNotDropAcceptedWork]' started.
Test Case '-[KeyboardCoreTests.ThreadAffineRimeSpikeTests testRefuseAtBoundDoesNotDropAcceptedWork]' passed (0.000 seconds).
Test Case '-[KeyboardCoreTests.ThreadAffineRimeSpikeTests testSpikeIsNotWiredAndGateOffRemainsSynchronous]' started.
Test Case '-[KeyboardCoreTests.ThreadAffineRimeSpikeTests testSpikeIsNotWiredAndGateOffRemainsSynchronous]' passed (0.000 seconds).
Test Suite 'ThreadAffineRimeSpikeTests' passed at 2026-10-01 08:07:26.750.
	 Executed 10 tests, with 0 failures (0 unexpected) in 0.190 (0.191) seconds
Test Suite 'ThreadAffineRimeWireTests' started at 2026-10-01 08:07:26.750.
Test Case '-[KeyboardCoreTests.ThreadAffineRimeWireTests testActiveKillDoesNotReuseSettledWatermarkAcrossEpochs]' started.
Test Case '-[KeyboardCoreTests.ThreadAffineRimeWireTests testActiveKillDoesNotReuseSettledWatermarkAcrossEpochs]' passed (0.009 seconds).
Test Case '-[KeyboardCoreTests.ThreadAffineRimeWireTests testActiveKillFenceRejectsNewAcceptanceAndDrainsAcceptedBacklog]' started.
Test Case '-[KeyboardCoreTests.ThreadAffineRimeWireTests testActiveKillFenceRejectsNewAcceptanceAndDrainsAcceptedBacklog]' passed (0.000 seconds).
Test Case '-[KeyboardCoreTests.ThreadAffineRimeWireTests testActiveKillTimeoutRetainsFencedOwnerUntilPositiveShutdown]' started.
Test Case '-[KeyboardCoreTests.ThreadAffineRimeWireTests testActiveKillTimeoutRetainsFencedOwnerUntilPositiveShutdown]' passed (0.006 seconds).
Test Case '-[KeyboardCoreTests.ThreadAffineRimeWireTests testDualGateAbandonDropsDeferredCoalescedPresentation]' started.
Test Case '-[KeyboardCoreTests.ThreadAffineRimeWireTests testDualGateAbandonDropsDeferredCoalescedPresentation]' passed (0.206 seconds).
Test Case '-[KeyboardCoreTests.ThreadAffineRimeWireTests testDualGateCoalescesPresentationUnderOwnerBacklog]' started.
Test Case '-[KeyboardCoreTests.ThreadAffineRimeWireTests testDualGateCoalescesPresentationUnderOwnerBacklog]' passed (0.160 seconds).
Test Case '-[KeyboardCoreTests.ThreadAffineRimeWireTests testDualGatesDefaultOff]' started.
Test Case '-[KeyboardCoreTests.ThreadAffineRimeWireTests testDualGatesDefaultOff]' passed (0.001 seconds).
Test Case '-[KeyboardCoreTests.ThreadAffineRimeWireTests testGateOffStillSynchronousWhenThreadAffineFlagAloneIsTrue]' started.
Test Case '-[KeyboardCoreTests.ThreadAffineRimeWireTests testGateOffStillSynchronousWhenThreadAffineFlagAloneIsTrue]' passed (0.001 seconds).
Test Case '-[KeyboardCoreTests.ThreadAffineRimeWireTests testPublicationKeepsOwnerCompletionBacklogDepth]' started.
Test Case '-[KeyboardCoreTests.ThreadAffineRimeWireTests testPublicationKeepsOwnerCompletionBacklogDepth]' passed (0.001 seconds).
Test Case '-[KeyboardCoreTests.ThreadAffineRimeWireTests testResponsiveOnlyWithoutThreadAffineKeepsMainActorBridge]' started.
Test Case '-[KeyboardCoreTests.ThreadAffineRimeWireTests testResponsiveOnlyWithoutThreadAffineKeepsMainActorBridge]' passed (0.000 seconds).
Test Case '-[KeyboardCoreTests.ThreadAffineRimeWireTests testThreadAffineBridgeIsInstalledForDualGate]' started.
Test Case '-[KeyboardCoreTests.ThreadAffineRimeWireTests testThreadAffineBridgeIsInstalledForDualGate]' passed (0.000 seconds).
Test Case '-[KeyboardCoreTests.ThreadAffineRimeWireTests testThreadAffineBridgePublishesOwnerNativeSessionSnapshot]' started.
Test Case '-[KeyboardCoreTests.ThreadAffineRimeWireTests testThreadAffineBridgePublishesOwnerNativeSessionSnapshot]' passed (0.003 seconds).
Test Case '-[KeyboardCoreTests.ThreadAffineRimeWireTests testThreadAffineOwnerIsNotReadyUntilDelayedStartupCompletes]' started.
Test Case '-[KeyboardCoreTests.ThreadAffineRimeWireTests testThreadAffineOwnerIsNotReadyUntilDelayedStartupCompletes]' passed (0.252 seconds).
Test Case '-[KeyboardCoreTests.ThreadAffineRimeWireTests testThreadAffineWireAcceptsWithoutWaitingForBlockedEngine]' started.
Test Case '-[KeyboardCoreTests.ThreadAffineRimeWireTests testThreadAffineWireAcceptsWithoutWaitingForBlockedEngine]' passed (0.003 seconds).
Test Case '-[KeyboardCoreTests.ThreadAffineRimeWireTests testThreadAffineWireDoesNotWaitForStartupBeforeAcceptingFirstKey]' started.
Test Case '-[KeyboardCoreTests.ThreadAffineRimeWireTests testThreadAffineWireDoesNotWaitForStartupBeforeAcceptingFirstKey]' passed (0.262 seconds).
Test Case '-[KeyboardCoreTests.ThreadAffineRimeWireTests testVisibilityOwnerRestartPreservesEpochAndRejectsStaleSnapshot]' started.
Test Case '-[KeyboardCoreTests.ThreadAffineRimeWireTests testVisibilityOwnerRestartPreservesEpochAndRejectsStaleSnapshot]' passed (0.215 seconds).
Test Case '-[KeyboardCoreTests.ThreadAffineRimeWireTests testVisibilityTeardownReceiptsCoverEveryAcceptedUnexecutedRevision]' started.
Test Case '-[KeyboardCoreTests.ThreadAffineRimeWireTests testVisibilityTeardownReceiptsCoverEveryAcceptedUnexecutedRevision]' passed (0.007 seconds).
Test Suite 'ThreadAffineRimeWireTests' passed at 2026-10-01 08:07:27.881.
	 Executed 16 tests, with 0 failures (0 unexpected) in 1.127 (1.131) seconds
Test Suite 'TypingIntelligencePerformanceTests' started at 2026-10-01 08:07:27.881.
Test Case '-[KeyboardCoreTests.TypingIntelligencePerformanceTests testClassificationPerformance]' started.
/Users/doubleshy0n/.codex/worktrees/paired-rollout-preflight/Universe Keyboard/Packages/KeyboardCore/Tests/KeyboardCoreTests/TypingIntelligencePerformanceTests.swift:34: Test Case '-[KeyboardCoreTests.TypingIntelligencePerformanceTests testClassificationPerformance]' measured [Time, seconds] average: 0.115, relative standard deviation: 5.477%, values: [0.134068, 0.114105, 0.112327, 0.113379, 0.114602, 0.112411, 0.113610, 0.112492, 0.112419, 0.113181], performanceMetricID:com.apple.XCTPerformanceMetric_WallClockTime, baselineName: "", baselineAverage: , polarity: prefers smaller, maxPercentRegression: 10.000%, maxPercentRelativeStandardDeviation: 10.000%, maxRegression: 0.100, maxStandardDeviation: 0.100
Test Case '-[KeyboardCoreTests.TypingIntelligencePerformanceTests testClassificationPerformance]' passed (1.845 seconds).
Test Case '-[KeyboardCoreTests.TypingIntelligencePerformanceTests testCommittedTextCallbackAndAggregationPerformance]' started.
/Users/doubleshy0n/.codex/worktrees/paired-rollout-preflight/Universe Keyboard/Packages/KeyboardCore/Tests/KeyboardCoreTests/TypingIntelligencePerformanceTests.swift:60: Test Case '-[KeyboardCoreTests.TypingIntelligencePerformanceTests testCommittedTextCallbackAndAggregationPerformance]' measured [Time, seconds] average: 0.011, relative standard deviation: 51.195%, values: [0.017344, 0.009765, 0.007839, 0.005876, 0.005804, 0.021247, 0.018462, 0.013140, 0.005852, 0.005801], performanceMetricID:com.apple.XCTPerformanceMetric_WallClockTime, baselineName: "", baselineAverage: , polarity: prefers smaller, maxPercentRegression: 10.000%, maxPercentRelativeStandardDeviation: 10.000%, maxRegression: 0.100, maxStandardDeviation: 0.100
Test Case '-[KeyboardCoreTests.TypingIntelligencePerformanceTests testCommittedTextCallbackAndAggregationPerformance]' passed (0.365 seconds).
Test Suite 'TypingIntelligencePerformanceTests' passed at 2026-10-01 08:07:30.091.
	 Executed 2 tests, with 0 failures (0 unexpected) in 2.210 (2.210) seconds
Test Suite 'TypingStatisticsClassifierTests' started at 2026-10-01 08:07:30.091.
Test Case '-[KeyboardCoreTests.TypingStatisticsClassifierTests testClassifiesUserPerceivedGraphemesWithoutRetainingContent]' started.
Test Case '-[KeyboardCoreTests.TypingStatisticsClassifierTests testClassifiesUserPerceivedGraphemesWithoutRetainingContent]' passed (0.000 seconds).
Test Case '-[KeyboardCoreTests.TypingStatisticsClassifierTests testCRLFCountsAsOneNewlineGrapheme]' started.
Test Case '-[KeyboardCoreTests.TypingStatisticsClassifierTests testCRLFCountsAsOneNewlineGrapheme]' passed (0.000 seconds).
Test Case '-[KeyboardCoreTests.TypingStatisticsClassifierTests testJoinedEmojiAndKeycapEachCountAsOneGrapheme]' started.
Test Case '-[KeyboardCoreTests.TypingStatisticsClassifierTests testJoinedEmojiAndKeycapEachCountAsOneGrapheme]' passed (0.000 seconds).
Test Case '-[KeyboardCoreTests.TypingStatisticsClassifierTests testUnknownSymbolUsesContentFreeOtherBucket]' started.
Test Case '-[KeyboardCoreTests.TypingStatisticsClassifierTests testUnknownSymbolUsesContentFreeOtherBucket]' passed (0.000 seconds).
Test Suite 'TypingStatisticsClassifierTests' passed at 2026-10-01 08:07:30.092.
	 Executed 4 tests, with 0 failures (0 unexpected) in 0.001 (0.001) seconds
Test Suite 'TypingStatisticsStoreTests' started at 2026-10-01 08:07:30.092.
Test Case '-[KeyboardCoreTests.TypingStatisticsStoreTests testCollectionIsDisabledByDefaultAndResetAdvancesEpoch]' started.
Test Case '-[KeyboardCoreTests.TypingStatisticsStoreTests testCollectionIsDisabledByDefaultAndResetAdvancesEpoch]' passed (0.014 seconds).
Test Case '-[KeyboardCoreTests.TypingStatisticsStoreTests testCorruptedPayloadIsReportedInsteadOfPresentedAsEmpty]' started.
Test Case '-[KeyboardCoreTests.TypingStatisticsStoreTests testCorruptedPayloadIsReportedInsteadOfPresentedAsEmpty]' passed (0.003 seconds).
Test Suite 'TypingStatisticsStoreTests' passed at 2026-10-01 08:07:30.110.
	 Executed 2 tests, with 0 failures (0 unexpected) in 0.017 (0.018) seconds
Test Suite 'TypingStatisticsWriterTests' started at 2026-10-01 08:07:30.110.
Test Case '-[KeyboardCoreTests.TypingStatisticsWriterTests testResetEpochRejectsAStaleQueuedBatch]' started.
Test Case '-[KeyboardCoreTests.TypingStatisticsWriterTests testResetEpochRejectsAStaleQueuedBatch]' passed (0.001 seconds).
Test Case '-[KeyboardCoreTests.TypingStatisticsWriterTests testWriterCoalescesDeltasIntoOneBoundedSnapshot]' started.
Test Case '-[KeyboardCoreTests.TypingStatisticsWriterTests testWriterCoalescesDeltasIntoOneBoundedSnapshot]' passed (0.000 seconds).
Test Case '-[KeyboardCoreTests.TypingStatisticsWriterTests testWriterKeepsOnlyMostRecent365DailyBuckets]' started.
Test Case '-[KeyboardCoreTests.TypingStatisticsWriterTests testWriterKeepsOnlyMostRecent365DailyBuckets]' passed (0.014 seconds).
Test Suite 'TypingStatisticsWriterTests' passed at 2026-10-01 08:07:30.126.
	 Executed 3 tests, with 0 failures (0 unexpected) in 0.015 (0.015) seconds
Test Suite 'TypoCorrectionBenchmarkEvaluatorTests' started at 2026-10-01 08:07:30.126.
Test Case '-[KeyboardCoreTests.TypoCorrectionBenchmarkEvaluatorTests testDefaultBenchmarkSummaryPassesQualityGates]' started.
Test Case '-[KeyboardCoreTests.TypoCorrectionBenchmarkEvaluatorTests testDefaultBenchmarkSummaryPassesQualityGates]' passed (0.002 seconds).
Test Case '-[KeyboardCoreTests.TypoCorrectionBenchmarkEvaluatorTests testExperimentalAuditSummaryPassesFlagOnDeviceValidationGate]' started.
Test Case '-[KeyboardCoreTests.TypoCorrectionBenchmarkEvaluatorTests testExperimentalAuditSummaryPassesFlagOnDeviceValidationGate]' passed (0.001 seconds).
Test Case '-[KeyboardCoreTests.TypoCorrectionBenchmarkEvaluatorTests testExperimentalInsertionAndTranspositionAssessmentsAreDisplayOnlyLowConfidence]' started.
Test Case '-[KeyboardCoreTests.TypoCorrectionBenchmarkEvaluatorTests testExperimentalInsertionAndTranspositionAssessmentsAreDisplayOnlyLowConfidence]' passed (0.000 seconds).
Test Case '-[KeyboardCoreTests.TypoCorrectionBenchmarkEvaluatorTests testExperimentalInsertionEvaluatorCanMeasureFlagOnCase]' started.
Test Case '-[KeyboardCoreTests.TypoCorrectionBenchmarkEvaluatorTests testExperimentalInsertionEvaluatorCanMeasureFlagOnCase]' passed (0.000 seconds).
Test Case '-[KeyboardCoreTests.TypoCorrectionBenchmarkEvaluatorTests testExperimentalInsertionIsDefaultOffAndFlagOnForNiho]' started.
Test Case '-[KeyboardCoreTests.TypoCorrectionBenchmarkEvaluatorTests testExperimentalInsertionIsDefaultOffAndFlagOnForNiho]' passed (0.000 seconds).
Test Case '-[KeyboardCoreTests.TypoCorrectionBenchmarkEvaluatorTests testExperimentalTranspositionAssessmentRejectsShortInput]' started.
Test Case '-[KeyboardCoreTests.TypoCorrectionBenchmarkEvaluatorTests testExperimentalTranspositionAssessmentRejectsShortInput]' passed (0.000 seconds).
Test Case '-[KeyboardCoreTests.TypoCorrectionBenchmarkEvaluatorTests testExperimentalTranspositionCoversLongPinyinSwap]' started.
Test Case '-[KeyboardCoreTests.TypoCorrectionBenchmarkEvaluatorTests testExperimentalTranspositionCoversLongPinyinSwap]' passed (0.000 seconds).
Test Case '-[KeyboardCoreTests.TypoCorrectionBenchmarkEvaluatorTests testExperimentalTranspositionEvaluatorCanMeasureFlagOnCase]' started.
Test Case '-[KeyboardCoreTests.TypoCorrectionBenchmarkEvaluatorTests testExperimentalTranspositionEvaluatorCanMeasureFlagOnCase]' passed (0.000 seconds).
Test Case '-[KeyboardCoreTests.TypoCorrectionBenchmarkEvaluatorTests testExperimentalTranspositionIsDefaultOffAndFlagOnForNihoa]' started.
Test Case '-[KeyboardCoreTests.TypoCorrectionBenchmarkEvaluatorTests testExperimentalTranspositionIsDefaultOffAndFlagOnForNihoa]' passed (0.000 seconds).
Test Case '-[KeyboardCoreTests.TypoCorrectionBenchmarkEvaluatorTests testExperimentalTranspositionIsSuppressedWhenNormalTopAlreadyMatchesCorrectedBest]' started.
Test Case '-[KeyboardCoreTests.TypoCorrectionBenchmarkEvaluatorTests testExperimentalTranspositionIsSuppressedWhenNormalTopAlreadyMatchesCorrectedBest]' passed (0.000 seconds).
Test Case '-[KeyboardCoreTests.TypoCorrectionBenchmarkEvaluatorTests testNormalInputsPreserveProviderCandidatesAndAvoidFalsePositive]' started.
Test Case '-[KeyboardCoreTests.TypoCorrectionBenchmarkEvaluatorTests testNormalInputsPreserveProviderCandidatesAndAvoidFalsePositive]' passed (0.001 seconds).
Test Case '-[KeyboardCoreTests.TypoCorrectionBenchmarkEvaluatorTests testSupportedCaseReportsCorrectionAssessmentAndPromotionEligibility]' started.
Test Case '-[KeyboardCoreTests.TypoCorrectionBenchmarkEvaluatorTests testSupportedCaseReportsCorrectionAssessmentAndPromotionEligibility]' passed (0.000 seconds).
Test Case '-[KeyboardCoreTests.TypoCorrectionBenchmarkEvaluatorTests testUnsupportedAndDangerousCasesRemainUncorrectedByDefault]' started.
Test Case '-[KeyboardCoreTests.TypoCorrectionBenchmarkEvaluatorTests testUnsupportedAndDangerousCasesRemainUncorrectedByDefault]' passed (0.000 seconds).
Test Suite 'TypoCorrectionBenchmarkEvaluatorTests' passed at 2026-10-01 08:07:30.132.
	 Executed 13 tests, with 0 failures (0 unexpected) in 0.006 (0.007) seconds
Test Suite 'TypoCorrectionRecallDiagnosticMarkersTests' started at 2026-10-01 08:07:30.132.
Test Case '-[KeyboardCoreTests.TypoCorrectionRecallDiagnosticMarkersTests testCompositionFingerprintIsStableAndContentFree]' started.
Test Case '-[KeyboardCoreTests.TypoCorrectionRecallDiagnosticMarkersTests testCompositionFingerprintIsStableAndContentFree]' passed (0.000 seconds).
Test Case '-[KeyboardCoreTests.TypoCorrectionRecallDiagnosticMarkersTests testFenceFieldsUseOnlyAllowlistedCountMetrics]' started.
Test Case '-[KeyboardCoreTests.TypoCorrectionRecallDiagnosticMarkersTests testFenceFieldsUseOnlyAllowlistedCountMetrics]' passed (0.000 seconds).
Test Case '-[KeyboardCoreTests.TypoCorrectionRecallDiagnosticMarkersTests testSchemaVersionIsFiveForMeasuredTypoRecallQueries]' started.
Test Case '-[KeyboardCoreTests.TypoCorrectionRecallDiagnosticMarkersTests testSchemaVersionIsFiveForMeasuredTypoRecallQueries]' passed (0.000 seconds).
Test Suite 'TypoCorrectionRecallDiagnosticMarkersTests' passed at 2026-10-01 08:07:30.133.
	 Executed 3 tests, with 0 failures (0 unexpected) in 0.001 (0.001) seconds
Test Suite 'TypoCorrectionRecallPreflightTests' started at 2026-10-01 08:07:30.133.
Test Case '-[KeyboardCoreTests.TypoCorrectionRecallPreflightTests testBatchLimitIsIndependentFromQueryAttemptLimit]' started.
Test Case '-[KeyboardCoreTests.TypoCorrectionRecallPreflightTests testBatchLimitIsIndependentFromQueryAttemptLimit]' passed (0.000 seconds).
Test Case '-[KeyboardCoreTests.TypoCorrectionRecallPreflightTests testCancellationAfterQueryDiscardsResultAndBlocksPublish]' started.
Test Case '-[KeyboardCoreTests.TypoCorrectionRecallPreflightTests testCancellationAfterQueryDiscardsResultAndBlocksPublish]' passed (0.000 seconds).
Test Case '-[KeyboardCoreTests.TypoCorrectionRecallPreflightTests testCancellationBeforeBatchPreventsAnyQueryAttempt]' started.
Test Case '-[KeyboardCoreTests.TypoCorrectionRecallPreflightTests testCancellationBeforeBatchPreventsAnyQueryAttempt]' passed (0.000 seconds).
Test Case '-[KeyboardCoreTests.TypoCorrectionRecallPreflightTests testCandidateLimitViolationFailsClosed]' started.
Test Case '-[KeyboardCoreTests.TypoCorrectionRecallPreflightTests testCandidateLimitViolationFailsClosed]' passed (0.000 seconds).
Test Case '-[KeyboardCoreTests.TypoCorrectionRecallPreflightTests testCanonicalTargetRecordsFrontierAndMinimumExpansionThreshold]' started.
Test Case '-[KeyboardCoreTests.TypoCorrectionRecallPreflightTests testCanonicalTargetRecordsFrontierAndMinimumExpansionThreshold]' passed (1.329 seconds).
Test Case '-[KeyboardCoreTests.TypoCorrectionRecallPreflightTests testContextualMultiEditRemainsDisplayOnlyInPreflightContract]' started.
Test Case '-[KeyboardCoreTests.TypoCorrectionRecallPreflightTests testContextualMultiEditRemainsDisplayOnlyInPreflightContract]' passed (0.000 seconds).
Test Case '-[KeyboardCoreTests.TypoCorrectionRecallPreflightTests testCoverageSelectorKeepsCanonicalStructuralPatternWithinExplicitCap]' started.
Test Case '-[KeyboardCoreTests.TypoCorrectionRecallPreflightTests testCoverageSelectorKeepsCanonicalStructuralPatternWithinExplicitCap]' passed (0.253 seconds).
Test Case '-[KeyboardCoreTests.TypoCorrectionRecallPreflightTests testCoverageSelectorUsesStructuralOrderInsteadOfHypothesisOrder]' started.
Test Case '-[KeyboardCoreTests.TypoCorrectionRecallPreflightTests testCoverageSelectorUsesStructuralOrderInsteadOfHypothesisOrder]' passed (0.254 seconds).
Test Case '-[KeyboardCoreTests.TypoCorrectionRecallPreflightTests testDefaultPreflightPlanIsFailClosedToSubstitutions]' started.
Test Case '-[KeyboardCoreTests.TypoCorrectionRecallPreflightTests testDefaultPreflightPlanIsFailClosedToSubstitutions]' passed (0.251 seconds).
Test Case '-[KeyboardCoreTests.TypoCorrectionRecallPreflightTests testGroupRegistryDeduplicatesNormalizedInputWithinOnlyOneOperation]' started.
Test Case '-[KeyboardCoreTests.TypoCorrectionRecallPreflightTests testGroupRegistryDeduplicatesNormalizedInputWithinOnlyOneOperation]' passed (0.000 seconds).
Test Case '-[KeyboardCoreTests.TypoCorrectionRecallPreflightTests testOperationOrdinalFencesAStaleResultWithSameRevisionAndEpoch]' started.
Test Case '-[KeyboardCoreTests.TypoCorrectionRecallPreflightTests testOperationOrdinalFencesAStaleResultWithSameRevisionAndEpoch]' passed (0.000 seconds).
Test Case '-[KeyboardCoreTests.TypoCorrectionRecallPreflightTests testPreflightBatchesUseSeparateGenerationAndQueryCounters]' started.
Test Case '-[KeyboardCoreTests.TypoCorrectionRecallPreflightTests testPreflightBatchesUseSeparateGenerationAndQueryCounters]' passed (0.000 seconds).
Test Case '-[KeyboardCoreTests.TypoCorrectionRecallPreflightTests testQueryAttemptLimitIsIndependentFromResolvedGroupLimit]' started.
Test Case '-[KeyboardCoreTests.TypoCorrectionRecallPreflightTests testQueryAttemptLimitIsIndependentFromResolvedGroupLimit]' passed (0.000 seconds).
Test Case '-[KeyboardCoreTests.TypoCorrectionRecallPreflightTests testResolvedGroupLimitIsIndependentFromQueryAttemptLimit]' started.
Test Case '-[KeyboardCoreTests.TypoCorrectionRecallPreflightTests testResolvedGroupLimitIsIndependentFromQueryAttemptLimit]' passed (0.000 seconds).
Test Case '-[KeyboardCoreTests.TypoCorrectionRecallPreflightTests testResolvedGroupsDeduplicateStableGroupIdentity]' started.
Test Case '-[KeyboardCoreTests.TypoCorrectionRecallPreflightTests testResolvedGroupsDeduplicateStableGroupIdentity]' passed (0.000 seconds).
Test Case '-[KeyboardCoreTests.TypoCorrectionRecallPreflightTests testRevisionAndEpochFenceRejectsStaleResult]' started.
Test Case '-[KeyboardCoreTests.TypoCorrectionRecallPreflightTests testRevisionAndEpochFenceRejectsStaleResult]' passed (0.000 seconds).
Test Case '-[KeyboardCoreTests.TypoCorrectionRecallPreflightTests testSessionEpochFenceRejectsStaleResultIndependently]' started.
Test Case '-[KeyboardCoreTests.TypoCorrectionRecallPreflightTests testSessionEpochFenceRejectsStaleResultIndependently]' passed (0.000 seconds).
Test Case '-[KeyboardCoreTests.TypoCorrectionRecallPreflightTests testSubstitutionOnlyPolicyExcludesOtherEditKinds]' started.
Test Case '-[KeyboardCoreTests.TypoCorrectionRecallPreflightTests testSubstitutionOnlyPolicyExcludesOtherEditKinds]' passed (0.260 seconds).
Test Suite 'TypoCorrectionRecallPreflightTests' passed at 2026-10-01 08:07:32.484.
	 Executed 18 tests, with 0 failures (0 unexpected) in 2.349 (2.350) seconds
Test Suite 'TypoCorrectionRuntimeIntegrationTests' started at 2026-10-01 08:07:32.484.
Test Case '-[KeyboardCoreTests.TypoCorrectionRuntimeIntegrationTests testActiveRecallOwnerBlocksTheLegacyHotPathUntilItEnds]' started.
Test Case '-[KeyboardCoreTests.TypoCorrectionRuntimeIntegrationTests testActiveRecallOwnerBlocksTheLegacyHotPathUntilItEnds]' passed (0.197 seconds).
Test Case '-[KeyboardCoreTests.TypoCorrectionRuntimeIntegrationTests testCandidateBucketUsesTheDriverLimitAndKeepsUnavailableResultsSeparate]' started.
Test Case '-[KeyboardCoreTests.TypoCorrectionRuntimeIntegrationTests testCandidateBucketUsesTheDriverLimitAndKeepsUnavailableResultsSeparate]' passed (0.000 seconds).
Test Case '-[KeyboardCoreTests.TypoCorrectionRuntimeIntegrationTests testClearingCorrectionInvalidatesThroughTheInstalledOwner]' started.
Test Case '-[KeyboardCoreTests.TypoCorrectionRuntimeIntegrationTests testClearingCorrectionInvalidatesThroughTheInstalledOwner]' passed (0.000 seconds).
Test Case '-[KeyboardCoreTests.TypoCorrectionRuntimeIntegrationTests testConditionalApplyWritesOnceAndIsDisplayNoOpWhenCompositionChanged]' started.
Test Case '-[KeyboardCoreTests.TypoCorrectionRuntimeIntegrationTests testConditionalApplyWritesOnceAndIsDisplayNoOpWhenCompositionChanged]' passed (0.004 seconds).
Test Case '-[KeyboardCoreTests.TypoCorrectionRuntimeIntegrationTests testCoverageDeficitRequiresEmptyStageOneAndRemainingBudget]' started.
Test Case '-[KeyboardCoreTests.TypoCorrectionRuntimeIntegrationTests testCoverageDeficitRequiresEmptyStageOneAndRemainingBudget]' passed (0.000 seconds).
Test Case '-[KeyboardCoreTests.TypoCorrectionRuntimeIntegrationTests testDefaultFacadeResultKeepsEmptyInputPrecedenceAndAvoidsTheProviderCall]' started.
Test Case '-[KeyboardCoreTests.TypoCorrectionRuntimeIntegrationTests testDefaultFacadeResultKeepsEmptyInputPrecedenceAndAvoidsTheProviderCall]' passed (0.000 seconds).
Test Case '-[KeyboardCoreTests.TypoCorrectionRuntimeIntegrationTests testDriverYieldsAfterEachQueryAndDoesNotStartTheNextOnTheReturnStack]' started.
Test Case '-[KeyboardCoreTests.TypoCorrectionRuntimeIntegrationTests testDriverYieldsAfterEachQueryAndDoesNotStartTheNextOnTheReturnStack]' passed (0.000 seconds).
Test Case '-[KeyboardCoreTests.TypoCorrectionRuntimeIntegrationTests testEmptyRecallMaterialDoesNotMutateExistingDisplayState]' started.
Test Case '-[KeyboardCoreTests.TypoCorrectionRuntimeIntegrationTests testEmptyRecallMaterialDoesNotMutateExistingDisplayState]' passed (0.001 seconds).
Test Case '-[KeyboardCoreTests.TypoCorrectionRuntimeIntegrationTests testFacadeDurationFloorsSaturatesAndCensorsClockRegression]' started.
Test Case '-[KeyboardCoreTests.TypoCorrectionRuntimeIntegrationTests testFacadeDurationFloorsSaturatesAndCensorsClockRegression]' passed (0.000 seconds).
Test Case '-[KeyboardCoreTests.TypoCorrectionRuntimeIntegrationTests testInstalledSidecarOwnerForwardsToTheFacadeAndNeverInventDefaultEpoch]' started.
Test Case '-[KeyboardCoreTests.TypoCorrectionRuntimeIntegrationTests testInstalledSidecarOwnerForwardsToTheFacadeAndNeverInventDefaultEpoch]' passed (0.000 seconds).
Test Case '-[KeyboardCoreTests.TypoCorrectionRuntimeIntegrationTests testInstalledSidecarOwnerPreservesEveryExplicitRouteWithoutUnwrappingItsFacade]' started.
Test Case '-[KeyboardCoreTests.TypoCorrectionRuntimeIntegrationTests testInstalledSidecarOwnerPreservesEveryExplicitRouteWithoutUnwrappingItsFacade]' passed (0.000 seconds).
Test Case '-[KeyboardCoreTests.TypoCorrectionRuntimeIntegrationTests testStageTwoAbstainsWhenStageOneAlreadyHasAcceptedDisplayResults]' started.
Test Case '-[KeyboardCoreTests.TypoCorrectionRuntimeIntegrationTests testStageTwoAbstainsWhenStageOneAlreadyHasAcceptedDisplayResults]' passed (0.250 seconds).
Test Case '-[KeyboardCoreTests.TypoCorrectionRuntimeIntegrationTests testStageTwoQueryRetainsItsStageAfterTheYieldedCoverageTurn]' started.
Test Case '-[KeyboardCoreTests.TypoCorrectionRuntimeIntegrationTests testStageTwoQueryRetainsItsStageAfterTheYieldedCoverageTurn]' passed (0.250 seconds).
Test Case '-[KeyboardCoreTests.TypoCorrectionRuntimeIntegrationTests testStaleFenceAfterReturnDiscardsAndDoesNotApply]' started.
Test Case '-[KeyboardCoreTests.TypoCorrectionRuntimeIntegrationTests testStaleFenceAfterReturnDiscardsAndDoesNotApply]' passed (0.000 seconds).
Test Suite 'TypoCorrectionRuntimeIntegrationTests' passed at 2026-10-01 08:07:33.188.
	 Executed 14 tests, with 0 failures (0 unexpected) in 0.703 (0.704) seconds
Test Suite 'TypoCorrectionTests' started at 2026-10-01 08:07:33.188.
Test Case '-[KeyboardCoreTests.TypoCorrectionTests testAssessmentCanRepresentMissingCorrectedCandidates]' started.
Test Case '-[KeyboardCoreTests.TypoCorrectionTests testAssessmentCanRepresentMissingCorrectedCandidates]' passed (0.000 seconds).
Test Case '-[KeyboardCoreTests.TypoCorrectionTests testAssessmentMarksInitialSubstitutionAsDisplayOnlyHighConfidence]' started.
Test Case '-[KeyboardCoreTests.TypoCorrectionTests testAssessmentMarksInitialSubstitutionAsDisplayOnlyHighConfidence]' passed (0.000 seconds).
Test Case '-[KeyboardCoreTests.TypoCorrectionTests testAssessmentMarksRepeatedFinalDeletionAsMediumDisplayOnly]' started.
Test Case '-[KeyboardCoreTests.TypoCorrectionTests testAssessmentMarksRepeatedFinalDeletionAsMediumDisplayOnly]' passed (0.000 seconds).
Test Case '-[KeyboardCoreTests.TypoCorrectionTests testAssessmentMarksTrailingSubstitutionAsPromotionEligibleHighConfidence]' started.
Test Case '-[KeyboardCoreTests.TypoCorrectionTests testAssessmentMarksTrailingSubstitutionAsPromotionEligibleHighConfidence]' passed (0.000 seconds).
Test Case '-[KeyboardCoreTests.TypoCorrectionTests testAssessmentRejectsShortInputLongCandidateAndNormalCandidateConflict]' started.
Test Case '-[KeyboardCoreTests.TypoCorrectionTests testAssessmentRejectsShortInputLongCandidateAndNormalCandidateConflict]' passed (0.000 seconds).
Test Case '-[KeyboardCoreTests.TypoCorrectionTests testAssessmentRejectsUnsafeMiddleReplacement]' started.
Test Case '-[KeyboardCoreTests.TypoCorrectionTests testAssessmentRejectsUnsafeMiddleReplacement]' passed (0.000 seconds).
Test Case '-[KeyboardCoreTests.TypoCorrectionTests testBenchmarkDocumentsCurrentCorrectionCoverage]' started.
Test Case '-[KeyboardCoreTests.TypoCorrectionTests testBenchmarkDocumentsCurrentCorrectionCoverage]' passed (0.004 seconds).
Test Case '-[KeyboardCoreTests.TypoCorrectionTests testBenchmarkDocumentsCurrentPromotionCoverage]' started.
Test Case '-[KeyboardCoreTests.TypoCorrectionTests testBenchmarkDocumentsCurrentPromotionCoverage]' passed (0.000 seconds).
Test Case '-[KeyboardCoreTests.TypoCorrectionTests testContextualEngineBuildsBoundedTwoErrorSentenceHypotheses]' started.
Test Case '-[KeyboardCoreTests.TypoCorrectionTests testContextualEngineBuildsBoundedTwoErrorSentenceHypotheses]' passed (0.094 seconds).
Test Case '-[KeyboardCoreTests.TypoCorrectionTests testContextualEngineSkipsShortAndOversizedCompositions]' started.
Test Case '-[KeyboardCoreTests.TypoCorrectionTests testContextualEngineSkipsShortAndOversizedCompositions]' passed (0.000 seconds).
Test Case '-[KeyboardCoreTests.TypoCorrectionTests testContextualMultiEditSentenceIsDisplayOnly]' started.
Test Case '-[KeyboardCoreTests.TypoCorrectionTests testContextualMultiEditSentenceIsDisplayOnly]' passed (0.000 seconds).
Test Case '-[KeyboardCoreTests.TypoCorrectionTests testControllerBuildsCorrectionStateForInitialMistouch]' started.
Test Case '-[KeyboardCoreTests.TypoCorrectionTests testControllerBuildsCorrectionStateForInitialMistouch]' passed (0.000 seconds).
Test Case '-[KeyboardCoreTests.TypoCorrectionTests testControllerBuildsCorrectionStateForLongMiddleMistouch]' started.
Test Case '-[KeyboardCoreTests.TypoCorrectionTests testControllerBuildsCorrectionStateForLongMiddleMistouch]' passed (0.001 seconds).
Test Case '-[KeyboardCoreTests.TypoCorrectionTests testControllerBuildsCorrectionStateForMiddleMistouch]' started.
Test Case '-[KeyboardCoreTests.TypoCorrectionTests testControllerBuildsCorrectionStateForMiddleMistouch]' passed (0.000 seconds).
Test Case '-[KeyboardCoreTests.TypoCorrectionTests testControllerBuildsCorrectionStateForRepeatedFinalCharacter]' started.
Test Case '-[KeyboardCoreTests.TypoCorrectionTests testControllerBuildsCorrectionStateForRepeatedFinalCharacter]' passed (0.000 seconds).
Test Case '-[KeyboardCoreTests.TypoCorrectionTests testControllerBuildsCorrectionStateWhenRimeHasNoCandidates]' started.
Test Case '-[KeyboardCoreTests.TypoCorrectionTests testControllerBuildsCorrectionStateWhenRimeHasNoCandidates]' passed (0.000 seconds).
Test Case '-[KeyboardCoreTests.TypoCorrectionTests testControllerBuildsHighConfidenceCorrectionFromSegmentedRimePreedit]' started.
Test Case '-[KeyboardCoreTests.TypoCorrectionTests testControllerBuildsHighConfidenceCorrectionFromSegmentedRimePreedit]' passed (0.000 seconds).
Test Case '-[KeyboardCoreTests.TypoCorrectionTests testControllerBuildsHighConfidenceCorrectionWhenRimeHasLongExpansionCandidates]' started.
Test Case '-[KeyboardCoreTests.TypoCorrectionTests testControllerBuildsHighConfidenceCorrectionWhenRimeHasLongExpansionCandidates]' passed (0.000 seconds).
Test Case '-[KeyboardCoreTests.TypoCorrectionTests testControllerCanEnableExperimentalInsertionForLocalValidation]' started.
Test Case '-[KeyboardCoreTests.TypoCorrectionTests testControllerCanEnableExperimentalInsertionForLocalValidation]' passed (0.000 seconds).
Test Case '-[KeyboardCoreTests.TypoCorrectionTests testControllerDoesNotBuildCorrectionForValidNihaoInput]' started.
Test Case '-[KeyboardCoreTests.TypoCorrectionTests testControllerDoesNotBuildCorrectionForValidNihaoInput]' passed (0.000 seconds).
Test Case '-[KeyboardCoreTests.TypoCorrectionTests testControllerKeepsExperimentalInsertionDisabledByDefault]' started.
Test Case '-[KeyboardCoreTests.TypoCorrectionTests testControllerKeepsExperimentalInsertionDisabledByDefault]' passed (0.000 seconds).
Test Case '-[KeyboardCoreTests.TypoCorrectionTests testControllerRecordsEligibleExperimentalCandidateSelections]' started.
Test Case '-[KeyboardCoreTests.TypoCorrectionTests testControllerRecordsEligibleExperimentalCandidateSelections]' passed (0.000 seconds).
Test Case '-[KeyboardCoreTests.TypoCorrectionTests testControllerUsesDedicatedQueryForContextualRecovery]' started.
Test Case '-[KeyboardCoreTests.TypoCorrectionTests testControllerUsesDedicatedQueryForContextualRecovery]' passed (0.191 seconds).
Test Case '-[KeyboardCoreTests.TypoCorrectionTests testCorrectionLogicDoesNotSuppressNormalCandidatesWithoutHighConfidenceCorrection]' started.
Test Case '-[KeyboardCoreTests.TypoCorrectionTests testCorrectionLogicDoesNotSuppressNormalCandidatesWithoutHighConfidenceCorrection]' passed (0.001 seconds).
Test Case '-[KeyboardCoreTests.TypoCorrectionTests testCorrectionStateIsNotKeptWhenNormalRimeCandidateAlreadyMatchesCorrection]' started.
Test Case '-[KeyboardCoreTests.TypoCorrectionTests testCorrectionStateIsNotKeptWhenNormalRimeCandidateAlreadyMatchesCorrection]' passed (0.000 seconds).
Test Case '-[KeyboardCoreTests.TypoCorrectionTests testEngineLimitsGeneratedSuggestionCount]' started.
Test Case '-[KeyboardCoreTests.TypoCorrectionTests testEngineLimitsGeneratedSuggestionCount]' passed (0.000 seconds).
Test Case '-[KeyboardCoreTests.TypoCorrectionTests testEnginePrioritizesLongMiddleMistouchWithinLookupWindow]' started.
Test Case '-[KeyboardCoreTests.TypoCorrectionTests testEnginePrioritizesLongMiddleMistouchWithinLookupWindow]' passed (0.000 seconds).
Test Case '-[KeyboardCoreTests.TypoCorrectionTests testEngineSkipsSingleCharacterInput]' started.
Test Case '-[KeyboardCoreTests.TypoCorrectionTests testEngineSkipsSingleCharacterInput]' passed (0.000 seconds).
Test Case '-[KeyboardCoreTests.TypoCorrectionTests testEngineSkipsUnsafeMiddleVowelConsonantReplacement]' started.
Test Case '-[KeyboardCoreTests.TypoCorrectionTests testEngineSkipsUnsafeMiddleVowelConsonantReplacement]' passed (0.000 seconds).
Test Case '-[KeyboardCoreTests.TypoCorrectionTests testEngineSuggestsNearbyReplacementForInitialMistouch]' started.
Test Case '-[KeyboardCoreTests.TypoCorrectionTests testEngineSuggestsNearbyReplacementForInitialMistouch]' passed (0.000 seconds).
Test Case '-[KeyboardCoreTests.TypoCorrectionTests testEngineSuggestsNearbyReplacementForMiddleMistouch]' started.
Test Case '-[KeyboardCoreTests.TypoCorrectionTests testEngineSuggestsNearbyReplacementForMiddleMistouch]' passed (0.000 seconds).
Test Case '-[KeyboardCoreTests.TypoCorrectionTests testEngineSuggestsNearbyReplacementForTrailingMistouch]' started.
Test Case '-[KeyboardCoreTests.TypoCorrectionTests testEngineSuggestsNearbyReplacementForTrailingMistouch]' passed (0.000 seconds).
Test Case '-[KeyboardCoreTests.TypoCorrectionTests testEngineSuggestsRepeatedFinalCharacterDeletion]' started.
Test Case '-[KeyboardCoreTests.TypoCorrectionTests testEngineSuggestsRepeatedFinalCharacterDeletion]' passed (0.000 seconds).
Test Case '-[KeyboardCoreTests.TypoCorrectionTests testExperimentalSettingsDefaultToStableEdits]' started.
Test Case '-[KeyboardCoreTests.TypoCorrectionTests testExperimentalSettingsDefaultToStableEdits]' passed (0.000 seconds).
Test Case '-[KeyboardCoreTests.TypoCorrectionTests testExperimentalSettingsMapEnabledFlagsToEdits]' started.
Test Case '-[KeyboardCoreTests.TypoCorrectionTests testExperimentalSettingsMapEnabledFlagsToEdits]' passed (0.000 seconds).
Test Case '-[KeyboardCoreTests.TypoCorrectionTests testExperimentalTranspositionSuggestsLongPinyinSwap]' started.
Test Case '-[KeyboardCoreTests.TypoCorrectionTests testExperimentalTranspositionSuggestsLongPinyinSwap]' passed (0.000 seconds).
Test Case '-[KeyboardCoreTests.TypoCorrectionTests testInsertCorrectionCandidateCommitsTextAndClearsComposition]' started.
Test Case '-[KeyboardCoreTests.TypoCorrectionTests testInsertCorrectionCandidateCommitsTextAndClearsComposition]' passed (0.000 seconds).
Test Case '-[KeyboardCoreTests.TypoCorrectionTests testInsertCorrectionCandidateFromLongExpansionRimeStateCommitsTextAndClearsComposition]' started.
Test Case '-[KeyboardCoreTests.TypoCorrectionTests testInsertCorrectionCandidateFromLongExpansionRimeStateCommitsTextAndClearsComposition]' passed (0.000 seconds).
Test Case '-[KeyboardCoreTests.TypoCorrectionTests testInsertCorrectionCandidateFromSegmentedRimePreeditCommitsAndClearsComposition]' started.
Test Case '-[KeyboardCoreTests.TypoCorrectionTests testInsertCorrectionCandidateFromSegmentedRimePreeditCommitsAndClearsComposition]' passed (0.000 seconds).
Test Case '-[KeyboardCoreTests.TypoCorrectionTests testLearnedInsertionDoesNotOverrideRelatedNormalTopCandidate]' started.
Test Case '-[KeyboardCoreTests.TypoCorrectionTests testLearnedInsertionDoesNotOverrideRelatedNormalTopCandidate]' passed (0.000 seconds).
Test Case '-[KeyboardCoreTests.TypoCorrectionTests testLearningStoreBoundsAndExpiresRecords]' started.
Test Case '-[KeyboardCoreTests.TypoCorrectionTests testLearningStoreBoundsAndExpiresRecords]' passed (0.003 seconds).
Test Case '-[KeyboardCoreTests.TypoCorrectionTests testLearningStoreIgnoresMalformedPersistence]' started.
Test Case '-[KeyboardCoreTests.TypoCorrectionTests testLearningStoreIgnoresMalformedPersistence]' passed (0.001 seconds).
Test Case '-[KeyboardCoreTests.TypoCorrectionTests testLearningStoreRecordsInsertionAndTranspositionSelections]' started.
Test Case '-[KeyboardCoreTests.TypoCorrectionTests testLearningStoreRecordsInsertionAndTranspositionSelections]' passed (0.002 seconds).
Test Case '-[KeyboardCoreTests.TypoCorrectionTests testNormalNihaoCandidateSelectionBehaviorRemainsUnchanged]' started.
Test Case '-[KeyboardCoreTests.TypoCorrectionTests testNormalNihaoCandidateSelectionBehaviorRemainsUnchanged]' passed (0.000 seconds).
Test Case '-[KeyboardCoreTests.TypoCorrectionTests testNormalUnrelatedPinyinKeepsRimeCandidates]' started.
Test Case '-[KeyboardCoreTests.TypoCorrectionTests testNormalUnrelatedPinyinKeepsRimeCandidates]' passed (0.002 seconds).
Test Case '-[KeyboardCoreTests.TypoCorrectionTests testProgressiveRecallPlanContainsSeparatedTwoErrorCorrection]' started.
Test Case '-[KeyboardCoreTests.TypoCorrectionTests testProgressiveRecallPlanContainsSeparatedTwoErrorCorrection]' passed (0.251 seconds).
Test Case '-[KeyboardCoreTests.TypoCorrectionTests testProgressiveRecallPlanKeepsHypothesesAndBatchesBounded]' started.
Test Case '-[KeyboardCoreTests.TypoCorrectionTests testProgressiveRecallPlanKeepsHypothesesAndBatchesBounded]' passed (0.251 seconds).
Test Case '-[KeyboardCoreTests.TypoCorrectionTests testProgressiveRecallPlanPreservesInputLengthBoundary]' started.
Test Case '-[KeyboardCoreTests.TypoCorrectionTests testProgressiveRecallPlanPreservesInputLengthBoundary]' passed (0.000 seconds).
Test Case '-[KeyboardCoreTests.TypoCorrectionTests testRankerDoesNotPromoteLowConfidenceMultiEditCorrection]' started.
Test Case '-[KeyboardCoreTests.TypoCorrectionTests testRankerDoesNotPromoteLowConfidenceMultiEditCorrection]' passed (0.000 seconds).
Test Case '-[KeyboardCoreTests.TypoCorrectionTests testRankerDoesNotPromoteRepeatedFinalDeletionCorrection]' started.
Test Case '-[KeyboardCoreTests.TypoCorrectionTests testRankerDoesNotPromoteRepeatedFinalDeletionCorrection]' passed (0.000 seconds).
Test Case '-[KeyboardCoreTests.TypoCorrectionTests testRankerLeavesNormalNihaoInputUnchangedWithoutCorrectionItems]' started.
Test Case '-[KeyboardCoreTests.TypoCorrectionTests testRankerLeavesNormalNihaoInputUnchangedWithoutCorrectionItems]' passed (0.000 seconds).
Test Case '-[KeyboardCoreTests.TypoCorrectionTests testRankerPlacesConservativeInsertionNearFrontWithoutReplacingTopCandidate]' started.
Test Case '-[KeyboardCoreTests.TypoCorrectionTests testRankerPlacesConservativeInsertionNearFrontWithoutReplacingTopCandidate]' passed (0.000 seconds).
Test Case '-[KeyboardCoreTests.TypoCorrectionTests testRankerPlacesInitialMistouchCorrectionNearFrontWithoutReplacingTopCandidate]' started.
Test Case '-[KeyboardCoreTests.TypoCorrectionTests testRankerPlacesInitialMistouchCorrectionNearFrontWithoutReplacingTopCandidate]' passed (0.000 seconds).
Test Case '-[KeyboardCoreTests.TypoCorrectionTests testRankerPlacesLongMiddleMistouchNearFrontWithoutReplacingTopCandidate]' started.
Test Case '-[KeyboardCoreTests.TypoCorrectionTests testRankerPlacesLongMiddleMistouchNearFrontWithoutReplacingTopCandidate]' passed (0.000 seconds).
Test Case '-[KeyboardCoreTests.TypoCorrectionTests testRankerPlacesMiddleMistouchCorrectionNearFrontAndDropsDuplicateNormalCandidate]' started.
Test Case '-[KeyboardCoreTests.TypoCorrectionTests testRankerPlacesMiddleMistouchCorrectionNearFrontAndDropsDuplicateNormalCandidate]' passed (0.000 seconds).
Test Case '-[KeyboardCoreTests.TypoCorrectionTests testRankerPlacesTranspositionCorrectionNearFrontWithoutReplacingTopCandidate]' started.
Test Case '-[KeyboardCoreTests.TypoCorrectionTests testRankerPlacesTranspositionCorrectionNearFrontWithoutReplacingTopCandidate]' passed (0.000 seconds).
Test Case '-[KeyboardCoreTests.TypoCorrectionTests testRankerPreservesNormalCandidateOrderForUnrelatedInput]' started.
Test Case '-[KeyboardCoreTests.TypoCorrectionTests testRankerPreservesNormalCandidateOrderForUnrelatedInput]' passed (0.000 seconds).
Test Case '-[KeyboardCoreTests.TypoCorrectionTests testRankerPromotesCorrectionBeforeLongExpansionAndDropsDuplicateNormalCandidate]' started.
Test Case '-[KeyboardCoreTests.TypoCorrectionTests testRankerPromotesCorrectionBeforeLongExpansionAndDropsDuplicateNormalCandidate]' passed (0.000 seconds).
Test Case '-[KeyboardCoreTests.TypoCorrectionTests testRankerPromotesInsertionAfterThreeExplicitSelections]' started.
Test Case '-[KeyboardCoreTests.TypoCorrectionTests testRankerPromotesInsertionAfterThreeExplicitSelections]' passed (0.000 seconds).
Test Case '-[KeyboardCoreTests.TypoCorrectionTests testRankerPromotesNihaoBeforeLongExpansionForTrailingMistouch]' started.
Test Case '-[KeyboardCoreTests.TypoCorrectionTests testRankerPromotesNihaoBeforeLongExpansionForTrailingMistouch]' passed (0.000 seconds).
Test Case '-[KeyboardCoreTests.TypoCorrectionTests testRankerPromotesTranspositionAfterThreeExplicitSelections]' started.
Test Case '-[KeyboardCoreTests.TypoCorrectionTests testRankerPromotesTranspositionAfterThreeExplicitSelections]' passed (0.000 seconds).
Test Case '-[KeyboardCoreTests.TypoCorrectionTests testRankerUsesLearnedInsertionSelectionsToOrderNearFrontCandidates]' started.
Test Case '-[KeyboardCoreTests.TypoCorrectionTests testRankerUsesLearnedInsertionSelectionsToOrderNearFrontCandidates]' passed (0.000 seconds).
Test Case '-[KeyboardCoreTests.TypoCorrectionTests testTranspositionDropsEntireSuggestionWhenNormalTopMatchesCorrectedBestCandidate]' started.
Test Case '-[KeyboardCoreTests.TypoCorrectionTests testTranspositionDropsEntireSuggestionWhenNormalTopMatchesCorrectedBestCandidate]' passed (0.000 seconds).
Test Case '-[KeyboardCoreTests.TypoCorrectionTests testValidNormalInputIsNotReplacedByCorrectionSuggestion]' started.
Test Case '-[KeyboardCoreTests.TypoCorrectionTests testValidNormalInputIsNotReplacedByCorrectionSuggestion]' passed (0.000 seconds).
Test Suite 'TypoCorrectionTests' passed at 2026-10-01 08:07:34.002.
	 Executed 64 tests, with 0 failures (0 unexpected) in 0.809 (0.814) seconds
Test Suite 'UnzipArchiveReadingTests' started at 2026-10-01 08:07:34.002.
Test Case '-[KeyboardCoreTests.UnzipArchiveReadingTests testExtractDeflateMethod]' started.
Test Case '-[KeyboardCoreTests.UnzipArchiveReadingTests testExtractDeflateMethod]' passed (0.004 seconds).
Test Case '-[KeyboardCoreTests.UnzipArchiveReadingTests testExtractDeflateMethodChineseContent]' started.
Test Case '-[KeyboardCoreTests.UnzipArchiveReadingTests testExtractDeflateMethodChineseContent]' passed (0.000 seconds).
Test Case '-[KeyboardCoreTests.UnzipArchiveReadingTests testExtractDirectoryEntrySkipped]' started.
Test Case '-[KeyboardCoreTests.UnzipArchiveReadingTests testExtractDirectoryEntrySkipped]' passed (0.000 seconds).
Test Case '-[KeyboardCoreTests.UnzipArchiveReadingTests testExtractEOCDInCentralDir]' started.
Test Case '-[KeyboardCoreTests.UnzipArchiveReadingTests testExtractEOCDInCentralDir]' passed (0.000 seconds).
Test Case '-[KeyboardCoreTests.UnzipArchiveReadingTests testExtractEOCDWithComment]' started.
Test Case '-[KeyboardCoreTests.UnzipArchiveReadingTests testExtractEOCDWithComment]' passed (0.000 seconds).
Test Case '-[KeyboardCoreTests.UnzipArchiveReadingTests testExtractEOCDWithMaxComment]' started.
Test Case '-[KeyboardCoreTests.UnzipArchiveReadingTests testExtractEOCDWithMaxComment]' passed (0.000 seconds).
Test Case '-[KeyboardCoreTests.UnzipArchiveReadingTests testExtractMultipleStoreEntries]' started.
Test Case '-[KeyboardCoreTests.UnzipArchiveReadingTests testExtractMultipleStoreEntries]' passed (0.000 seconds).
Test Case '-[KeyboardCoreTests.UnzipArchiveReadingTests testExtractRealSystemZipStore]' started.
  adding: test.txt (stored 0%)
Test Case '-[KeyboardCoreTests.UnzipArchiveReadingTests testExtractRealSystemZipStore]' passed (0.068 seconds).
Test Case '-[KeyboardCoreTests.UnzipArchiveReadingTests testExtractStoreMethod]' started.
Test Case '-[KeyboardCoreTests.UnzipArchiveReadingTests testExtractStoreMethod]' passed (0.000 seconds).
Test Case '-[KeyboardCoreTests.UnzipArchiveReadingTests testExtractStoreMethodBinaryContent]' started.
Test Case '-[KeyboardCoreTests.UnzipArchiveReadingTests testExtractStoreMethodBinaryContent]' passed (0.001 seconds).
Test Case '-[KeyboardCoreTests.UnzipArchiveReadingTests testExtractStoreMethodChineseFilename]' started.
Test Case '-[KeyboardCoreTests.UnzipArchiveReadingTests testExtractStoreMethodChineseFilename]' passed (0.000 seconds).
Test Case '-[KeyboardCoreTests.UnzipArchiveReadingTests testExtractStoreMethodEmptyContent]' started.
Test Case '-[KeyboardCoreTests.UnzipArchiveReadingTests testExtractStoreMethodEmptyContent]' passed (0.000 seconds).
Test Suite 'UnzipArchiveReadingTests' passed at 2026-10-01 08:07:34.078.
	 Executed 12 tests, with 0 failures (0 unexpected) in 0.075 (0.076) seconds
Test Suite 'UnzipBinaryReaderTests' started at 2026-10-01 08:07:34.078.
Test Case '-[KeyboardCoreTests.UnzipBinaryReaderTests testBinaryReaderOutOfBounds]' started.
Test Case '-[KeyboardCoreTests.UnzipBinaryReaderTests testBinaryReaderOutOfBounds]' passed (0.000 seconds).
Test Case '-[KeyboardCoreTests.UnzipBinaryReaderTests testBinaryReaderOutOfBoundsReadData]' started.
Test Case '-[KeyboardCoreTests.UnzipBinaryReaderTests testBinaryReaderOutOfBoundsReadData]' passed (0.000 seconds).
Test Case '-[KeyboardCoreTests.UnzipBinaryReaderTests testBinaryReaderReadData]' started.
Test Case '-[KeyboardCoreTests.UnzipBinaryReaderTests testBinaryReaderReadData]' passed (0.000 seconds).
Test Case '-[KeyboardCoreTests.UnzipBinaryReaderTests testBinaryReaderReadString]' started.
Test Case '-[KeyboardCoreTests.UnzipBinaryReaderTests testBinaryReaderReadString]' passed (0.000 seconds).
Test Case '-[KeyboardCoreTests.UnzipBinaryReaderTests testBinaryReaderReadUInt16]' started.
Test Case '-[KeyboardCoreTests.UnzipBinaryReaderTests testBinaryReaderReadUInt16]' passed (0.000 seconds).
Test Case '-[KeyboardCoreTests.UnzipBinaryReaderTests testBinaryReaderReadUInt32]' started.
Test Case '-[KeyboardCoreTests.UnzipBinaryReaderTests testBinaryReaderReadUInt32]' passed (0.000 seconds).
Test Case '-[KeyboardCoreTests.UnzipBinaryReaderTests testBinaryReaderSkip]' started.
Test Case '-[KeyboardCoreTests.UnzipBinaryReaderTests testBinaryReaderSkip]' passed (0.000 seconds).
Test Case '-[KeyboardCoreTests.UnzipBinaryReaderTests testEntryInitialization]' started.
Test Case '-[KeyboardCoreTests.UnzipBinaryReaderTests testEntryInitialization]' passed (0.000 seconds).
Test Case '-[KeyboardCoreTests.UnzipBinaryReaderTests testErrorBadFormat]' started.
Test Case '-[KeyboardCoreTests.UnzipBinaryReaderTests testErrorBadFormat]' passed (0.000 seconds).
Test Case '-[KeyboardCoreTests.UnzipBinaryReaderTests testErrorCannotOpen]' started.
Test Case '-[KeyboardCoreTests.UnzipBinaryReaderTests testErrorCannotOpen]' passed (0.000 seconds).
Test Case '-[KeyboardCoreTests.UnzipBinaryReaderTests testErrorDecompressionFailed]' started.
Test Case '-[KeyboardCoreTests.UnzipBinaryReaderTests testErrorDecompressionFailed]' passed (0.000 seconds).
Test Case '-[KeyboardCoreTests.UnzipBinaryReaderTests testErrorTooLarge]' started.
Test Case '-[KeyboardCoreTests.UnzipBinaryReaderTests testErrorTooLarge]' passed (0.000 seconds).
Test Case '-[KeyboardCoreTests.UnzipBinaryReaderTests testErrorUnsupportedMethod]' started.
Test Case '-[KeyboardCoreTests.UnzipBinaryReaderTests testErrorUnsupportedMethod]' passed (0.000 seconds).
Test Case '-[KeyboardCoreTests.UnzipBinaryReaderTests testMaxUncompressedSizeConstant]' started.
Test Case '-[KeyboardCoreTests.UnzipBinaryReaderTests testMaxUncompressedSizeConstant]' passed (0.000 seconds).
Test Suite 'UnzipBinaryReaderTests' passed at 2026-10-01 08:07:34.081.
	 Executed 14 tests, with 0 failures (0 unexpected) in 0.002 (0.003) seconds
Test Suite 'UnzipExtractionErrorTests' started at 2026-10-01 08:07:34.081.
Test Case '-[KeyboardCoreTests.UnzipExtractionErrorTests testExtractBadEOCDSignature]' started.
Test Case '-[KeyboardCoreTests.UnzipExtractionErrorTests testExtractBadEOCDSignature]' passed (0.000 seconds).
Test Case '-[KeyboardCoreTests.UnzipExtractionErrorTests testExtractBadLocalFileOffset]' started.
Test Case '-[KeyboardCoreTests.UnzipExtractionErrorTests testExtractBadLocalFileOffset]' passed (0.000 seconds).
Test Case '-[KeyboardCoreTests.UnzipExtractionErrorTests testExtractBadLocalFileSignature]' started.
Test Case '-[KeyboardCoreTests.UnzipExtractionErrorTests testExtractBadLocalFileSignature]' passed (0.000 seconds).
Test Case '-[KeyboardCoreTests.UnzipExtractionErrorTests testExtractCorruptedDeflateData]' started.
Test Case '-[KeyboardCoreTests.UnzipExtractionErrorTests testExtractCorruptedDeflateData]' passed (0.000 seconds).
Test Case '-[KeyboardCoreTests.UnzipExtractionErrorTests testExtractEmptyData]' started.
Test Case '-[KeyboardCoreTests.UnzipExtractionErrorTests testExtractEmptyData]' passed (0.000 seconds).
Test Case '-[KeyboardCoreTests.UnzipExtractionErrorTests testExtractEOCDAtMinimumPosition]' started.
Test Case '-[KeyboardCoreTests.UnzipExtractionErrorTests testExtractEOCDAtMinimumPosition]' passed (0.000 seconds).
Test Case '-[KeyboardCoreTests.UnzipExtractionErrorTests testExtractIncludesEmptyStoredFiles]' started.
Test Case '-[KeyboardCoreTests.UnzipExtractionErrorTests testExtractIncludesEmptyStoredFiles]' passed (0.000 seconds).
Test Case '-[KeyboardCoreTests.UnzipExtractionErrorTests testExtractInvalidCentralDirOffset]' started.
Test Case '-[KeyboardCoreTests.UnzipExtractionErrorTests testExtractInvalidCentralDirOffset]' passed (0.000 seconds).
Test Case '-[KeyboardCoreTests.UnzipExtractionErrorTests testExtractNoEOCD]' started.
Test Case '-[KeyboardCoreTests.UnzipExtractionErrorTests testExtractNoEOCD]' passed (0.000 seconds).
Test Case '-[KeyboardCoreTests.UnzipExtractionErrorTests testExtractRejectsUnixSymbolicLinkEntry]' started.
Test Case '-[KeyboardCoreTests.UnzipExtractionErrorTests testExtractRejectsUnixSymbolicLinkEntry]' passed (0.000 seconds).
Test Case '-[KeyboardCoreTests.UnzipExtractionErrorTests testExtractRejectsUnsafePathBeforeWritingOutsideDestination]' started.
Test Case '-[KeyboardCoreTests.UnzipExtractionErrorTests testExtractRejectsUnsafePathBeforeWritingOutsideDestination]' passed (0.001 seconds).
Test Case '-[KeyboardCoreTests.UnzipExtractionErrorTests testExtractTooLargeUncompressedSize]' started.
Test Case '-[KeyboardCoreTests.UnzipExtractionErrorTests testExtractTooLargeUncompressedSize]' passed (0.000 seconds).
Test Case '-[KeyboardCoreTests.UnzipExtractionErrorTests testExtractTooSmallData]' started.
Test Case '-[KeyboardCoreTests.UnzipExtractionErrorTests testExtractTooSmallData]' passed (0.000 seconds).
Test Case '-[KeyboardCoreTests.UnzipExtractionErrorTests testExtractUnsupportedMethod]' started.
Test Case '-[KeyboardCoreTests.UnzipExtractionErrorTests testExtractUnsupportedMethod]' passed (0.000 seconds).
Test Case '-[KeyboardCoreTests.UnzipExtractionErrorTests testSafeRelativePathAcceptsUnicodeAndNestedFiles]' started.
Test Case '-[KeyboardCoreTests.UnzipExtractionErrorTests testSafeRelativePathAcceptsUnicodeAndNestedFiles]' passed (0.000 seconds).
Test Case '-[KeyboardCoreTests.UnzipExtractionErrorTests testSafeRelativePathRejectsTraversalAndAmbiguousAliases]' started.
Test Case '-[KeyboardCoreTests.UnzipExtractionErrorTests testSafeRelativePathRejectsTraversalAndAmbiguousAliases]' passed (0.000 seconds).
Test Suite 'UnzipExtractionErrorTests' passed at 2026-10-01 08:07:34.086.
	 Executed 16 tests, with 0 failures (0 unexpected) in 0.003 (0.005) seconds
Test Suite 'KeyboardCoreTests.xctest' passed at 2026-10-01 08:07:34.086.
	 Executed 1184 tests, with 0 failures (0 unexpected) in 19.537 (19.656) seconds
Test Suite 'All tests' passed at 2026-10-01 08:07:34.086.
	 Executed 1184 tests, with 0 failures (0 unexpected) in 19.537 (19.659) seconds
RECALL_PREFLIGHT_FRONTIER observations=[(12, nil), (16, nil), (24, Optional(54)), (32, Optional(55)), (40, Optional(55)), (48, Optional(55)), (60, Optional(55))]
􀟈  Test run started.
􀄵  Testing Library Version: 2084
􀄵  Target Platform: arm64e-apple-macos14.0
􁁛  Test run with 0 tests in 0 suites passed after 0.001 seconds.
